MA_natural_gas_combined_cycle,MA_solar_pv,CT_natural_gas_combined_cycle,CT_onshore_wind,CT_solar_pv,ME_natural_gas_combined_cycle,ME_onshore_wind,Time_Index
1,0.0,1,0.47914353950000005,0.0,1,0.816354803625,1
1,0.1779,1,0.329338044,0.2003,1,0.526324749,2
1,0.429,1,1.52e-05,0.4221,1,0.079201177,3
1,0.6146666666666666,1,0.029139781666666666,0.6148,1,0.014553042,4
1,0.54865,1,0.333835274,0.5667500000000001,1,0.026888937,5
1,0.3311,1,0.38522929,0.3369,1,0.089363858,6
1,0.0642,1,0.25948137,0.1068,1,0.198931903,7
1,0.0,1,0.7420385917333334,0.0,1,0.8546767353333332,8
1,0.16,1,0.655076563,0.1615,1,0.907849193,9
1,0.47172857142857144,1,0.9693009258571428,0.5121,1,0.888801941,10
1,0.01852941176470588,1,0.6275095615294117,0.018823529411764708,1,0.768834682,11
1,0.5487142857142857,1,0.9988984465714285,0.5653428571428571,1,0.9792567151428572,12
1,0.00856875,1,0.91403081275,0.01078125,1,0.94766675675,13
1,0.2277,1,0.378751755,0.2204,1,0.823099732,14
1,0.4502,1,0.383687705,0.4435,1,0.801250398,15
1,0.6046,1,0.43698281,0.5641,1,0.801717401,16
1,0.6320250000000001,1,0.00689722525,0.597025,1,0.2080309875,17
1,0.3343,1,0.002060085,0.305,1,0.071392164,18
1,0.028,1,5.04e-05,0.0783,1,0.033698864,19
1,0.00645625,1,0.3403152578125,0.0072125,1,0.4733780929375,20
1,0.2804,1,0.168909371,0.2997,1,0.372059673,21
1,0.48922,1,0.1721839116,0.49376,1,0.31797002560000004,22
1,0.02261764705882353,1,0.42315918147058823,0.02421764705882353,1,0.3873254154117647,23
1,0.1023,1,0.694941878,0.139,1,0.193684876,24
1,0.2939,1,0.832901537,0.4082,1,0.242370129,25
1,0.5036,1,0.784772754,0.5689,1,0.246076912,26
1,0.501425,1,0.4636591,0.5357249999999999,1,0.2296195815,27
1,0.012605882352941175,1,0.6822297047058824,0.015529411764705884,1,0.37473882647058826,28
1,0.1883,1,0.232314631,0.1888,1,0.156356975,29
1,0.4067,1,0.527668715,0.418,1,0.096909747,30
1,0.5478,1,0.643087626,0.5584,1,0.082197607,31
1,0.6400333333333333,1,0.5020546416666667,0.6571333333333333,1,0.10089192533333334,32
1,0.5093,1,0.640720606,0.5124,1,0.067702353,33
1,0.299,1,0.400899559,0.316,1,0.140837073,34
1,0.00345625,1,0.8321374208125,0.007175,1,0.5732093220000001,35
1,0.2056,1,0.796525359,0.1964,1,0.616902471,36
1,0.4097,1,0.6475963,0.35,1,0.659731388,37
1,0.54234,1,0.826787603,0.50158,1,0.47601063239999997,38
1,0.3605,1,0.424674869,0.3378,1,0.65806514,39
1,0.016388235294117648,1,0.4158669250588235,0.018376470588235296,1,0.4696244052941176,40
1,0.47357499999999997,1,0.022511263,0.50455,1,0.2412108405,41
1,0.7654,1,0.063318081,0.7914,1,0.1468952,42
1,0.4888,1,0.19853308800000002,0.5113,1,0.280227132,43
1,0.1541,1,0.409239978,0.1815,1,0.499451488,44
1,0.01068125,1,0.32602426831250003,0.0111125,1,0.8788765370625,45
1,0.3428,1,0.131348357,0.3614,1,0.802557707,46
1,0.4884,1,0.2746066,0.5374,1,0.7151353954999999,47
1,0.60345,1,0.419120267,0.5589,1,0.4981611965,48
1,0.5176,1,0.579014182,0.4279,1,0.620525122,49
1,0.03617777777777778,1,0.5177055981666666,0.0324,1,0.7318455717777778,50
1,0.48748571428571436,1,0.06239691242857143,0.5516285714285714,1,0.09400968471428571,51
1,0.1237,1,0.270353645,0.1352,1,0.076377168,52
1,0.018456097560975607,1,0.6345767492682928,0.037500000000000006,1,0.5832573869512195,53
1,0.2869,1,0.705251694,0.4189,1,0.396006346,54
1,0.4127,1,0.98025769,0.4948,1,0.389075994,55
1,0.5238666666666667,1,1.0,0.5097333333333334,1,0.6896954776666666,56
1,0.305,1,1.0,0.313,1,0.831212223,57
1,0.0061125,1,0.9809963777499999,0.0082375,1,0.967028655125,58
1,0.496375,1,0.9708023517500001,0.49455000000000005,1,0.974389799125,59
1,0.024488235294117647,1,0.9486004570588236,0.026335294117647057,1,0.8911010342941177,60
1,0.6124999999999999,1,0.9510361552857143,0.6259428571428571,1,0.9026769911428572,61
1,0.01239375,1,0.8413931328124999,0.01469375,1,0.9114787914375,62
1,0.2391,1,0.058440641,0.2371,1,0.694000363,63
1,0.4586,1,0.001883788,0.4656,1,0.494121283,64
1,0.6608333333333334,1,0.09016003966666668,0.6410666666666667,1,0.16977244633333333,65
1,0.6136,1,0.439520001,0.6058,1,0.120706722,66
1,0.4943,1,0.688237429,0.435,1,0.394359469,67
1,0.033342105263157895,1,0.8045963707368422,0.04279473684210527,1,0.7667099126315788,68
1,0.4188,1,0.31152537075000003,0.358275,1,0.11844785875000001,69
1,0.03438421052631579,1,0.8398986663157895,0.03693157894736842,1,0.772468365,70
1,0.5708285714285715,1,0.9998266101428571,0.5552142857142857,1,1.0,71
1,0.01305625,1,0.57743979925,0.01530625,1,0.7927570268124999,72
1,0.2198,1,0.097082593,0.2185,1,0.118688792,73
1,0.4112,1,0.001447127,0.3732,1,0.004833708,74
1,0.5755166666666667,1,0.05752877916666666,0.5882,1,0.04375388366666667,75
1,0.0105875,1,0.372250291375,0.0076,1,0.507290081875,76
1,0.2238,1,0.960820317,0.2158,1,0.577081442,77
1,0.4608,1,0.916780055,0.458,1,0.570028424,78
1,0.6266833333333334,1,0.8422714173333334,0.6402,1,0.8126382531666666,79
1,0.014466666666666666,1,0.3161320132,0.016560000000000002,1,0.7283000707999998,80
1,0.0573,1,0.23959353066666667,0.043166666666666666,1,0.07308706366666666,81
1,0.20346666666666666,1,0.7062200556666666,0.20156666666666667,1,0.030860248000000003,82
1,0.00059375,1,0.5693087205,0.00024375,1,0.5430396995625,83
1,0.2175,1,0.714665174,0.2258,1,0.545945764,84
1,0.4755,1,0.07824895314285715,0.5017571428571429,1,0.09993918342857143,85
1,0.012823529411764706,1,0.6266029179411765,0.01841764705882353,1,0.8118053287058824,86
1,0.3235,1,0.710196197,0.3044,1,0.936753988,87
1,0.3563,1,0.438852191,0.3022,1,0.894410849,88
1,0.3784,1,0.312287986,0.4041,1,0.729316831,89
1,0.05198571428571428,1,0.7399564655238094,0.05339047619047619,1,0.8704277673809523,90
1,0.3571,1,0.479748398,0.4284,1,0.73866868,91
1,0.60838,1,0.6694375752,0.6197600000000001,1,0.7020006302,92
1,0.3954,1,0.32747677,0.3732,1,0.737764895,93
1,0.022,1,0.7725539644705881,0.020729411764705885,1,0.8491009264117646,94
1,0.4091,1,0.641020477,0.359,1,0.902690589,95
1,0.48549999999999993,1,0.890877843,0.44632000000000005,1,0.9382262705999999,96
1,0.3475,1,0.568014443,0.3741,1,0.909573317,97
1,0.0116125,1,0.21077974456249998,0.0129375,1,0.7356799058125,98
1,0.1243,1,0.0,0.1448,1,0.628320456,99
1,0.3369,1,3.21e-06,0.381,1,0.540198147,100
1,0.45804,1,0.0032817662,0.3538,1,0.1645198988,101
1,0.1995,1,0.121261552,0.1831,1,0.027838761,102
1,0.0683,1,0.194417536,0.078,1,0.033720993,103
1,0.016664102564102563,1,0.602452088974359,0.019092307692307693,1,0.7623278949487179,104
1,0.2499,1,0.541716576,0.2267,1,0.878550053,105
1,0.4155,1,0.119267933,0.3616,1,0.718334675,106
1,0.51385,1,3.925e-05,0.46995,1,0.511076182,107
1,0.5597,1,0.021236544,0.6758,1,0.422075212,108
1,0.6671,1,0.279601127,0.7002,1,0.194490075,109
1,0.6148,1,0.46427834,0.6275,1,0.148848206,110
1,0.4365,1,0.974582016,0.3833,1,0.189681008,111
1,0.195,1,0.989060044,0.1751,1,0.334965825,112
1,0.0,1,0.8878044089333333,0.0,1,0.9325113892000001,113
1,0.2679,1,0.72623843,0.2674,1,0.997840822,114
1,0.5665,1,0.889192879375,0.57185,1,0.9609280822499999,115
1,0.0,1,0.9043272019333333,0.0,1,0.5600315848,116
1,0.2215,1,0.934025228,0.236,1,0.171693906,117
1,0.448,1,0.963687718,0.471,1,0.154558361,118
1,0.6102,1,0.932337642,0.6334,1,0.55537951,119
1,0.6827,1,0.949385643,0.7139,1,0.307744384,120
1,0.6601333333333333,1,0.669594586,0.6962666666666667,1,0.5124622983333333,121
1,0.4429,1,0.451758742,0.4924,1,0.400785506,122
1,0.01590714285714286,1,0.10849425807142857,0.01967142857142857,1,0.4348773382142857,123
1,0.0,1,0.223675385,0.0,1,0.090858147,124
1,0.11005,1,0.41562302399999995,0.117,1,0.20279970749999998,125
1,0.5694499999999999,1,0.3985088268333334,0.6135333333333334,1,0.13803699866666666,126
1,0.4038,1,0.901745558,0.4617,1,0.178833231,127
1,0.2062,1,0.877426207,0.2558,1,0.229911983,128
1,0.0,1,0.9356554659999999,0.0,1,0.341250228,129
1,0.09488125,1,0.8289866094062499,0.0957,1,0.3729759663125,130
1,0.1455,1,0.192936942,0.09,1,0.475307226,131
1,0.1498276595744681,1,0.6289426921489362,0.15906808510638298,1,0.5734375316170213,132
1,0.2573,1,0.501209259,0.2491,1,0.841629386,133
1,0.5664666666666667,1,0.7686685473333333,0.5509333333333334,1,0.6591196954999999,134
1,0.4084,1,0.866138339,0.3826,1,0.659323394,135
1,0.2368,1,0.60289675,0.213,1,0.794496119,136
1,0.01806875,1,0.172231168875,0.01675,1,0.761339035,137
1,0.5073,1,0.005770348,0.5038,1,0.511986375,138
1,0.70458,1,0.0430862422,0.71256,1,0.39777049699999995,139
1,0.110555,1,0.5874979465999999,0.11447,1,0.8364757746499999,140
1,0.7104666666666667,1,0.48507746066666674,0.7192000000000002,1,0.7869205873333334,141
1,0.12354285714285715,1,0.6898942011904763,0.13285714285714287,1,0.8042161501190476,142
1,0.2567,1,0.008239744,0.222,1,0.559066772,143
1,0.4516,1,7.35e-06,0.4091,1,0.582361579,144
1,0.60286,1,0.0024998862,0.58312,1,0.4416748762,145
1,0.3212,1,0.009501642,0.3287,1,0.650671899,146
1,0.1424,1,0.014184862,0.1264,1,0.872334957,147
1,0.1465560975609756,1,0.3470235365365854,0.15133414634146344,1,0.643711482097561,148
1,0.69685,1,0.168890588,0.7012499999999999,1,0.3706496955,149
1,0.7336,1,0.531124353,0.7351,1,0.250609905,150
1,0.5838,1,0.7590280573333333,0.5555333333333333,1,0.42066133999999994,151
1,0.2042,1,0.651688874,0.2264,1,0.576675177,152
1,0.09875454545454546,1,0.20682206190909092,0.11867727272727274,1,0.5177262804090907,153
1,0.3407,1,0.693327785,0.3912,1,0.905022025,154
1,0.13718500000000003,1,0.866783820475,0.1237425,1,0.9322802260749998,155
1,0.2662,1,0.975051701,0.2569,1,0.722848058,156
1,0.4829,1,0.962889194,0.4694,1,0.625542641,157
1,0.24780333333333332,1,0.46565801723333333,0.25479666666666667,1,0.4759362784,158
1,0.2249,1,0.056380223,0.2885,1,0.640562356,159
1,0.10076031746031748,1,0.2117991701746032,0.1050825396825397,1,0.3124640016507937,160
1,0.1131,1,0.254971772,0.1509,1,0.457778186,161
1,0.16651739130434784,1,0.6658401139565217,0.18373043478260867,1,0.6368365910869563,162
1,0.3334,1,0.172121212,0.3332,1,0.837952256,163
1,0.535,1,0.189258426,0.5359,1,0.866155028,164
1,0.7087666666666667,1,0.2595804233333333,0.6945,1,0.802916368,165
1,0.6576500000000001,1,0.3960837125,0.5592,1,0.781677127,166
1,0.4635,1,0.455034077,0.406,1,0.772954941,167
1,0.2577,1,0.515170276,0.2966,1,0.839647532,168
1,0.007386666666666666,1,0.6220213908000001,0.010866666666666667,1,0.9188239535999999,169
1,0.3412,1,0.288212121,0.3487,1,0.887858212,170
1,0.5422,1,0.155730009,0.5498,1,0.822203994,171
1,0.72362,1,0.1605651242,0.73216,1,0.8169329046,172
1,0.5364,1,0.124641761,0.5699,1,0.869581223,173
1,0.3355,1,0.099795096,0.3757,1,0.825406313,174
1,0.16646904761904763,1,0.46958102259523815,0.1669285714285714,1,0.7369361996904762,175
1,0.6814,1,0.309798121,0.6478,1,0.093227565,176
1,0.13111428571428568,1,0.7244344311904762,0.12751904761904762,1,0.7273011121904762,177
1,0.4612,1,0.405288935,0.4876,1,0.383409858,178
1,0.17562745098039217,1,0.6003488293137255,0.18695294117647057,1,0.6086859736470588,179
1,0.5094,1,0.508688331,0.4879,1,0.28697747,180
1,0.21336999999999995,1,0.8918496918400003,0.21855999999999995,1,0.8674017977799999,181
1,0.3664,1,0.73041904,0.4051,1,0.996803105,182
1,0.00775,1,0.2603501402857143,0.010671428571428571,1,0.6833557102857143,183
1,0.1125,1,0.724307418,0.1173,1,0.110993996,184
1,0.356,1,0.736622632,0.3683,1,0.169781238,185
1,0.6019666666666668,1,0.5181500316666666,0.6032,1,0.220440234,186
1,0.469925,1,0.81233960375,0.49075,1,0.35479384675000003,187
1,0.2309,1,0.880331218,0.2484,1,0.601849139,188
1,0.14216363636363638,1,0.7411950248363635,0.14886000000000002,1,0.7237192430909092,189
1,0.0,1,0.22301612414285715,0.0,1,0.2900285827142857,190
1,0.08,1,0.00658526,0.0821,1,0.189377084,191
1,0.2855,1,0.00687803,0.3,1,0.201831952,192
1,0.4523142857142857,1,0.06570382599999999,0.45662857142857144,1,0.15956026971428572,193
1,0.2223,1,0.183567837,0.1751,1,0.356282949,194
1,0.04316818181818182,1,0.5276466088636363,0.04434090909090909,1,0.8278588964545454,195
1,0.2702,1,0.8455016315,0.3447,1,0.43650825299999996,196
1,0.0854948717948718,1,0.5116467795897436,0.09537179487179487,1,0.6293446039743589,197
1,0.3806,1,0.536517859,0.3948,1,0.634433985,198
1,0.5627,1,0.646394074,0.584,1,0.647287786,199
1,0.7282500000000001,1,0.9180124105,0.74655,1,0.7360566255000001,200
1,0.7455,1,0.594976008,0.7661,1,0.478141487,201
1,0.73485,1,0.7869374455,0.75705,1,0.713390857,202
1,0.5753,1,0.813318789,0.5992,1,0.83897388,203
1,0.3772,1,0.930550635,0.4054,1,0.861451507,204
1,0.1252,1,0.87779361,0.1689,1,0.960448265,205
1,0.0,1,0.9964570105,0.0,1,0.801267028,206
1,0.0,1,0.6848690752727273,0.0,1,0.8008554687272728,207
1,0.156,1,0.570405245,0.166,1,0.758821309,208
1,0.404,1,0.424727678,0.415,1,0.766903937,209
1,0.5895,1,0.04422532,0.5985,1,0.158545822,210
1,0.7503666666666667,1,0.29962677266666665,0.7515666666666667,1,0.441562583,211
1,0.605625,1,0.053048633,0.6257499999999999,1,0.20425014549999998,212
1,0.1256,1,0.073937908,0.1663,1,0.411970258,213
1,0.0,1,0.268713072,0.0,1,0.4689228385,214
1,0.0,1,0.590696812,0.0,1,0.320417523,215
1,0.0,1,0.940650821,0.0,1,0.250929922,216
1,0.0,1,0.986708522,0.0,1,0.196168274,217
1,0.051629999999999995,1,0.9772131024,0.0531,1,0.7127646983,218
1,0.555,1,0.977611303,0.5632,1,0.658175886,219
1,0.31042068965517244,1,0.8750140811379312,0.31543793103448275,1,0.8254739601034482,220
1,0.5003,1,0.997570157,0.4194,1,0.642984033,221
1,0.2563,1,0.928186834,0.2272,1,0.659290433,222
1,0.040764705882352946,1,0.9775589633529411,0.04847058823529412,1,0.8847358438235293,223
1,0.5885,1,0.872631371,0.59205,1,0.8750795425,224
1,0.3029555555555555,1,0.44579139444444443,0.3342222222222222,1,0.6437060236666666,225
1,0.0,1,0.916667819,0.0,1,0.467513978,226
1,0.0,1,0.8840735023333334,0.0,1,0.3966053543333333,227
1,0.1557,1,0.938784659,0.1773,1,0.49563694,228
1,0.3873,1,1.0,0.4252,1,0.375570089,229
1,0.5217,1,1.0,0.6064,1,0.265338719,230
1,0.5533,1,0.512392402,0.672,1,0.042529028,231
1,0.5509,1,0.880256116,0.662,1,0.043171629,232
1,0.5609,1,0.636457384,0.6731,1,0.099847563,233
1,0.11097777777777777,1,0.2845654848333334,0.13692777777777781,1,0.2742602157777778,234
1,0.1634,1,0.904002309,0.1727,1,0.947718859,235
1,0.3936,1,0.959290564,0.403,1,0.855734825,236
1,0.5714,1,0.997889757,0.5786,1,0.781125665,237
1,0.71824,1,0.8437740208000001,0.72312,1,0.4416842998,238
1,0.5494,1,0.918886721,0.582,1,0.360668629,239
1,0.3596,1,0.893582225,0.4025,1,0.36010474,240
1,0.1252,1,0.785220444,0.1701,1,0.591436982,241
1,0.2272045454545454,1,0.5977138192727273,0.2269363636363636,1,0.6263063668636364,242
1,0.2529,1,0.466974974,0.2714,1,0.033043709,243
1,0.015125,1,0.45567488675,0.03,1,0.073867172,244
1,0.0,1,0.72546494,0.0,1,0.095217265,245
1,0.0,1,0.649517715,0.0,1,0.076705948,246
1,0.20660499999999998,1,0.52850889715,0.22640500000000002,1,0.3957012873,247
1,0.5104,1,0.974222183,0.5953,1,0.118479937,248
1,0.3224,1,0.923883617,0.4131,1,0.108378366,249
1,0.1758695652173913,1,0.21193603869565222,0.1930391304347826,1,0.20812065186956524,250
1,0.2737,1,0.288483322,0.2548,1,0.124753639,251
1,0.12984193548387096,1,0.23924499758064516,0.13635483870967743,1,0.4709930552741935,252
1,0.1781,1,0.430206776,0.1668,1,0.878085494,253
1,0.3859,1,0.129357621,0.3594,1,0.643517971,254
1,0.534,1,0.047776371,0.4832,1,0.47891295,255
1,0.6896800000000001,1,0.0321999746,0.67638,1,0.45411699419999996,256
1,0.5358,1,0.110267431,0.5711,1,0.521883607,257
1,0.3592,1,0.216820419,0.4068,1,0.66914618,258
1,0.1325,1,0.418335825,0.1851,1,0.727960706,259
1,0.1915325581395349,1,0.3585760467906977,0.1936372093023256,1,0.5582104373255814,260
1,0.3796,1,0.204491615,0.3642,1,0.839634836,261
1,0.555,1,0.022155629,0.5463,1,0.690602899,262
1,0.6862199999999999,1,0.08944241480000001,0.68726,1,0.6232106567999999,263
1,0.5221,1,0.247117937,0.5478,1,0.80558908,264
1,0.3484,1,0.302383065,0.3858,1,0.87547338,265
1,0.034562499999999996,1,0.625081785,0.03895,1,0.929296709625,266
1,0.4366,1,0.286065727,0.4241,1,0.956014991,267
1,0.5574,1,0.410449386,0.4843,1,0.987810135,268
1,0.6799249999999999,1,0.061563386,0.6072,1,0.996228829,269
1,0.5204,1,0.062138144,0.4946,1,0.99398303,270
1,0.3357,1,0.268422604,0.3379,1,0.999444008,271
1,0.008692857142857143,1,0.6244852457857144,0.010107142857142856,1,0.6829193724285715,272
1,0.1681,1,0.35289073,0.2003,1,0.043213755,273
1,0.43064,1,0.198581183,0.4577,1,0.1339386252,274
1,0.6303,1,0.238282189,0.6118,1,0.06855081,275
1,0.10597954545454545,1,0.3333243393636364,0.10966363636363638,1,0.3528412187954546,276
1,0.6960666666666667,1,1.0,0.7238666666666668,1,1.0,277
1,0.0761235294117647,1,0.9961393896470587,0.08515294117647058,1,0.9999895235882353,278
1,0.7356714285714288,1,0.949878054,0.7454,1,0.9916718004285715,279
1,0.12162250000000001,1,0.43868790674999997,0.1311925,1,0.42696042852500005,280
1,0.3867111111111111,1,0.9540708726666668,0.4086666666666667,1,0.2683093745555556,281
1,0.05279375,1,0.5804841565625,0.05836875,1,0.8480370081874999,282
1,0.7111333333333333,1,0.863604665,0.7174666666666667,1,0.963786006,283
1,0.7452,1,0.233608966,0.7528666666666667,1,0.979813854,284
1,0.5686,1,0.041244794,0.5963,1,0.912055016,285
1,0.3842,1,0.066162407,0.4179,1,0.875450015,286
1,0.15188545454545455,1,0.14260214925454545,0.1459890909090909,1,0.2200220901818182,287
1,0.0028857142857142857,1,0.7464597567142858,0.005042857142857142,1,0.24304068299999998,288
1,0.2003,1,0.360405654,0.2328,1,0.546043754,289
1,0.24182765957446808,1,0.7556784958297872,0.2608468085106383,1,0.8537211183404255,290
1,0.2141,1,0.623210013,0.2388,1,0.443347752,291
1,0.2359014084507042,1,0.7120013384084507,0.25740845070422536,1,0.8234193140845071,292
1,0.241,1,0.475962877,0.2745,1,0.428089738,293
1,0.4392,1,0.201170787,0.475,1,0.688214302,294
1,0.6086,1,0.351221025,0.6284,1,0.597006738,295
1,0.7459000000000001,1,0.6162370046666666,0.7620333333333335,1,0.5528044303333334,296
1,0.5141666666666667,1,0.8915465873333334,0.6384333333333333,1,0.8570213716666667,297
1,0.2808,1,0.89791584,0.3224,1,0.81540525,298
1,0.012592857142857142,1,0.2806447233571429,0.014657142857142856,1,0.5716928222142857,299
1,0.209,1,0.191697478,0.2357,1,0.47419405,300
1,0.3667,1,0.104705915,0.4154,1,0.78217864,301
1,0.47237142857142855,1,0.5175030868571429,0.6135,1,0.8290771841428571,302
1,0.3317,1,0.733738005,0.4108,1,0.86791718,303
1,0.1451,1,0.749747097,0.1975,1,0.767240405,304
1,0.0004916666666666666,1,0.9338667441666666,0.0035083333333333334,1,0.56396809225,305
1,0.0445,1,0.989968061,0.0573,1,0.31956315,306
1,0.20902083333333332,1,0.8384989735833334,0.20886666666666667,1,0.48422177504166664,307
1,0.2421,1,0.637812197,0.2731,1,0.2730335,308
1,0.5732375000000001,1,0.803840182625,0.562975,1,0.288071457375,309
1,0.23565,1,0.6086465715,0.2589,1,0.32808941599999997,310
1,0.0059,1,0.441532001,0.00805,1,0.36528109,311
1,0.0,1,0.723540962,0.0,1,0.339033753,312
1,0.0,1,0.5386975147499999,0.0,1,0.165670242375,313
1,0.0,1,0.84716779,0.0,1,0.117547646,314
1,0.0674,1,0.639957428,0.0783,1,0.091541469,315
1,0.2425,1,0.382031947,0.2579,1,0.06851235,316
1,0.4158,1,0.377838641,0.4056,1,0.033707358,317
1,0.527725,1,0.291149593875,0.536075,1,0.130134568875,318
1,0.141,1,0.478521466,0.1614,1,0.264879882,319
1,0.005407692307692308,1,0.49493547176923075,0.005938461538461539,1,0.6470380632307692,320
1,0.24,1,0.389255017,0.2571,1,0.539027035,321
1,0.4124,1,0.38474685,0.434,1,0.465032071,322
1,0.5078499999999999,1,0.61809638125,0.5271375,1,0.680544674375,323
1,0.1269,1,0.512844622,0.1757,1,0.31314072,324
1,0.25696956521739134,1,0.3298653045217392,0.26766956521739127,1,0.34571331199999994,325
1,0.1552,1,0.501161098,0.2129,1,0.478834957,326
1,0.008084615384615385,1,0.7843602254615383,0.012253846153846153,1,0.8858510714615384,327
1,0.2557,1,0.389777452,0.2751,1,0.487469882,328
1,0.5211,1,0.1108120455,0.53135,1,0.3936011495,329
1,0.7011,1,0.16502776925,0.7012,1,0.6045698375,330
1,0.5474,1,0.431952953,0.5647,1,0.704027712,331
1,0.3879,1,0.515062034,0.4475,1,0.663956642,332
1,0.2913,1,0.815573871,0.3432,1,0.46064049,333
1,0.1353,1,0.634752035,0.192,1,0.408913672,334
1,0.006046153846153846,1,0.7621763037692308,0.0076230769230769225,1,0.5599785331538463,335
1,0.2295,1,0.119353324,0.2299,1,0.461103737,336
1,0.3989,1,0.186982363,0.4242,1,0.203917563,337
1,0.5879,1,0.10513654,0.5963499999999999,1,0.208225638,338
1,0.5756,1,0.171127975,0.617,1,0.425897062,339
1,0.4796,1,0.371867865,0.5755,1,0.599613667,340
1,0.4497,1,0.646259665,0.5562,1,0.531021476,341
1,0.36095,1,0.8046619595,0.36324999999999996,1,0.5328167975,342
1,0.025959999999999997,1,0.5582985134,0.028526666666666662,1,0.5359449187333333,343
1,0.2308,1,0.188441843,0.2562,1,0.43602246,344
1,0.5423333333333333,1,0.012440074,0.5513666666666667,1,0.2980983953333333,345
1,0.6636,1,0.275457084,0.6494,1,0.63357091,346
1,0.57605,1,0.5746634975,0.557925,1,0.9003116787500001,347
1,0.3088,1,0.994439244,0.3336,1,0.938071132,348
1,0.1392,1,0.899679601,0.1808,1,0.924881101,349
1,0.22547619047619044,1,0.8620241623809526,0.23511428571428572,1,0.7668349885238096,350
1,0.5082,1,0.716081262,0.5563,1,0.802406669,351
1,0.3536,1,0.918618083,0.4041,1,0.833866239,352
1,0.1506,1,0.844124913,0.2055,1,0.880895615,353
1,0.008815384615384616,1,0.8668644428461536,0.011615384615384618,1,0.8557376128461539,354
1,0.2608,1,0.49090004,0.2631,1,0.517878771,355
1,0.4544,1,0.392080009,0.4507,1,0.554159999,356
1,0.5621125,1,0.055881719625,0.5464,1,0.218458477375,357
1,0.1208,1,0.177771747,0.1457,1,0.03664995,358
1,0.006361538461538461,1,0.29786175723076924,0.007076923076923077,1,0.3299249857692308,359
1,0.2431,1,0.300489902,0.2584,1,0.319929838,360
1,0.6008555555555555,1,0.09611797744444445,0.6238333333333332,1,0.3989732067777778,361
1,0.1521,1,0.444852829,0.2091,1,0.729057014,362
1,0.009184615384615385,1,0.751284558,0.013330769230769231,1,0.6266171336153845,363
1,0.2571,1,0.143958166,0.2839,1,0.345888674,364
1,0.23392173913043476,1,0.4533412940869566,0.2416304347826087,1,0.5857022873043478,365
1,0.1902,1,0.033815674,0.2161,1,0.576450765,366
1,0.559,1,0.214883235,0.5669,1,0.36569979180000006,367
1,0.6489,1,0.703896582,0.6383,1,0.423125267,368
1,0.52655,1,0.945222408,0.5443,1,0.5316040965,369
1,0.3278,1,1.0,0.3814,1,0.549458802,370
1,0.021526666666666663,1,0.46987427986666663,0.02972666666666667,1,0.6352733254,371
1,0.1894,1,0.391121477,0.2515,1,0.656970084,372
1,0.19371071428571426,1,0.7709196346428572,0.2038357142857143,1,0.8942346232321429,373
1,0.1512,1,0.208492547,0.1869,1,0.515747726,374
1,0.008316666666666667,1,0.462875565,0.009466666666666667,1,0.7198149315000001,375
1,0.0,1,0.00138881,0.0,1,0.048022453,376
1,0.0,1,0.342214018,0.0,1,0.72031796,377
1,0.0,1,0.042128015,0.0,1,0.054862633,378
1,0.0,1,0.7263753415,0.0,1,0.591635495,379
1,0.0005,1,0.010940572,0.0,1,0.063994192,380
1,0.48512727272727274,1,0.4609134720909091,0.47202727272727274,1,0.4435187687272727,381
1,0.1461,1,0.600500703,0.1803,1,0.291261852,382
1,0.0072833333333333335,1,0.21097518150000003,0.0053,1,0.5608498726666666,383
1,0.0917,1,0.000481104,0.1251,1,0.253719687,384
1,0.22144347826086955,1,0.49353534717391295,0.19514347826086959,1,0.4517070107826087,385
1,0.0835,1,1.0,0.1167,1,0.469379961,386
1,0.24970833333333334,1,0.9540612970416666,0.26759166666666667,1,0.9418806606666666,387
1,0.267,1,0.801607251,0.3054,1,0.990027905,388
1,0.675342857142857,1,0.6282977674285715,0.6806428571428571,1,0.9906847052857142,389
1,0.5355,1,0.615338981,0.5282,1,0.98683989,390
1,0.3457,1,0.595331132,0.3801,1,0.990314007,391
1,0.15,1,0.357232004,0.2018,1,0.96430707,392
1,0.012983333333333333,1,0.7922422240000001,0.011941666666666665,1,0.7610989262500002,393
1,0.0959,1,0.58400923,0.1334,1,0.367600381,394
1,0.2821,1,0.131447449,0.3146,1,0.246390373,395
1,0.4778,1,0.211835012,0.4983,1,0.47741586,396
1,0.6264,1,0.529911637,0.6336,1,0.730220437,397
1,0.2392190476190476,1,0.7848253031428573,0.2529,1,0.9021859197619045,398
1,0.2796,1,0.117713973,0.3099,1,0.343654692,399
1,0.23637878787878785,1,0.34749782754545455,0.24984242424242423,1,0.5752453457272728,400
1,0.1398,1,0.073062316,0.1856,1,0.386239409,401
1,0.003533333333333333,1,0.17887438349999998,0.010483333333333332,1,0.29626340683333335,402
1,0.19384642857142856,1,0.08290206628571428,0.19816428571428574,1,0.26976914466964286,403
1,0.343,1,0.275023997,0.3734,1,0.227319032,404
1,0.2269,1,0.4090261517727273,0.23460454545454545,1,0.2843146610909091,405
1,0.4732,1,0.552905083,0.4958,1,0.056565344,406
1,0.3272,1,0.767144561,0.34,1,0.113027856,407
1,0.153,1,0.979010284,0.1756,1,0.251150817,408
1,0.17603162393162392,1,0.5546707886153848,0.19112564102564103,1,0.5852289788547008,409
1,0.504,1,0.377837986,0.5307,1,0.70243299,410
1,0.15717619047619047,1,0.27998209447619055,0.1815,1,0.33001571828571424,411
1,0.6675,1,0.456118405,0.6527,1,0.194839641,412
1,0.19290000000000002,1,0.661761649,0.21414999999999998,1,0.24271047024999998,413
1,0.0,1,0.894701898,0.0,1,0.027137659,414
1,0.1513542857142857,1,0.3785868059714285,0.14438857142857142,1,0.25807499054285715,415
1,0.4646,1,0.8540782035,0.3809,1,0.362834543,416
1,0.17442153846153843,1,0.4058225800769231,0.18367076923076925,1,0.543272351676923,417
1,0.1456,1,0.587909341,0.1737,1,0.511119843,418
1,0.24329565217391302,1,0.20743176717391312,0.26227391304347825,1,0.31773235256521737,419
1,0.11885,1,0.5114780815,0.1459,1,0.447866738,420
1,0.2571863636363636,1,0.1743076773181818,0.2669954545454546,1,0.21640480881818178,421
1,0.0891,1,0.370012134,0.1198,1,0.191739872,422
1,0.21184245283018868,1,0.17064941171698114,0.2190990566037736,1,0.3435130416981132,423
1,0.3052,1,0.335111022,0.2895,1,0.740322232,424
1,0.19572340425531912,1,0.17321378370212767,0.1965255319148936,1,0.6539134640212766,425
1,0.2828,1,0.063978247,0.2343,1,0.864756346,426
1,0.20691176470588232,1,0.2872388361470588,0.20981323529411763,1,0.3639195475294118,427
1,0.7381,1,0.643416405,0.7612,1,0.507802486,428
1,0.48960000000000004,1,0.998023778,0.52135,1,0.5084943175,429
1,0.2971,1,0.998457193,0.3364,1,0.521668434,430
1,0.17692666666666665,1,0.25011546128888895,0.18536222222222223,1,0.23966772688888888,431
1,0.5684,1,0.684770346,0.6137,1,0.487391651,432
1,0.4627,1,0.873882055,0.5155,1,0.612965584,433
1,0.327,1,0.857548714,0.3831,1,0.573070645,434
1,0.11904999999999999,1,0.9170899395000001,0.16735,1,0.651705414,435
1,0.23973636363636366,1,0.5934137132727273,0.23713636363636367,1,0.3423750817272727,436
1,0.1575,1,0.862738907,0.1726,1,0.142070442,437
1,0.010564285714285715,1,0.8437149780714287,0.007964285714285715,1,0.5558656006428572,438
1,0.2405,1,0.820336461,0.1303,1,0.8377406,439
1,0.12359999999999997,1,0.2629437453478261,0.14639999999999997,1,0.8023680474347824,440
1,0.4041,1,0.085320905,0.4498,1,0.696343899,441
1,0.2236472440944882,1,0.15781462677165353,0.2387582677165354,1,0.3734837495984252,442
1,0.2873,1,0.639086604,0.3316,1,0.333491832,443
1,0.21451408450704226,1,0.2565989603661972,0.21072535211267604,1,0.4022105229014084,444
1,0.315,1,0.708724082,0.3599,1,0.863388896,445
1,0.1671,1,0.657537103,0.207,1,0.812877953,446
1,0.2117032863849765,1,0.24637743999999998,0.21812488262910798,1,0.42488593829577465,447
1,0.4368,1,0.545257628,0.4498,1,0.608399332,448
1,0.3104,1,0.5638237,0.3467,1,0.558783233,449
1,0.1689,1,0.464383125,0.2084,1,0.425200045,450
1,0.0764,1,0.409658939,0.094,1,0.288794458,451
1,0.0017000000000000001,1,0.34049515900000005,0.0033000000000000004,1,0.4530180793333334,452
1,0.11174166666666667,1,0.51790322375,0.12048333333333335,1,0.48059031875,453
1,0.7094,1,0.343956143,0.7166,1,0.201892465,454
1,0.613,1,0.41180394600000003,0.6271,1,0.183560789,455
1,0.5387666666666667,1,0.18282531966666668,0.5658,1,0.081205743,456
1,0.3184,1,0.134108841,0.3605,1,0.075790092,457
1,0.157,1,0.138937175,0.2053,1,0.068963557,458
1,0.189225,1,0.2425899302,0.18344,1,0.30780712665,459
1,0.5315,1,0.032034814,0.3858,1,0.546130419,460
1,0.3419,1,0.320604116,0.2035,1,0.580540597,461
1,0.1672,1,0.087928981,0.1565,1,0.504089952,462
1,0.0733,1,0.274061024,0.0803,1,0.489174366,463
1,0.1990818181818182,1,0.3613493290909091,0.21265454545454546,1,0.2229237705454545,464
1,0.286,1,0.830243707,0.3732,1,0.439458221,465
1,0.1556,1,0.930709779,0.2119,1,0.425650835,466
1,0.072,1,0.77305305,0.1158,1,0.336099029,467
1,0.02885,1,0.5720195118333333,0.042966666666666674,1,0.38655551041666664,468
1,0.2346,1,0.216114059,0.2722,1,0.724631071,469
1,0.19148666666666664,1,0.33677637331111115,0.19736888888888887,1,0.2867359525111111,470
1,0.1207,1,0.807386637,0.145,1,0.188211322,471
1,0.1692,1,0.553418517,0.20005,1,0.12119312900000001,472
1,0.3808,1,0.616696656,0.4101,1,0.029855452,473
1,0.48086249999999997,1,0.862747121625,0.4943624999999999,1,0.165674803875,474
1,0.1705,1,0.957313597,0.2166,1,0.292278349,475
1,0.1997857142857143,1,0.7568226456666667,0.22256190476190477,1,0.5464558757142858,476
1,0.4145,1,0.849161148,0.4878,1,0.485058069,477
1,0.2927,1,0.938407242,0.3664,1,0.549637675,478
1,0.1595,1,0.88310343,0.2178,1,0.603584647,479
1,0.20900222222222226,1,0.3987889471333333,0.22561555555555557,1,0.45570758846666665,480
1,0.4645,1,0.826584518,0.4878,1,0.830204546,481
1,0.3287,1,0.861350298,0.3666,1,0.750364959,482
1,0.1604,1,0.827531636,0.2138,1,0.714815617,483
1,0.0747,1,0.568184793,0.1071,1,0.676634371,484
1,0.23645238095238097,1,0.5978365448095238,0.24983333333333335,1,0.5234167576190475,485
1,0.328,1,0.652789056,0.3458,1,0.551085949,486
1,0.21584791666666667,1,0.32618345768055557,0.22558055555555553,1,0.27480612495833334,487
1,0.1649,1,0.029478092,0.2154,1,0.169971228,488
1,0.12011052631578949,1,0.37257601331578943,0.13853684210526315,1,0.44279051910526307,489
1,0.377,1,0.544338703,0.3761,1,0.369528949,490
1,0.3338,1,0.740216494,0.3463,1,0.491132915,491
1,0.21500833333333333,1,0.4671377207083333,0.21747083333333336,1,0.6741825627916667,492
1,0.4664,1,0.58193475,0.4874,1,0.873248577,493
1,0.3333,1,0.673164666,0.3753,1,0.858890235,494
1,0.168,1,0.457451433,0.2182,1,0.722201943,495
1,0.21945604395604398,1,0.2527100184505494,0.2298967032967033,1,0.46716301161538454,496
1,0.7403,1,0.040823564,0.7585,1,0.459581256,497
1,0.19910515463917527,1,0.28115129771134023,0.19614123711340206,1,0.25791788796907217,498
1,0.4201,1,0.503884971,0.4586,1,0.158758685,499
1,0.3017,1,0.433672816,0.3374,1,0.189708054,500
1,0.1691,1,0.605397165,0.2068,1,0.152186692,501
1,0.15345789473684213,1,0.2584771715789474,0.1552,1,0.17858833778947367,502
1,0.47967499999999996,1,0.79871645575,0.5105500000000001,1,0.27133478225,503
1,0.1642,1,0.700861871,0.2135,1,0.283645898,504
1,0.0638,1,0.377394527,0.0909,1,0.375071973,505
1,0.0,1,0.48189948000000005,0.0,1,0.5164088803333334,506
1,0.17392666666666667,1,0.4551190566666667,0.18600666666666665,1,0.47791448546666665,507
1,0.4716,1,0.673825681,0.4414,1,0.400495827,508
1,0.3179,1,0.909441948,0.2005,1,0.565150857,509
1,0.1481,1,0.40397352,0.201,1,0.624679148,510
1,0.11954999999999999,1,0.031464692,0.16555,1,0.6265565455,511
1,0.1944205128205128,1,0.19273505556410256,0.1942871794871795,1,0.35802180571794867,512
1,0.4437,1,0.47019124,0.3273,1,0.674855649,513
1,0.2909,1,0.288553089,0.1738,1,0.797940016,514
1,0.07261764705882352,1,0.18768290658823528,0.07295294117647058,1,0.5435366735882352,515
1,0.4738,1,0.795571804,0.4827,1,0.270952821,516
1,0.5693666666666667,1,0.7315050956666665,0.6073666666666667,1,0.47162203999999996,517
1,0.4739,1,0.877784491,0.5598,1,0.690941334,518
1,0.33394999999999997,1,0.8237677809999999,0.38885000000000003,1,0.7283363345,519
1,0.1633,1,0.728996396,0.2068,1,0.709909439,520
1,0.0589,1,0.717342496,0.0817,1,0.814069033,521
1,0.058864285714285716,1,0.6729419997857143,0.0636142857142857,1,0.9164585129999999,522
1,0.5319,1,0.630149722,0.5498,1,0.477713019,523
1,0.6343,1,0.640478194,0.6495,1,0.782113671,524
1,0.6714,1,0.735504836,0.6899500000000001,1,0.6151281,525
1,0.5758333333333333,1,0.4816136163333333,0.5976666666666667,1,0.7404323616666666,526
1,0.3509,1,0.457237422,0.4019,1,0.681679189,527
1,0.17696458333333331,1,0.15858573490104166,0.17859583333333337,1,0.24145907674479164,528
1,0.1622,1,0.49271968,0.2097,1,0.181389824,529
1,0.18574285714285715,1,0.36781024057142864,0.1859142857142857,1,0.25109873071428573,530
1,0.4604,1,0.209304363,0.4606,1,0.409936547,531
1,0.3121,1,0.255189776,0.3235,1,0.384340078,532
1,0.1584,1,0.476442665,0.1753,1,0.439774662,533
1,0.013133333333333332,1,0.3953572263333333,0.014566666666666667,1,0.505710026,534
1,0.1825358974358974,1,0.2552678675641026,0.19101538461538461,1,0.3724523292307692,535
1,0.5259333333333334,1,0.8701141873333333,0.49246666666666666,1,0.9515177010000001,536
1,0.3436,1,0.562027514,0.2949,1,0.9985466,537
1,0.2091,1,0.530714929,0.1362,1,0.987996936,538
1,0.0838,1,0.559276283,0.0494,1,0.991862118,539
1,0.20205000000000004,1,0.267694498,0.20657446808510638,1,0.3542408262340425,540
1,0.2854,1,0.503690839,0.3114,1,0.07250531,541
1,0.1313,1,0.514835596,0.1577,1,0.075576589,542
1,0.0271,1,0.59612453,0.0262,1,0.073016837,543
1,0.17070181818181818,1,0.18386491763636362,0.1764327272727273,1,0.1909400319030303,544
1,0.3345,1,0.395772547,0.3767,1,0.73096782,545
1,0.20155909090909094,1,0.24440625604545455,0.20544545454545454,1,0.30780910350000007,546
1,0.4571,1,0.63337332,0.462,1,0.401353776,547
1,0.3151,1,0.618000209,0.3298,1,0.383523107,548
1,0.18484554973821996,1,0.18708327007853404,0.19586963350785339,1,0.23375512346073302,549
1,0.3047,1,0.480769128,0.3243,1,0.559274435,550
1,0.20658260869565218,1,0.1849905473478261,0.20415652173913043,1,0.45451348550000004,551
1,0.3689,1,0.560811102,0.2931,1,0.615735888,552
1,0.2267,1,0.869691074,0.2451,1,0.648773432,553
1,0.06975555555555554,1,0.4004009373888889,0.08083888888888888,1,0.3705219155,554
1,0.5796,1,0.828009009,0.5966,1,0.189636827,555
1,0.5707,1,0.6650150416666666,0.6127666666666666,1,0.6813862126666667,556
1,0.4589,1,0.70852077,0.4927,1,0.803482294,557
1,0.296,1,0.861373186,0.3474,1,0.89627862,558
1,0.1132,1,0.864017487,0.1674,1,0.905267775,559
1,0.23598636363636363,1,0.4620297382272728,0.24292272727272726,1,0.7362486503636365,560
1,0.3425,1,0.35770312,0.3924,1,0.761017621,561
1,0.1381,1,0.404536515,0.1937,1,0.810282707,562
1,0.22141904761904765,1,0.31223155571428574,0.2279809523809524,1,0.8031173533333332,563
1,0.4981,1,0.500784636,0.5272,1,0.844709933,564
1,0.3325,1,0.760310829,0.3737,1,0.759483695,565
1,0.1329,1,0.626154006,0.18,1,0.628072321,566
1,0.21623333333333336,1,0.6261448456666666,0.22636666666666663,1,0.7944816422857143,567
1,0.46,1,0.840147913,0.5119,1,0.569285572,568
1,0.3106,1,0.786503673,0.3577,1,0.707985222,569
1,0.1849032608695652,1,0.2499860273804348,0.1860358695652174,1,0.3572200221413044,570
1,0.32804999999999995,1,0.0629805625,0.40654999999999997,1,0.7239405809999999,571
1,0.13486923076923077,1,0.2507887395714286,0.13771978021978024,1,0.30556588872527474,572
1,0.5398999999999999,1,0.9940675496666667,0.4768666666666666,1,0.9814179143333334,573
1,0.2195,1,1.0,0.2553,1,0.996283233,574
1,0.39505,1,0.9818311630000001,0.3794,1,0.999986321,575
1,0.2144,1,0.916699588,0.1845,1,0.999991536,576
1,0.19427999999999998,1,0.41274552101249995,0.209346875,1,0.46490559190624997,577
1,0.4675,1,0.907230675,0.5482,1,0.471384227,578
1,0.19336666666666666,1,0.693751518095238,0.20930476190476194,1,0.7327450002857143,579
1,0.2418,1,0.229400888,0.2523,1,0.819333553,580
1,0.441,1,0.050479695,0.4521,1,0.723687172,581
1,0.19638144329896903,1,0.5691273249690721,0.19875051546391756,1,0.6174648743608248,582
1,0.7934,1,0.392157227,0.7864,1,0.100767419,583
1,0.1806764705882353,1,0.2245829201764706,0.198125,1,0.32899829358823524,584
1,0.2144,1,0.821822345,0.2453,1,0.394220233,585
1,0.4109,1,0.984986365,0.4523,1,0.583236158,586
1,0.5706,1,0.956060052,0.6051,1,0.587625623,587
1,0.6825,1,0.84130621,0.7075,1,0.692644715,588
1,0.17915619834710741,1,0.43401555526446284,0.1811446280991736,1,0.520252321016529,589
1,0.3042,1,0.734242797,0.2164,1,0.283501148,590
1,0.02930526315789474,1,0.330268247,0.025142105263157896,1,0.27279212599999997,591
1,0.2151,1,0.004634357,0.3021,1,0.60039264,592
1,0.1515346153846154,1,0.30373880132692305,0.17119423076923074,1,0.3779977132692307,593
1,0.6963,1,0.972741842,0.7355,1,0.460566252,594
1,0.11363684210526315,1,0.17346522538596487,0.11291842105263158,1,0.2753523552807018,595
1,0.2599,1,0.741060615,0.2773,1,0.711295485,596
1,0.16168720000000003,1,0.3890800872719999,0.1575096,1,0.4214316216880001,597
1,0.6069,1,0.346815556,0.64,1,0.991836309,598
1,0.4491,1,0.142787308,0.4869,1,0.972680092,599
1,0.2325,1,0.181944922,0.2774,1,0.879932642,600
1,0.1590404255319149,1,0.5988894070904255,0.1594654255319149,1,0.6086475156276595,601
1,0.3119,1,0.834918559,0.0966,1,0.807343125,602
1,0.013094117647058824,1,0.3868223617647059,0.009841176470588235,1,0.8622543109411764,603
1,0.0332,1,0.008176566,0.1233,1,0.739704967,604
1,0.2203,1,0.028129116,0.3359,1,0.779059231,605
1,0.1682478260869565,1,0.6007328415652173,0.19574782608695654,1,0.4249377256521739,606
1,0.4035,1,0.306823879,0.4205,1,0.289689332,607
1,0.5658,1,0.353804141,0.5453,1,0.414338887,608
1,0.60454,1,0.8502745152,0.6202799999999999,1,0.4901948452,609
1,0.3729,1,0.657408178,0.4078,1,0.721847773,610
1,0.12773173076923075,1,0.4378562257932692,0.11824471153846153,1,0.5410537789471154,611
1,0.2314,1,0.99927789,0.2573,1,0.999081194,612
1,0.42635,1,0.9970086315,0.44473333333333337,1,0.9927143853333332,613
1,0.1822,1,0.984866261,0.2242,1,0.952869594,614
1,0.10975892857142858,1,0.2559142665714286,0.10355535714285716,1,0.4790946116071429,615
1,0.07759090909090909,1,0.2533504069090909,0.06966363636363636,1,0.11675739136363635,616
1,0.31155,1,0.50816117225,0.41957500000000003,1,0.06199159675,617
1,0.1964,1,0.866565347,0.2977,1,0.200431645,618
1,0.00236,1,0.8131197015333335,0.00668,1,0.5624192754,619
1,0.0734,1,0.613734901,0.103,1,0.75228858,620
1,0.2972,1,0.843926191,0.3518,1,0.705236018,621
1,0.4716,1,0.984853446,0.5161,1,0.662863791,622
1,0.6040749999999999,1,0.984974563,0.6551,1,0.761486992,623
1,0.4913,1,0.997591257,0.5039,1,0.769660234,624
1,0.3024,1,1.0,0.3288,1,0.81599462,625
1,0.005306666666666667,1,0.9691479682666665,0.007666666666666667,1,0.8980417966666665,626
1,0.1222,1,0.904307425,0.1248,1,0.932872057,627
1,0.3693,1,0.84231931,0.3734,1,0.899743319,628
1,0.5472,1,0.763753533,0.5558,1,0.955514073,629
1,0.6535500000000001,1,0.642062366,0.6896249999999999,1,0.9075855612500001,630
1,0.5225,1,0.729837835,0.5686,1,0.862483978,631
1,0.3333,1,0.662500441,0.3868,1,0.851286769,632
1,0.0922,1,0.692215681,0.1418,1,0.830752373,633
1,0.0,1,0.5860506068461538,0.0,1,0.5771749054615385,634
1,0.0,1,0.398811996,0.0,1,0.254916579,635
1,0.4160125,1,0.368509268375,0.41707500000000003,1,0.1958405265,636
1,0.3069,1,0.702370822,0.3569,1,0.344218671,637
1,0.0925,1,0.729229927,0.1384,1,0.208220184,638
1,0.13547941176470585,1,0.03261041802941176,0.13699411764705882,1,0.08380587838235294,639
1,0.0,1,0.6251953440000001,0.0,1,0.019358549333333332,640
1,0.0,1,0.5741042199999999,0.0,1,0.038700253000000004,641
1,0.20142857142857143,1,0.9781522751428572,0.1877285714285714,1,0.24850437485714286,642
1,0.008870588235294116,1,0.9735364598235293,0.009905882352941176,1,0.6095875307647058,643
1,0.3018,1,0.895622075,0.315,1,0.776575983,644
1,0.524,1,0.9705777861666668,0.4945833333333333,1,0.8347610631666665,645
1,0.3251,1,0.985379219,0.3242,1,0.850050569,646
1,0.0061400000000000005,1,0.8292087515333334,0.0071333333333333335,1,0.5638974131333333,647
1,0.1146,1,0.32829833,0.1194,1,0.513417602,648
1,0.3642,1,0.367205739,0.3723,1,0.521101594,649
1,0.64154,1,0.8658622383999999,0.64558,1,0.6188035012,650
1,0.5274,1,0.963148773,0.535,1,0.588253081,651
1,0.346,1,0.956317723,0.3735,1,0.50128901,652
1,0.006866666666666666,1,0.08550373326666667,0.009046666666666666,1,0.30720568286666666,653
1,0.1056,1,0.0,0.0757,1,0.361149788,654
1,0.3458,1,0.006205306,0.3169,1,0.403670132,655
1,0.5296,1,0.02077573,0.4553,1,0.740217388,656
1,0.65825,1,0.030752929499999998,0.6287,1,0.6324183045,657
1,0.2179814814814815,1,0.052036458851851854,0.22434444444444446,1,0.06412325066666666,658
1,0.3328,1,0.411874592,0.3618,1,0.032483708,659
1,0.16099545454545452,1,0.0762164370909091,0.15630909090909093,1,0.08110222559090909,660
1,0.4756,1,0.54056108,0.481,1,0.508648992,661
1,0.02400625,1,0.5787801128125001,0.0250625,1,0.5202771258125001,662
1,0.0002,1,0.36528033,0.0,1,0.459775805,663
1,0.2048,1,0.331763327,0.2009,1,0.419153154,664
1,0.41913333333333336,1,0.3630525866666667,0.41,1,0.25267995400000004,665
1,0.3895,1,0.788694203,0.4079,1,0.30339554,666
1,0.3436,1,0.471933067,0.3871,1,0.439860284,667
1,0.2994,1,0.671246827,0.3139,1,0.449415863,668
1,0.1652,1,0.435648322,0.2324,1,0.542967975,669
1,0.1619744680851064,1,0.10005378082978723,0.1713468085106383,1,0.11478714123404253,670
1,0.2268,1,0.00029518,0.2009,1,0.3103351,671
1,0.15810732984293194,1,0.01571386362827225,0.16259267015706805,1,0.01962945544502618,672
1,0.2928,1,0.311253548,0.3257,1,0.300534934,673
1,0.0020272727272727274,1,0.06688249163636363,0.006090909090909091,1,0.08873731654545454,674
1,0.0,1,0.7347885251999999,0.0,1,0.027177071399999995,675
1,0.2275,1,0.868510902,0.2309,1,0.02394101,676
1,0.4015,1,0.992357731,0.4623,1,0.115318142,677
1,0.5761000000000001,1,0.9992896019999999,0.55925,1,0.1716033965,678
1,0.5196333333333333,1,0.9813062353333333,0.4892666666666667,1,0.459141026,679
1,0.2859,1,0.99460119,0.283,1,0.333396465,680
1,1.4285714285714287e-05,1,0.8142023170714288,0.0006714285714285714,1,0.6195276762857143,681
1,0.0,1,0.50242275,0.0,1,0.836177051,682
1,0.0,1,0.254282892,0.0,1,0.74053216,683
1,0.2782,1,0.326060086,0.199,1,0.75648272,684
1,0.41552000000000006,1,0.8264966488000001,0.34746,1,0.9209153054,685
1,0.3742,1,0.516394675,0.3117,1,0.907886863,686
1,0.1973,1,0.399612814,0.1732,1,0.799003005,687
1,0.0,1,0.13709434780000002,0.00178,1,0.5577703236,688
1,0.0,1,0.221188426,0.0,1,0.444203705,689
1,0.0,1,0.155053139,0.0,1,0.438529521,690
1,0.06795454545454546,1,0.1747693087272727,0.06833636363636364,1,0.19328487054545454,691
1,0.57004,1,0.8435411096000001,0.5503399999999999,1,0.4678590894,692
1,0.2946,1,0.530247152,0.3147,1,0.297343254,693
1,0.08488,1,0.03137291755384616,0.09224,1,0.05011959023076923,694
1,0.4708,1,0.029227782,0.4733,1,0.380293012,695
1,0.5885,1,0.169650957,0.5933,1,0.471342355,696
1,0.5497,1,0.38539765024999995,0.576075,1,0.256029211,697
1,0.3013,1,0.522940397,0.3315,1,0.227596372,698
1,1.6666666666666667e-05,1,0.23181741116666665,0.006216666666666666,1,0.2588572825,699
1,0.0,1,0.311244607,0.0,1,0.337498724,700
1,0.0,1,0.213788033,0.0,1,0.557706356,701
1,0.0,1,0.360295653,0.0,1,0.587857842,702
1,0.13662553191489363,1,0.10111645125531912,0.13426170212765956,1,0.07207614093617022,703
1,0.12486756756756756,1,0.10309913448648649,0.12738108108108107,1,0.20507821383783784,704
1,0.5835,1,0.328273296,0.5508,1,0.223110616,705
1,0.1329979591836735,1,0.18957650430612247,0.1359204081632653,1,0.18625857036734694,706
1,0.195,1,0.993954897,0.2745,1,0.637906671,707
1,0.03894444444444445,1,0.7849879777777777,0.039183333333333334,1,0.7043321513333334,708
1,0.6621333333333334,1,0.15185585633333334,0.6595333333333333,1,0.7662605246666668,709
1,0.3469,1,0.013480432,0.3527,1,0.645751715,710
1,0.517,1,0.0,0.5361,1,0.550930977,711
1,0.05438536585365854,1,0.24488825875609754,0.05468780487804878,1,0.3542638115609756,712
1,0.1158,1,0.005348991,0.1552,1,0.00056692,713
1,0.08439565217391304,1,0.33565770265217393,0.09963478260869564,1,0.4726006135652173,714
1,0.1664,1,0.472474456,0.1072,1,0.867164195,715
1,0.2594,1,0.476989865,0.1988,1,0.917687237,716
1,0.3346,1,0.257362306,0.2289,1,0.7700423,717
1,0.10919059829059827,1,0.2734526802735043,0.11165897435897436,1,0.33882592509401704,718
1,0.2408,1,0.88659513,0.2428,1,0.580437243,719
1,0.4528,1,0.710768342,0.4519,1,0.71672833,720
1,0.5998,1,0.582394958,0.5844,1,0.597135425,721
1,0.619375,1,0.23614581124999998,0.620525,1,0.5149487629999999,722
1,0.021129411764705883,1,0.39671672705882355,0.026570588235294117,1,0.7922206199411764,723
1,0.2379,1,0.331345528,0.233,1,0.620849609,724
1,0.6033999999999999,1,0.027992016399999996,0.58924,1,0.4254260838,725
1,0.5241,1,0.0,0.5402,1,0.392088652,726
1,0.08508260869565218,1,0.43689271213043473,0.08768260869565218,1,0.3104138450869564,727
1,0.1576,1,0.879519641,0.0917,1,0.177618682,728
1,0.0008611111111111111,1,0.8602475027777777,0.0006444444444444444,1,0.37866396538888886,729
1,0.0927,1,0.839797556,0.1535,1,0.571044505,730
1,0.4885,1,0.626507342,0.4988,1,0.177272946,731
1,0.04259130434782609,1,0.6123998424347825,0.044660869565217386,1,0.8033725127826087,732
1,0.1372,1,0.16295065,0.239,1,0.964687347,733
1,0.29995,1,0.027645798,0.402625,1,0.9094962477499999,734
1,0.1336,1,0.104993083,0.2271,1,0.857621849,735
1,0.0955304347826087,1,0.7064352895652173,0.1023246376811594,1,0.5598169641449278,736
1,0.0289,1,1.0,0.2606,1,1.0,737
1,0.1648,1,0.990978003,0.383,1,1.0,738
1,0.01676470588235294,1,0.6569623140588235,0.015258823529411766,1,0.7272158300588236,739
1,0.0978,1,0.734134138,0.0935,1,0.07799831,740
1,0.12217826086956522,1,0.9612882525652173,0.11739999999999999,1,0.6770214042608695,741
1,0.2274,1,0.673906088,0.189,1,0.944834948,742
1,0.4451,1,0.525920928,0.346,1,0.868874252,743
1,0.46814,1,0.238041568,0.41878000000000004,1,0.8095632312,744
1,0.2477,1,0.76519984,0.3089,1,0.686894178,745
1,0.0021375,1,0.6853632646875001,0.00533125,1,0.6007653829999999,746
1,0.2255,1,0.430522531,0.1996,1,0.830218911,747
1,0.4422,1,0.295325905,0.3925,1,0.801442981,748
1,0.5408,1,0.230751023,0.5052,1,0.36207211,749
1,0.6511333333333333,1,0.023477226666666667,0.6037333333333333,1,0.748758177,750
1,0.4789,1,0.0,0.3366,1,0.731051683,751
1,0.0874,1,0.08514014882608696,0.10445652173913045,1,0.5174053272608695,752
1,0.3761,1,0.396234602,0.4657,1,0.353136688,753
1,0.2498,1,0.44301182,0.3093,1,0.690033734,754
1,0.10014074074074075,1,0.5124614244444445,0.08267037037037037,1,0.6108366085925925,755
1,0.0,1,0.9536833165,0.0,1,0.0313310605,756
1,0.10803809523809524,1,0.9922341647380952,0.10182142857142858,1,0.9356401434761905,757
1,0.3574,1,0.636888027,0.3785,1,0.97735548,758
1,0.0512025,1,0.5484681583000001,0.053849999999999995,1,0.639305378375,759
1,0.1722,1,1.0,0.1464,1,1.0,760
1,0.160016,1,0.93342763944,0.15392,1,0.95898026948,761
1,0.3837,1,0.53322202,0.3915,1,0.859784842,762
1,0.24803750000000002,1,0.689235638875,0.255625,1,0.808218851625,763
1,0.0,1,0.3755086365,0.0,1,0.5811237695,764
1,0.0,1,0.304045409,0.0,1,0.735717297,765
1,0.0,1,0.6349312364999999,0.0,1,0.8411821125000001,766
