Voll,Demand_Segment,Cost_of_Demand_Curtailment_per_MW,Max_Demand_Curtailment,$/MWh,Rep_Periods,Timesteps_per_Rep_Period,Sub_Weights,Time_Index,Demand_MW_z1,Demand_MW_z2,Demand_MW_z3
50000,1,1.0,1.0,2000,40,48,96.26373626373628,1,7850.0,2242.0,1070.0
,2,0.9,0.04,1800,,,96.26373626373628,2,7424.0,2120.0,1012.0
,3,0.55,0.024,1100,,,96.26373626373628,3,7107.0,2029.0,969.0
,4,0.2,0.003,400,,,240.65934065934064,4,6947.0,1984.0,947.0
,,,,,,,192.52747252747255,5,6922.0,1977.0,944.0
,,,,,,,433.18681318681314,6,7045.0,2012.0,960.0
,,,,,,,288.7912087912088,7,7307.0,2087.0,996.0
,,,,,,,433.18681318681314,8,7544.0,2154.0,1029.0
,,,,,,,192.52747252747255,9,7946.0,2269.0,1083.0
,,,,,,,336.92307692307696,10,8340.0,2382.0,1137.0
,,,,,,,144.3956043956044,11,8578.0,2449.0,1169.0
,,,,,,,144.3956043956044,12,8666.0,2474.0,1181.0
,,,,,,,288.7912087912088,13,8707.0,2487.0,1187.0
,,,,,,,144.3956043956044,14,8630.0,2464.0,1176.0
,,,,,,,433.18681318681314,15,8544.0,2440.0,1165.0
,,,,,,,48.13186813186814,16,8594.0,2454.0,1171.0
,,,,,,,625.7142857142857,17,9431.0,2693.0,1286.0
,,,,,,,48.13186813186814,18,10225.0,2920.0,1394.0
,,,,,,,144.3956043956044,19,10165.0,2903.0,1386.0
,,,,,,,192.52747252747255,20,9854.0,2815.0,1343.0
,,,,,,,336.92307692307696,21,9490.0,2710.0,1294.0
,,,,,,,48.13186813186814,22,8982.0,2565.0,1225.0
,,,,,,,288.7912087912088,23,8353.0,2385.0,1139.0
,,,,,,,96.26373626373628,24,7648.0,2184.0,1042.0
,,,,,,,673.8461538461539,25,7051.0,2013.0,961.0
,,,,,,,144.3956043956044,26,6689.0,1910.0,912.0
,,,,,,,433.18681318681314,27,6515.0,1861.0,888.0
,,,,,,,144.3956043956044,28,6476.0,1849.0,883.0
,,,,,,,240.65934065934064,29,6618.0,1890.0,902.0
,,,,,,,144.3956043956044,30,6980.0,1993.0,951.0
,,,,,,,433.18681318681314,31,7523.0,2148.0,1025.0
,,,,,,,48.13186813186814,32,7968.0,2275.0,1086.0
,,,,,,,48.13186813186814,33,8513.0,2431.0,1161.0
,,,,,,,192.52747252747255,34,9072.0,2591.0,1236.0
,,,,,,,288.7912087912088,35,9482.0,2708.0,1292.0
,,,,,,,192.52747252747255,36,9650.0,2755.0,1316.0
,,,,,,,48.13186813186814,37,9635.0,2751.0,1313.0
,,,,,,,48.13186813186814,38,9572.0,2734.0,1305.0
,,,,,,,240.65934065934064,39,9542.0,2725.0,1301.0
,,,,,,,48.13186813186814,40,9687.0,2766.0,1321.0
,,,,,,,,41,10596.0,3026.0,1444.0
,,,,,,,,42,11515.0,3289.0,1570.0
,,,,,,,,43,11414.0,3260.0,1556.0
,,,,,,,,44,11138.0,3181.0,1519.0
,,,,,,,,45,10688.0,3052.0,1457.0
,,,,,,,,46,9979.0,2850.0,1360.0
,,,,,,,,47,9100.0,2599.0,1241.0
,,,,,,,,48,8304.0,2372.0,1132.0
,,,,,,,,49,7776.0,2221.0,1060.0
,,,,,,,,50,7513.0,2145.0,1024.0
,,,,,,,,51,7386.0,2109.0,1007.0
,,,,,,,,52,7401.0,2114.0,1009.0
,,,,,,,,53,7667.0,2189.0,1045.0
,,,,,,,,54,8455.0,2414.0,1152.0
,,,,,,,,55,9848.0,2812.0,1343.0
,,,,,,,,56,10629.0,3035.0,1449.0
,,,,,,,,57,10761.0,3073.0,1467.0
,,,,,,,,58,10835.0,3094.0,1477.0
,,,,,,,,59,10932.0,3122.0,1490.0
,,,,,,,,60,10950.0,3127.0,1493.0
,,,,,,,,61,10905.0,3115.0,1487.0
,,,,,,,,62,10890.0,3111.0,1484.0
,,,,,,,,63,10849.0,3098.0,1479.0
,,,,,,,,64,10999.0,3141.0,1499.0
,,,,,,,,65,11858.0,3386.0,1616.0
,,,,,,,,66,12796.0,3654.0,1745.0
,,,,,,,,67,12821.0,3661.0,1748.0
,,,,,,,,68,12605.0,3600.0,1719.0
,,,,,,,,69,12195.0,3483.0,1663.0
,,,,,,,,70,11476.0,3277.0,1565.0
,,,,,,,,71,10515.0,3003.0,1434.0
,,,,,,,,72,9674.0,2763.0,1319.0
,,,,,,,,73,9151.0,2614.0,1247.0
,,,,,,,,74,8876.0,2535.0,1210.0
,,,,,,,,75,8736.0,2495.0,1191.0
,,,,,,,,76,8752.0,2499.0,1193.0
,,,,,,,,77,8990.0,2568.0,1226.0
,,,,,,,,78,9733.0,2780.0,1327.0
,,,,,,,,79,11084.0,3166.0,1511.0
,,,,,,,,80,11820.0,3376.0,1611.0
,,,,,,,,81,11834.0,3380.0,1614.0
,,,,,,,,82,11803.0,3371.0,1609.0
,,,,,,,,83,11777.0,3363.0,1605.0
,,,,,,,,84,11661.0,3330.0,1590.0
,,,,,,,,85,11494.0,3283.0,1567.0
,,,,,,,,86,11395.0,3255.0,1554.0
,,,,,,,,87,11306.0,3229.0,1541.0
,,,,,,,,88,11423.0,3262.0,1557.0
,,,,,,,,89,12221.0,3491.0,1666.0
,,,,,,,,90,12871.0,3676.0,1755.0
,,,,,,,,91,12772.0,3647.0,1741.0
,,,,,,,,92,12474.0,3562.0,1701.0
,,,,,,,,93,11997.0,3426.0,1635.0
,,,,,,,,94,11207.0,3201.0,1528.0
,,,,,,,,95,10201.0,2914.0,1391.0
,,,,,,,,96,9270.0,2648.0,1264.0
,,,,,,,,97,7811.0,2231.0,1065.0
,,,,,,,,98,7513.0,2145.0,1024.0
,,,,,,,,99,7371.0,2105.0,1004.0
,,,,,,,,100,7344.0,2098.0,1001.0
,,,,,,,,101,7542.0,2154.0,1028.0
,,,,,,,,102,8217.0,2347.0,1120.0
,,,,,,,,103,9501.0,2713.0,1295.0
,,,,,,,,104,10340.0,2953.0,1409.0
,,,,,,,,105,10503.0,3000.0,1432.0
,,,,,,,,106,10548.0,3012.0,1438.0
,,,,,,,,107,10562.0,3016.0,1440.0
,,,,,,,,108,10516.0,3003.0,1434.0
,,,,,,,,109,10420.0,2976.0,1421.0
,,,,,,,,110,10378.0,2964.0,1415.0
,,,,,,,,111,10339.0,2953.0,1409.0
,,,,,,,,112,10489.0,2995.0,1430.0
,,,,,,,,113,11141.0,3182.0,1519.0
,,,,,,,,114,11795.0,3369.0,1608.0
,,,,,,,,115,11688.0,3338.0,1594.0
,,,,,,,,116,11389.0,3253.0,1553.0
,,,,,,,,117,11010.0,3145.0,1501.0
,,,,,,,,118,10445.0,2983.0,1424.0
,,,,,,,,119,9687.0,2766.0,1321.0
,,,,,,,,120,8931.0,2550.0,1217.0
,,,,,,,,121,8341.0,2382.0,1137.0
,,,,,,,,122,7996.0,2284.0,1090.0
,,,,,,,,123,7802.0,2229.0,1064.0
,,,,,,,,124,7742.0,2211.0,1055.0
,,,,,,,,125,7823.0,2234.0,1066.0
,,,,,,,,126,8097.0,2313.0,1104.0
,,,,,,,,127,8611.0,2459.0,1174.0
,,,,,,,,128,9128.0,2607.0,1244.0
,,,,,,,,129,9713.0,2774.0,1324.0
,,,,,,,,130,10173.0,2905.0,1387.0
,,,,,,,,131,10367.0,2960.0,1414.0
,,,,,,,,132,10302.0,2942.0,1404.0
,,,,,,,,133,10138.0,2895.0,1383.0
,,,,,,,,134,9948.0,2841.0,1356.0
,,,,,,,,135,9858.0,2815.0,1344.0
,,,,,,,,136,9938.0,2838.0,1355.0
,,,,,,,,137,10586.0,3023.0,1444.0
,,,,,,,,138,11470.0,3276.0,1564.0
,,,,,,,,139,11467.0,3275.0,1564.0
,,,,,,,,140,11210.0,3201.0,1529.0
,,,,,,,,141,10857.0,3101.0,1480.0
,,,,,,,,142,10427.0,2978.0,1422.0
,,,,,,,,143,9916.0,2832.0,1352.0
,,,,,,,,144,9321.0,2662.0,1271.0
,,,,,,,,145,8734.0,2494.0,1191.0
,,,,,,,,146,8488.0,2424.0,1157.0
,,,,,,,,147,8386.0,2395.0,1143.0
,,,,,,,,148,8405.0,2400.0,1146.0
,,,,,,,,149,8672.0,2476.0,1182.0
,,,,,,,,150,9446.0,2698.0,1288.0
,,,,,,,,151,10860.0,3101.0,1480.0
,,,,,,,,152,11601.0,3313.0,1581.0
,,,,,,,,153,11633.0,3322.0,1586.0
,,,,,,,,154,11574.0,3306.0,1578.0
,,,,,,,,155,11511.0,3287.0,1570.0
,,,,,,,,156,11368.0,3246.0,1550.0
,,,,,,,,157,11190.0,3196.0,1525.0
,,,,,,,,158,11078.0,3164.0,1510.0
,,,,,,,,159,10946.0,3126.0,1493.0
,,,,,,,,160,11021.0,3148.0,1503.0
,,,,,,,,161,11577.0,3306.0,1579.0
,,,,,,,,162,12352.0,3528.0,1684.0
,,,,,,,,163,12330.0,3521.0,1681.0
,,,,,,,,164,12117.0,3461.0,1652.0
,,,,,,,,165,11631.0,3322.0,1585.0
,,,,,,,,166,10865.0,3103.0,1481.0
,,,,,,,,167,9900.0,2827.0,1350.0
,,,,,,,,168,9025.0,2578.0,1231.0
,,,,,,,,169,8434.0,2409.0,1150.0
,,,,,,,,170,8100.0,2314.0,1105.0
,,,,,,,,171,7947.0,2269.0,1083.0
,,,,,,,,172,7913.0,2260.0,1079.0
,,,,,,,,173,8152.0,2329.0,1111.0
,,,,,,,,174,8866.0,2532.0,1209.0
,,,,,,,,175,10188.0,2910.0,1389.0
,,,,,,,,176,10891.0,3111.0,1484.0
,,,,,,,,177,10970.0,3133.0,1495.0
,,,,,,,,178,11002.0,3142.0,1500.0
,,,,,,,,179,11033.0,3151.0,1504.0
,,,,,,,,180,10988.0,3138.0,1498.0
,,,,,,,,181,10865.0,3103.0,1481.0
,,,,,,,,182,10786.0,3081.0,1470.0
,,,,,,,,183,10656.0,3043.0,1453.0
,,,,,,,,184,10674.0,3049.0,1455.0
,,,,,,,,185,11148.0,3184.0,1520.0
,,,,,,,,186,12025.0,3435.0,1640.0
,,,,,,,,187,11980.0,3421.0,1633.0
,,,,,,,,188,11686.0,3337.0,1593.0
,,,,,,,,189,11305.0,3229.0,1541.0
,,,,,,,,190,10761.0,3073.0,1467.0
,,,,,,,,191,10019.0,2861.0,1366.0
,,,,,,,,192,9243.0,2639.0,1260.0
,,,,,,,,193,8126.0,2321.0,1108.0
,,,,,,,,194,7842.0,2239.0,1069.0
,,,,,,,,195,7727.0,2207.0,1054.0
,,,,,,,,196,7733.0,2209.0,1055.0
,,,,,,,,197,7973.0,2277.0,1087.0
,,,,,,,,198,8704.0,2485.0,1186.0
,,,,,,,,199,10034.0,2865.0,1368.0
,,,,,,,,200,10781.0,3079.0,1469.0
,,,,,,,,201,10942.0,3126.0,1492.0
,,,,,,,,202,11033.0,3151.0,1504.0
,,,,,,,,203,11119.0,3176.0,1516.0
,,,,,,,,204,11103.0,3170.0,1514.0
,,,,,,,,205,10996.0,3140.0,1499.0
,,,,,,,,206,10921.0,3119.0,1489.0
,,,,,,,,207,10803.0,3085.0,1473.0
,,,,,,,,208,10808.0,3086.0,1474.0
,,,,,,,,209,11301.0,3227.0,1540.0
,,,,,,,,210,12019.0,3432.0,1639.0
,,,,,,,,211,11919.0,3404.0,1625.0
,,,,,,,,212,11541.0,3296.0,1574.0
,,,,,,,,213,10997.0,3140.0,1499.0
,,,,,,,,214,10197.0,2912.0,1390.0
,,,,,,,,215,9194.0,2625.0,1253.0
,,,,,,,,216,8285.0,2366.0,1130.0
,,,,,,,,217,7707.0,2201.0,1050.0
,,,,,,,,218,7341.0,2097.0,1000.0
,,,,,,,,219,7162.0,2045.0,976.0
,,,,,,,,220,7116.0,2032.0,970.0
,,,,,,,,221,7319.0,2090.0,998.0
,,,,,,,,222,7994.0,2283.0,1090.0
,,,,,,,,223,9337.0,2666.0,1273.0
,,,,,,,,224,10078.0,2878.0,1374.0
,,,,,,,,225,10153.0,2900.0,1384.0
,,,,,,,,226,10111.0,2888.0,1378.0
,,,,,,,,227,10123.0,2891.0,1380.0
,,,,,,,,228,10081.0,2879.0,1374.0
,,,,,,,,229,9965.0,2846.0,1358.0
,,,,,,,,230,9889.0,2825.0,1348.0
,,,,,,,,231,9783.0,2794.0,1333.0
,,,,,,,,232,9791.0,2796.0,1335.0
,,,,,,,,233,10281.0,2936.0,1402.0
,,,,,,,,234,11182.0,3194.0,1525.0
,,,,,,,,235,11192.0,3196.0,1526.0
,,,,,,,,236,10926.0,3120.0,1489.0
,,,,,,,,237,10493.0,2997.0,1430.0
,,,,,,,,238,9776.0,2792.0,1332.0
,,,,,,,,239,8880.0,2536.0,1211.0
,,,,,,,,240,8042.0,2297.0,1096.0
,,,,,,,,241,7901.0,2256.0,1077.0
,,,,,,,,242,7570.0,2162.0,1032.0
,,,,,,,,243,7387.0,2109.0,1007.0
,,,,,,,,244,7316.0,2089.0,997.0
,,,,,,,,245,7371.0,2105.0,1004.0
,,,,,,,,246,7638.0,2181.0,1041.0
,,,,,,,,247,8163.0,2331.0,1113.0
,,,,,,,,248,8703.0,2485.0,1186.0
,,,,,,,,249,9272.0,2648.0,1264.0
,,,,,,,,250,9619.0,2747.0,1312.0
,,,,,,,,251,9738.0,2781.0,1328.0
,,,,,,,,252,9663.0,2760.0,1318.0
,,,,,,,,253,9503.0,2714.0,1296.0
,,,,,,,,254,9303.0,2657.0,1268.0
,,,,,,,,255,9178.0,2621.0,1252.0
,,,,,,,,256,9189.0,2625.0,1252.0
,,,,,,,,257,9551.0,2728.0,1302.0
,,,,,,,,258,10473.0,2991.0,1428.0
,,,,,,,,259,10674.0,3048.0,1455.0
,,,,,,,,260,10427.0,2978.0,1422.0
,,,,,,,,261,10133.0,2894.0,1382.0
,,,,,,,,262,9685.0,2766.0,1320.0
,,,,,,,,263,9087.0,2595.0,1239.0
,,,,,,,,264,8459.0,2416.0,1153.0
,,,,,,,,265,7956.0,2272.0,1085.0
,,,,,,,,266,7671.0,2191.0,1045.0
,,,,,,,,267,7538.0,2153.0,1028.0
,,,,,,,,268,7501.0,2142.0,1023.0
,,,,,,,,269,7559.0,2158.0,1030.0
,,,,,,,,270,7779.0,2222.0,1060.0
,,,,,,,,271,8146.0,2326.0,1110.0
,,,,,,,,272,8595.0,2454.0,1171.0
,,,,,,,,273,9189.0,2625.0,1252.0
,,,,,,,,274,9570.0,2733.0,1305.0
,,,,,,,,275,9729.0,2778.0,1326.0
,,,,,,,,276,9782.0,2794.0,1333.0
,,,,,,,,277,9742.0,2782.0,1328.0
,,,,,,,,278,9604.0,2743.0,1309.0
,,,,,,,,279,9506.0,2715.0,1296.0
,,,,,,,,280,9559.0,2730.0,1303.0
,,,,,,,,281,9975.0,2849.0,1360.0
,,,,,,,,282,10870.0,3104.0,1482.0
,,,,,,,,283,10727.0,3063.0,1463.0
,,,,,,,,284,10204.0,2915.0,1391.0
,,,,,,,,285,9940.0,2839.0,1355.0
,,,,,,,,286,9511.0,2716.0,1297.0
,,,,,,,,287,9184.0,2623.0,1252.0
,,,,,,,,288,8431.0,2408.0,1149.0
,,,,,,,,289,7866.0,2246.0,1072.0
,,,,,,,,290,7599.0,2170.0,1036.0
,,,,,,,,291,7502.0,2143.0,1023.0
,,,,,,,,292,7529.0,2150.0,1026.0
,,,,,,,,293,7768.0,2219.0,1059.0
,,,,,,,,294,8497.0,2427.0,1158.0
,,,,,,,,295,9827.0,2806.0,1340.0
,,,,,,,,296,10489.0,2995.0,1430.0
,,,,,,,,297,10582.0,3022.0,1443.0
,,,,,,,,298,10526.0,3006.0,1435.0
,,,,,,,,299,10498.0,2998.0,1431.0
,,,,,,,,300,10405.0,2971.0,1418.0
,,,,,,,,301,10220.0,2919.0,1393.0
,,,,,,,,302,10077.0,2878.0,1374.0
,,,,,,,,303,9898.0,2827.0,1349.0
,,,,,,,,304,9825.0,2805.0,1339.0
,,,,,,,,305,10130.0,2893.0,1381.0
,,,,,,,,306,11094.0,3168.0,1513.0
,,,,,,,,307,11372.0,3248.0,1550.0
,,,,,,,,308,11090.0,3167.0,1512.0
,,,,,,,,309,10602.0,3028.0,1445.0
,,,,,,,,310,9842.0,2811.0,1342.0
,,,,,,,,311,8928.0,2549.0,1217.0
,,,,,,,,312,8095.0,2312.0,1104.0
,,,,,,,,313,7570.0,2162.0,1032.0
,,,,,,,,314,7296.0,2083.0,994.0
,,,,,,,,315,7187.0,2053.0,979.0
,,,,,,,,316,7201.0,2056.0,982.0
,,,,,,,,317,7441.0,2125.0,1014.0
,,,,,,,,318,8197.0,2341.0,1117.0
,,,,,,,,319,9544.0,2725.0,1301.0
,,,,,,,,320,10218.0,2918.0,1393.0
,,,,,,,,321,10289.0,2939.0,1403.0
,,,,,,,,322,10297.0,2940.0,1403.0
,,,,,,,,323,10306.0,2944.0,1405.0
,,,,,,,,324,10273.0,2934.0,1400.0
,,,,,,,,325,10169.0,2904.0,1386.0
,,,,,,,,326,10091.0,2882.0,1376.0
,,,,,,,,327,9965.0,2846.0,1358.0
,,,,,,,,328,9973.0,2848.0,1359.0
,,,,,,,,329,10317.0,2946.0,1407.0
,,,,,,,,330,11227.0,3206.0,1530.0
,,,,,,,,331,11454.0,3271.0,1561.0
,,,,,,,,332,11223.0,3205.0,1530.0
,,,,,,,,333,10814.0,3088.0,1474.0
,,,,,,,,334,10112.0,2888.0,1378.0
,,,,,,,,335,9190.0,2625.0,1253.0
,,,,,,,,336,8397.0,2398.0,1145.0
,,,,,,,,337,7625.0,2178.0,1040.0
,,,,,,,,338,7352.0,2099.0,1002.0
,,,,,,,,339,7247.0,2069.0,988.0
,,,,,,,,340,7297.0,2084.0,994.0
,,,,,,,,341,7532.0,2151.0,1027.0
,,,,,,,,342,8314.0,2374.0,1133.0
,,,,,,,,343,9641.0,2754.0,1314.0
,,,,,,,,344,10287.0,2938.0,1403.0
,,,,,,,,345,10370.0,2961.0,1414.0
,,,,,,,,346,10385.0,2966.0,1416.0
,,,,,,,,347,10365.0,2960.0,1413.0
,,,,,,,,348,10310.0,2945.0,1405.0
,,,,,,,,349,10247.0,2926.0,1397.0
,,,,,,,,350,10244.0,2925.0,1397.0
,,,,,,,,351,10168.0,2904.0,1386.0
,,,,,,,,352,10204.0,2915.0,1391.0
,,,,,,,,353,10572.0,3020.0,1441.0
,,,,,,,,354,11259.0,3216.0,1535.0
,,,,,,,,355,11406.0,3257.0,1555.0
,,,,,,,,356,11121.0,3176.0,1516.0
,,,,,,,,357,10679.0,3050.0,1456.0
,,,,,,,,358,9966.0,2846.0,1358.0
,,,,,,,,359,9025.0,2578.0,1231.0
,,,,,,,,360,8187.0,2338.0,1116.0
,,,,,,,,361,7611.0,2174.0,1038.0
,,,,,,,,362,7284.0,2080.0,993.0
,,,,,,,,363,7110.0,2031.0,969.0
,,,,,,,,364,7082.0,2023.0,965.0
,,,,,,,,365,7266.0,2075.0,990.0
,,,,,,,,366,7941.0,2268.0,1083.0
,,,,,,,,367,9190.0,2625.0,1253.0
,,,,,,,,368,9935.0,2837.0,1354.0
,,,,,,,,369,10145.0,2897.0,1383.0
,,,,,,,,370,10199.0,2913.0,1390.0
,,,,,,,,371,10213.0,2917.0,1393.0
,,,,,,,,372,10135.0,2895.0,1382.0
,,,,,,,,373,9964.0,2845.0,1358.0
,,,,,,,,374,9842.0,2811.0,1342.0
,,,,,,,,375,9677.0,2764.0,1319.0
,,,,,,,,376,9588.0,2739.0,1308.0
,,,,,,,,377,9757.0,2786.0,1330.0
,,,,,,,,378,10423.0,2976.0,1421.0
,,,,,,,,379,10732.0,3065.0,1463.0
,,,,,,,,380,10465.0,2989.0,1427.0
,,,,,,,,381,10112.0,2888.0,1378.0
,,,,,,,,382,9608.0,2744.0,1310.0
,,,,,,,,383,8902.0,2543.0,1214.0
,,,,,,,,384,8169.0,2333.0,1114.0
,,,,,,,,385,8163.0,2331.0,1113.0
,,,,,,,,386,7945.0,2269.0,1083.0
,,,,,,,,387,7862.0,2245.0,1072.0
,,,,,,,,388,7898.0,2256.0,1077.0
,,,,,,,,389,8165.0,2332.0,1113.0
,,,,,,,,390,8944.0,2555.0,1219.0
,,,,,,,,391,10130.0,2893.0,1381.0
,,,,,,,,392,10759.0,3072.0,1467.0
,,,,,,,,393,10816.0,3089.0,1474.0
,,,,,,,,394,10701.0,3056.0,1459.0
,,,,,,,,395,10651.0,3042.0,1452.0
,,,,,,,,396,10567.0,3018.0,1440.0
,,,,,,,,397,10376.0,2963.0,1414.0
,,,,,,,,398,10256.0,2929.0,1398.0
,,,,,,,,399,10085.0,2880.0,1375.0
,,,,,,,,400,9956.0,2844.0,1358.0
,,,,,,,,401,10142.0,2896.0,1383.0
,,,,,,,,402,10717.0,3060.0,1461.0
,,,,,,,,403,11461.0,3273.0,1563.0
,,,,,,,,404,11348.0,3241.0,1547.0
,,,,,,,,405,10960.0,3130.0,1494.0
,,,,,,,,406,10247.0,2926.0,1397.0
,,,,,,,,407,9288.0,2653.0,1267.0
,,,,,,,,408,8437.0,2409.0,1150.0
,,,,,,,,409,7910.0,2259.0,1078.0
,,,,,,,,410,7642.0,2183.0,1042.0
,,,,,,,,411,7501.0,2142.0,1023.0
,,,,,,,,412,7505.0,2144.0,1023.0
,,,,,,,,413,7716.0,2203.0,1052.0
,,,,,,,,414,8468.0,2419.0,1155.0
,,,,,,,,415,9601.0,2742.0,1309.0
,,,,,,,,416,10166.0,2903.0,1386.0
,,,,,,,,417,10185.0,2909.0,1388.0
,,,,,,,,418,10116.0,2890.0,1379.0
,,,,,,,,419,10057.0,2872.0,1371.0
,,,,,,,,420,9938.0,2838.0,1355.0
,,,,,,,,421,9791.0,2796.0,1335.0
,,,,,,,,422,9707.0,2772.0,1323.0
,,,,,,,,423,9530.0,2722.0,1299.0
,,,,,,,,424,9443.0,2697.0,1288.0
,,,,,,,,425,9574.0,2734.0,1305.0
,,,,,,,,426,10109.0,2887.0,1378.0
,,,,,,,,427,10805.0,3085.0,1473.0
,,,,,,,,428,10641.0,3039.0,1451.0
,,,,,,,,429,10230.0,2921.0,1394.0
,,,,,,,,430,9517.0,2718.0,1298.0
,,,,,,,,431,8590.0,2453.0,1171.0
,,,,,,,,432,7740.0,2211.0,1055.0
,,,,,,,,433,6657.0,1901.0,908.0
,,,,,,,,434,6364.0,1818.0,868.0
,,,,,,,,435,6229.0,1779.0,849.0
,,,,,,,,436,6188.0,1767.0,843.0
,,,,,,,,437,6383.0,1823.0,870.0
,,,,,,,,438,7038.0,2010.0,959.0
,,,,,,,,439,8316.0,2375.0,1134.0
,,,,,,,,440,9058.0,2587.0,1235.0
,,,,,,,,441,9240.0,2639.0,1260.0
,,,,,,,,442,9335.0,2666.0,1272.0
,,,,,,,,443,9468.0,2704.0,1291.0
,,,,,,,,444,9552.0,2728.0,1302.0
,,,,,,,,445,9590.0,2739.0,1308.0
,,,,,,,,446,9666.0,2760.0,1318.0
,,,,,,,,447,9640.0,2753.0,1314.0
,,,,,,,,448,9594.0,2740.0,1308.0
,,,,,,,,449,9588.0,2738.0,1307.0
,,,,,,,,450,9612.0,2745.0,1310.0
,,,,,,,,451,9624.0,2749.0,1312.0
,,,,,,,,452,10133.0,2894.0,1382.0
,,,,,,,,453,9966.0,2846.0,1358.0
,,,,,,,,454,9241.0,2639.0,1260.0
,,,,,,,,455,8240.0,2353.0,1123.0
,,,,,,,,456,7373.0,2105.0,1005.0
,,,,,,,,457,6779.0,1936.0,924.0
,,,,,,,,458,6465.0,1846.0,881.0
,,,,,,,,459,6283.0,1794.0,857.0
,,,,,,,,460,6237.0,1781.0,850.0
,,,,,,,,461,6399.0,1828.0,873.0
,,,,,,,,462,7020.0,2005.0,957.0
,,,,,,,,463,8288.0,2367.0,1130.0
,,,,,,,,464,9036.0,2580.0,1232.0
,,,,,,,,465,9330.0,2665.0,1272.0
,,,,,,,,466,9512.0,2716.0,1297.0
,,,,,,,,467,9710.0,2773.0,1323.0
,,,,,,,,468,9832.0,2808.0,1341.0
,,,,,,,,469,9865.0,2817.0,1345.0
,,,,,,,,470,9921.0,2834.0,1353.0
,,,,,,,,471,9892.0,2825.0,1348.0
,,,,,,,,472,9842.0,2811.0,1342.0
,,,,,,,,473,9817.0,2804.0,1338.0
,,,,,,,,474,9815.0,2803.0,1338.0
,,,,,,,,475,9778.0,2793.0,1333.0
,,,,,,,,476,10245.0,2925.0,1397.0
,,,,,,,,477,10070.0,2876.0,1373.0
,,,,,,,,478,9360.0,2673.0,1276.0
,,,,,,,,479,8382.0,2394.0,1142.0
,,,,,,,,480,7475.0,2134.0,1019.0
,,,,,,,,481,7419.0,2119.0,1011.0
,,,,,,,,482,7123.0,2034.0,971.0
,,,,,,,,483,6985.0,1995.0,952.0
,,,,,,,,484,6940.0,1982.0,946.0
,,,,,,,,485,7129.0,2036.0,972.0
,,,,,,,,486,7814.0,2232.0,1065.0
,,,,,,,,487,9102.0,2600.0,1241.0
,,,,,,,,488,9850.0,2813.0,1343.0
,,,,,,,,489,9991.0,2854.0,1362.0
,,,,,,,,490,10009.0,2859.0,1364.0
,,,,,,,,491,10071.0,2876.0,1373.0
,,,,,,,,492,10080.0,2879.0,1374.0
,,,,,,,,493,10032.0,2865.0,1368.0
,,,,,,,,494,10005.0,2857.0,1364.0
,,,,,,,,495,9815.0,2803.0,1338.0
,,,,,,,,496,9654.0,2757.0,1316.0
,,,,,,,,497,9677.0,2764.0,1319.0
,,,,,,,,498,9788.0,2795.0,1334.0
,,,,,,,,499,9896.0,2826.0,1349.0
,,,,,,,,500,10272.0,2934.0,1400.0
,,,,,,,,501,10092.0,2882.0,1376.0
,,,,,,,,502,9415.0,2689.0,1283.0
,,,,,,,,503,8440.0,2410.0,1151.0
,,,,,,,,504,7582.0,2165.0,1034.0
,,,,,,,,505,7018.0,2004.0,957.0
,,,,,,,,506,6727.0,1921.0,917.0
,,,,,,,,507,6581.0,1879.0,897.0
,,,,,,,,508,6556.0,1873.0,893.0
,,,,,,,,509,6753.0,1928.0,920.0
,,,,,,,,510,7428.0,2121.0,1013.0
,,,,,,,,511,8721.0,2491.0,1189.0
,,,,,,,,512,9477.0,2706.0,1292.0
,,,,,,,,513,9692.0,2768.0,1321.0
,,,,,,,,514,9838.0,2810.0,1341.0
,,,,,,,,515,9951.0,2842.0,1357.0
,,,,,,,,516,9968.0,2847.0,1359.0
,,,,,,,,517,9901.0,2828.0,1350.0
,,,,,,,,518,9852.0,2814.0,1343.0
,,,,,,,,519,9696.0,2769.0,1322.0
,,,,,,,,520,9638.0,2752.0,1314.0
,,,,,,,,521,9714.0,2775.0,1324.0
,,,,,,,,522,9890.0,2825.0,1348.0
,,,,,,,,523,10066.0,2875.0,1373.0
,,,,,,,,524,10410.0,2973.0,1419.0
,,,,,,,,525,10215.0,2917.0,1393.0
,,,,,,,,526,9560.0,2730.0,1303.0
,,,,,,,,527,8612.0,2459.0,1174.0
,,,,,,,,528,7785.0,2224.0,1061.0
,,,,,,,,529,6905.0,1972.0,941.0
,,,,,,,,530,6630.0,1893.0,903.0
,,,,,,,,531,6508.0,1858.0,887.0
,,,,,,,,532,6509.0,1858.0,887.0
,,,,,,,,533,6735.0,1923.0,919.0
,,,,,,,,534,7448.0,2127.0,1015.0
,,,,,,,,535,8697.0,2484.0,1186.0
,,,,,,,,536,9414.0,2689.0,1283.0
,,,,,,,,537,9560.0,2730.0,1303.0
,,,,,,,,538,9634.0,2751.0,1313.0
,,,,,,,,539,9685.0,2766.0,1320.0
,,,,,,,,540,9653.0,2757.0,1316.0
,,,,,,,,541,9554.0,2729.0,1302.0
,,,,,,,,542,9489.0,2710.0,1293.0
,,,,,,,,543,9323.0,2663.0,1271.0
,,,,,,,,544,9189.0,2625.0,1252.0
,,,,,,,,545,9160.0,2616.0,1249.0
,,,,,,,,546,9222.0,2634.0,1257.0
,,,,,,,,547,9281.0,2650.0,1265.0
,,,,,,,,548,9725.0,2777.0,1326.0
,,,,,,,,549,9827.0,2806.0,1340.0
,,,,,,,,550,9316.0,2660.0,1270.0
,,,,,,,,551,8468.0,2419.0,1155.0
,,,,,,,,552,7652.0,2185.0,1043.0
,,,,,,,,553,7106.0,2029.0,969.0
,,,,,,,,554,6821.0,1948.0,929.0
,,,,,,,,555,6690.0,1911.0,912.0
,,,,,,,,556,6683.0,1908.0,911.0
,,,,,,,,557,6860.0,1959.0,935.0
,,,,,,,,558,7437.0,2124.0,1014.0
,,,,,,,,559,8328.0,2379.0,1136.0
,,,,,,,,560,9012.0,2574.0,1229.0
,,,,,,,,561,9323.0,2663.0,1271.0
,,,,,,,,562,9474.0,2705.0,1292.0
,,,,,,,,563,9513.0,2717.0,1297.0
,,,,,,,,564,9423.0,2691.0,1285.0
,,,,,,,,565,9274.0,2649.0,1264.0
,,,,,,,,566,9140.0,2610.0,1246.0
,,,,,,,,567,8946.0,2555.0,1220.0
,,,,,,,,568,8784.0,2509.0,1197.0
,,,,,,,,569,8758.0,2501.0,1194.0
,,,,,,,,570,8814.0,2517.0,1202.0
,,,,,,,,571,8848.0,2527.0,1206.0
,,,,,,,,572,9241.0,2639.0,1260.0
,,,,,,,,573,9343.0,2668.0,1273.0
,,,,,,,,574,8918.0,2547.0,1216.0
,,,,,,,,575,8249.0,2356.0,1125.0
,,,,,,,,576,7548.0,2155.0,1029.0
,,,,,,,,577,6991.0,1997.0,953.0
,,,,,,,,578,6724.0,1920.0,917.0
,,,,,,,,579,6596.0,1883.0,899.0
,,,,,,,,580,6596.0,1884.0,899.0
,,,,,,,,581,6801.0,1943.0,927.0
,,,,,,,,582,7481.0,2136.0,1020.0
,,,,,,,,583,8587.0,2452.0,1171.0
,,,,,,,,584,9306.0,2658.0,1268.0
,,,,,,,,585,9447.0,2698.0,1288.0
,,,,,,,,586,9497.0,2712.0,1295.0
,,,,,,,,587,9541.0,2725.0,1301.0
,,,,,,,,588,9480.0,2707.0,1292.0
,,,,,,,,589,9372.0,2676.0,1277.0
,,,,,,,,590,9309.0,2659.0,1269.0
,,,,,,,,591,9166.0,2618.0,1250.0
,,,,,,,,592,9001.0,2571.0,1227.0
,,,,,,,,593,8930.0,2550.0,1217.0
,,,,,,,,594,8879.0,2536.0,1211.0
,,,,,,,,595,8805.0,2514.0,1201.0
,,,,,,,,596,9104.0,2600.0,1242.0
,,,,,,,,597,9280.0,2650.0,1265.0
,,,,,,,,598,8797.0,2513.0,1199.0
,,,,,,,,599,8077.0,2307.0,1101.0
,,,,,,,,600,7300.0,2085.0,995.0
,,,,,,,,601,6755.0,1929.0,921.0
,,,,,,,,602,6437.0,1838.0,878.0
,,,,,,,,603,6256.0,1787.0,853.0
,,,,,,,,604,6218.0,1776.0,848.0
,,,,,,,,605,6288.0,1796.0,857.0
,,,,,,,,606,6558.0,1873.0,894.0
,,,,,,,,607,6904.0,1972.0,941.0
,,,,,,,,608,7527.0,2149.0,1026.0
,,,,,,,,609,8079.0,2307.0,1101.0
,,,,,,,,610,8418.0,2404.0,1147.0
,,,,,,,,611,8551.0,2442.0,1166.0
,,,,,,,,612,8516.0,2432.0,1161.0
,,,,,,,,613,8391.0,2396.0,1144.0
,,,,,,,,614,8236.0,2352.0,1123.0
,,,,,,,,615,8100.0,2314.0,1105.0
,,,,,,,,616,8053.0,2300.0,1098.0
,,,,,,,,617,8086.0,2309.0,1102.0
,,,,,,,,618,8187.0,2338.0,1116.0
,,,,,,,,619,8236.0,2352.0,1123.0
,,,,,,,,620,8553.0,2443.0,1166.0
,,,,,,,,621,8701.0,2484.0,1186.0
,,,,,,,,622,8272.0,2363.0,1128.0
,,,,,,,,623,7634.0,2180.0,1040.0
,,,,,,,,624,6991.0,1997.0,953.0
,,,,,,,,625,6672.0,1905.0,909.0
,,,,,,,,626,6341.0,1811.0,864.0
,,,,,,,,627,6150.0,1757.0,838.0
,,,,,,,,628,6065.0,1732.0,827.0
,,,,,,,,629,6112.0,1746.0,833.0
,,,,,,,,630,6317.0,1804.0,861.0
,,,,,,,,631,6622.0,1891.0,903.0
,,,,,,,,632,7218.0,2061.0,984.0
,,,,,,,,633,7883.0,2251.0,1075.0
,,,,,,,,634,8360.0,2388.0,1140.0
,,,,,,,,635,8615.0,2460.0,1175.0
,,,,,,,,636,8701.0,2484.0,1186.0
,,,,,,,,637,8697.0,2484.0,1186.0
,,,,,,,,638,8640.0,2467.0,1178.0
,,,,,,,,639,8583.0,2451.0,1170.0
,,,,,,,,640,8570.0,2448.0,1168.0
,,,,,,,,641,8630.0,2464.0,1176.0
,,,,,,,,642,8717.0,2490.0,1188.0
,,,,,,,,643,8680.0,2479.0,1183.0
,,,,,,,,644,8838.0,2525.0,1205.0
,,,,,,,,645,9013.0,2574.0,1229.0
,,,,,,,,646,8561.0,2445.0,1167.0
,,,,,,,,647,7906.0,2258.0,1078.0
,,,,,,,,648,7234.0,2066.0,986.0
,,,,,,,,649,6682.0,1908.0,911.0
,,,,,,,,650,6348.0,1813.0,865.0
,,,,,,,,651,6133.0,1752.0,836.0
,,,,,,,,652,6022.0,1720.0,821.0
,,,,,,,,653,6017.0,1718.0,820.0
,,,,,,,,654,6125.0,1749.0,835.0
,,,,,,,,655,6275.0,1792.0,855.0
,,,,,,,,656,6726.0,1921.0,917.0
,,,,,,,,657,7349.0,2099.0,1002.0
,,,,,,,,658,7889.0,2253.0,1075.0
,,,,,,,,659,8223.0,2349.0,1120.0
,,,,,,,,660,8446.0,2412.0,1151.0
,,,,,,,,661,8560.0,2444.0,1167.0
,,,,,,,,662,8565.0,2446.0,1167.0
,,,,,,,,663,8530.0,2436.0,1163.0
,,,,,,,,664,8569.0,2447.0,1168.0
,,,,,,,,665,8750.0,2499.0,1193.0
,,,,,,,,666,8957.0,2558.0,1221.0
,,,,,,,,667,9117.0,2604.0,1243.0
,,,,,,,,668,9243.0,2639.0,1260.0
,,,,,,,,669,9100.0,2599.0,1241.0
,,,,,,,,670,8489.0,2424.0,1157.0
,,,,,,,,671,7756.0,2215.0,1057.0
,,,,,,,,672,7072.0,2019.0,964.0
,,,,,,,,673,6861.0,1959.0,935.0
,,,,,,,,674,6565.0,1874.0,895.0
,,,,,,,,675,6405.0,1829.0,873.0
,,,,,,,,676,6366.0,1818.0,868.0
,,,,,,,,677,6544.0,1869.0,892.0
,,,,,,,,678,7180.0,2051.0,979.0
,,,,,,,,679,8344.0,2383.0,1137.0
,,,,,,,,680,9230.0,2636.0,1258.0
,,,,,,,,681,9513.0,2717.0,1297.0
,,,,,,,,682,9662.0,2760.0,1318.0
,,,,,,,,683,9776.0,2792.0,1332.0
,,,,,,,,684,9809.0,2801.0,1338.0
,,,,,,,,685,9733.0,2780.0,1327.0
,,,,,,,,686,9711.0,2773.0,1324.0
,,,,,,,,687,9570.0,2733.0,1305.0
,,,,,,,,688,9474.0,2705.0,1292.0
,,,,,,,,689,9521.0,2719.0,1298.0
,,,,,,,,690,9626.0,2749.0,1312.0
,,,,,,,,691,9664.0,2760.0,1318.0
,,,,,,,,692,9815.0,2803.0,1338.0
,,,,,,,,693,9884.0,2823.0,1348.0
,,,,,,,,694,9262.0,2645.0,1262.0
,,,,,,,,695,8295.0,2369.0,1130.0
,,,,,,,,696,7414.0,2117.0,1010.0
,,,,,,,,697,6838.0,1953.0,932.0
,,,,,,,,698,6519.0,1862.0,888.0
,,,,,,,,699,6355.0,1815.0,866.0
,,,,,,,,700,6311.0,1803.0,860.0
,,,,,,,,701,6470.0,1848.0,882.0
,,,,,,,,702,7079.0,2022.0,965.0
,,,,,,,,703,8216.0,2346.0,1120.0
,,,,,,,,704,9099.0,2599.0,1241.0
,,,,,,,,705,9462.0,2702.0,1290.0
,,,,,,,,706,9642.0,2754.0,1314.0
,,,,,,,,707,9815.0,2803.0,1338.0
,,,,,,,,708,9838.0,2810.0,1341.0
,,,,,,,,709,9781.0,2793.0,1333.0
,,,,,,,,710,9747.0,2784.0,1328.0
,,,,,,,,711,9601.0,2742.0,1309.0
,,,,,,,,712,9472.0,2705.0,1292.0
,,,,,,,,713,9462.0,2702.0,1290.0
,,,,,,,,714,9435.0,2694.0,1287.0
,,,,,,,,715,9349.0,2670.0,1274.0
,,,,,,,,716,9360.0,2673.0,1276.0
,,,,,,,,717,9471.0,2704.0,1291.0
,,,,,,,,718,8998.0,2569.0,1226.0
,,,,,,,,719,8240.0,2354.0,1123.0
,,,,,,,,720,7445.0,2126.0,1014.0
,,,,,,,,721,6647.0,1898.0,906.0
,,,,,,,,722,6259.0,1788.0,853.0
,,,,,,,,723,6038.0,1724.0,823.0
,,,,,,,,724,5917.0,1690.0,807.0
,,,,,,,,725,5900.0,1685.0,804.0
,,,,,,,,726,5910.0,1688.0,806.0
,,,,,,,,727,6141.0,1753.0,837.0
,,,,,,,,728,6723.0,1920.0,917.0
,,,,,,,,729,7442.0,2125.0,1014.0
,,,,,,,,730,7980.0,2279.0,1088.0
,,,,,,,,731,8269.0,2362.0,1127.0
,,,,,,,,732,8423.0,2405.0,1148.0
,,,,,,,,733,8495.0,2426.0,1158.0
,,,,,,,,734,8479.0,2421.0,1156.0
,,,,,,,,735,8462.0,2417.0,1154.0
,,,,,,,,736,8499.0,2427.0,1159.0
,,,,,,,,737,8600.0,2456.0,1172.0
,,,,,,,,738,8723.0,2491.0,1189.0
,,,,,,,,739,8754.0,2500.0,1193.0
,,,,,,,,740,8899.0,2542.0,1213.0
,,,,,,,,741,9308.0,2658.0,1269.0
,,,,,,,,742,8922.0,2548.0,1216.0
,,,,,,,,743,8106.0,2315.0,1105.0
,,,,,,,,744,7299.0,2084.0,995.0
,,,,,,,,745,6722.0,1920.0,916.0
,,,,,,,,746,6422.0,1834.0,875.0
,,,,,,,,747,6253.0,1786.0,853.0
,,,,,,,,748,6207.0,1773.0,846.0
,,,,,,,,749,6397.0,1827.0,872.0
,,,,,,,,750,6964.0,1989.0,949.0
,,,,,,,,751,8084.0,2309.0,1102.0
,,,,,,,,752,9038.0,2581.0,1232.0
,,,,,,,,753,9453.0,2700.0,1288.0
,,,,,,,,754,9742.0,2782.0,1328.0
,,,,,,,,755,9996.0,2855.0,1363.0
,,,,,,,,756,10147.0,2898.0,1383.0
,,,,,,,,757,10197.0,2912.0,1390.0
,,,,,,,,758,10193.0,2911.0,1389.0
,,,,,,,,759,10112.0,2888.0,1378.0
,,,,,,,,760,10019.0,2861.0,1366.0
,,,,,,,,761,10014.0,2860.0,1365.0
,,,,,,,,762,10042.0,2868.0,1369.0
,,,,,,,,763,9969.0,2847.0,1359.0
,,,,,,,,764,9968.0,2847.0,1359.0
,,,,,,,,765,10030.0,2865.0,1368.0
,,,,,,,,766,9396.0,2683.0,1281.0
,,,,,,,,767,8420.0,2404.0,1148.0
,,,,,,,,768,7506.0,2144.0,1023.0
,,,,,,,,769,7392.0,2111.0,1008.0
,,,,,,,,770,7004.0,2000.0,954.0
,,,,,,,,771,6762.0,1931.0,922.0
,,,,,,,,772,6687.0,1910.0,912.0
,,,,,,,,773,6814.0,1946.0,929.0
,,,,,,,,774,7291.0,2082.0,994.0
,,,,,,,,775,8384.0,2394.0,1143.0
,,,,,,,,776,9394.0,2683.0,1281.0
,,,,,,,,777,9918.0,2833.0,1353.0
,,,,,,,,778,10222.0,2920.0,1393.0
,,,,,,,,779,10468.0,2990.0,1427.0
,,,,,,,,780,10574.0,3020.0,1442.0
,,,,,,,,781,10612.0,3030.0,1447.0
,,,,,,,,782,10694.0,3055.0,1458.0
,,,,,,,,783,10721.0,3062.0,1462.0
,,,,,,,,784,10732.0,3065.0,1463.0
,,,,,,,,785,10747.0,3070.0,1465.0
,,,,,,,,786,10667.0,3046.0,1454.0
,,,,,,,,787,10417.0,2975.0,1420.0
,,,,,,,,788,10180.0,2907.0,1388.0
,,,,,,,,789,10206.0,2915.0,1391.0
,,,,,,,,790,9991.0,2854.0,1363.0
,,,,,,,,791,9018.0,2575.0,1230.0
,,,,,,,,792,8021.0,2291.0,1094.0
,,,,,,,,793,7319.0,2090.0,998.0
,,,,,,,,794,6879.0,1965.0,938.0
,,,,,,,,795,6647.0,1898.0,906.0
,,,,,,,,796,6563.0,1874.0,894.0
,,,,,,,,797,6672.0,1906.0,909.0
,,,,,,,,798,7054.0,2014.0,962.0
,,,,,,,,799,8116.0,2318.0,1106.0
,,,,,,,,800,9143.0,2611.0,1247.0
,,,,,,,,801,9767.0,2790.0,1332.0
,,,,,,,,802,10176.0,2906.0,1388.0
,,,,,,,,803,10484.0,2994.0,1429.0
,,,,,,,,804,10631.0,3036.0,1449.0
,,,,,,,,805,10675.0,3049.0,1455.0
,,,,,,,,806,10762.0,3074.0,1467.0
,,,,,,,,807,10762.0,3074.0,1467.0
,,,,,,,,808,10736.0,3066.0,1464.0
,,,,,,,,809,10711.0,3059.0,1460.0
,,,,,,,,810,10555.0,3015.0,1439.0
,,,,,,,,811,10228.0,2921.0,1394.0
,,,,,,,,812,9917.0,2833.0,1352.0
,,,,,,,,813,9863.0,2817.0,1345.0
,,,,,,,,814,9680.0,2765.0,1320.0
,,,,,,,,815,8855.0,2529.0,1207.0
,,,,,,,,816,7943.0,2269.0,1083.0
,,,,,,,,817,7846.0,2241.0,1070.0
,,,,,,,,818,7428.0,2121.0,1013.0
,,,,,,,,819,7207.0,2058.0,983.0
,,,,,,,,820,7114.0,2032.0,969.0
,,,,,,,,821,7251.0,2071.0,989.0
,,,,,,,,822,7711.0,2203.0,1051.0
,,,,,,,,823,8877.0,2535.0,1210.0
,,,,,,,,824,10242.0,2925.0,1396.0
,,,,,,,,825,11330.0,3236.0,1545.0
,,,,,,,,826,12323.0,3520.0,1680.0
,,,,,,,,827,13271.0,3791.0,1809.0
,,,,,,,,828,14018.0,4003.0,1911.0
,,,,,,,,829,14581.0,4164.0,1988.0
,,,,,,,,830,15093.0,4311.0,2058.0
,,,,,,,,831,15447.0,4412.0,2106.0
,,,,,,,,832,15707.0,4486.0,2141.0
,,,,,,,,833,15909.0,4543.0,2169.0
,,,,,,,,834,15926.0,4548.0,2171.0
,,,,,,,,835,15700.0,4484.0,2140.0
,,,,,,,,836,15359.0,4387.0,2095.0
,,,,,,,,837,15173.0,4333.0,2069.0
,,,,,,,,838,14767.0,4217.0,2014.0
,,,,,,,,839,13435.0,3837.0,1832.0
,,,,,,,,840,12086.0,3451.0,1648.0
,,,,,,,,841,11038.0,3152.0,1505.0
,,,,,,,,842,10383.0,2965.0,1416.0
,,,,,,,,843,9935.0,2837.0,1354.0
,,,,,,,,844,9639.0,2753.0,1314.0
,,,,,,,,845,9592.0,2740.0,1308.0
,,,,,,,,846,9882.0,2823.0,1348.0
,,,,,,,,847,11019.0,3147.0,1502.0
,,,,,,,,848,12382.0,3536.0,1688.0
,,,,,,,,849,13487.0,3852.0,1839.0
,,,,,,,,850,14407.0,4115.0,1964.0
,,,,,,,,851,15168.0,4332.0,2068.0
,,,,,,,,852,15709.0,4487.0,2142.0
,,,,,,,,853,16041.0,4581.0,2187.0
,,,,,,,,854,16310.0,4658.0,2224.0
,,,,,,,,855,16457.0,4700.0,2244.0
,,,,,,,,856,16537.0,4724.0,2255.0
,,,,,,,,857,16586.0,4737.0,2262.0
,,,,,,,,858,16450.0,4698.0,2243.0
,,,,,,,,859,16134.0,4608.0,2200.0
,,,,,,,,860,15666.0,4474.0,2136.0
,,,,,,,,861,15366.0,4388.0,2095.0
,,,,,,,,862,14862.0,4244.0,2026.0
,,,,,,,,863,13490.0,3852.0,1839.0
,,,,,,,,864,12104.0,3457.0,1651.0
,,,,,,,,865,11046.0,3155.0,1506.0
,,,,,,,,866,10349.0,2955.0,1411.0
,,,,,,,,867,9877.0,2820.0,1347.0
,,,,,,,,868,9574.0,2735.0,1305.0
,,,,,,,,869,9561.0,2730.0,1303.0
,,,,,,,,870,9840.0,2810.0,1342.0
,,,,,,,,871,10905.0,3115.0,1487.0
,,,,,,,,872,12240.0,3496.0,1669.0
,,,,,,,,873,13344.0,3812.0,1819.0
,,,,,,,,874,14270.0,4076.0,1946.0
,,,,,,,,875,15030.0,4293.0,2050.0
,,,,,,,,876,15635.0,4465.0,2132.0
,,,,,,,,877,16034.0,4579.0,2186.0
,,,,,,,,878,16264.0,4644.0,2217.0
,,,,,,,,879,16219.0,4632.0,2212.0
,,,,,,,,880,16005.0,4570.0,2182.0
,,,,,,,,881,15501.0,4427.0,2114.0
,,,,,,,,882,14835.0,4237.0,2023.0
,,,,,,,,883,14025.0,4005.0,1913.0
,,,,,,,,884,13368.0,3817.0,1823.0
,,,,,,,,885,13065.0,3731.0,1782.0
,,,,,,,,886,12573.0,3591.0,1714.0
,,,,,,,,887,11562.0,3301.0,1576.0
,,,,,,,,888,10467.0,2990.0,1427.0
,,,,,,,,889,9583.0,2737.0,1307.0
,,,,,,,,890,9032.0,2580.0,1232.0
,,,,,,,,891,8647.0,2469.0,1179.0
,,,,,,,,892,8409.0,2401.0,1146.0
,,,,,,,,893,8334.0,2380.0,1136.0
,,,,,,,,894,8374.0,2391.0,1141.0
,,,,,,,,895,8676.0,2478.0,1182.0
,,,,,,,,896,9269.0,2647.0,1263.0
,,,,,,,,897,10067.0,2875.0,1373.0
,,,,,,,,898,10795.0,3083.0,1472.0
,,,,,,,,899,11427.0,3264.0,1558.0
,,,,,,,,900,11895.0,3397.0,1621.0
,,,,,,,,901,12183.0,3479.0,1661.0
,,,,,,,,902,12315.0,3517.0,1679.0
,,,,,,,,903,12399.0,3541.0,1691.0
,,,,,,,,904,12431.0,3551.0,1695.0
,,,,,,,,905,12327.0,3521.0,1681.0
,,,,,,,,906,11944.0,3411.0,1628.0
,,,,,,,,907,11379.0,3250.0,1551.0
,,,,,,,,908,10878.0,3107.0,1483.0
,,,,,,,,909,10615.0,3031.0,1447.0
,,,,,,,,910,10364.0,2960.0,1413.0
,,,,,,,,911,9619.0,2747.0,1312.0
,,,,,,,,912,8754.0,2500.0,1193.0
,,,,,,,,913,7646.0,2184.0,1042.0
,,,,,,,,914,7232.0,2065.0,986.0
,,,,,,,,915,7005.0,2001.0,955.0
,,,,,,,,916,6894.0,1968.0,939.0
,,,,,,,,917,6995.0,1998.0,954.0
,,,,,,,,918,7368.0,2104.0,1004.0
,,,,,,,,919,8274.0,2363.0,1128.0
,,,,,,,,920,9235.0,2638.0,1259.0
,,,,,,,,921,9836.0,2810.0,1341.0
,,,,,,,,922,10224.0,2920.0,1394.0
,,,,,,,,923,10593.0,3025.0,1444.0
,,,,,,,,924,10793.0,3082.0,1471.0
,,,,,,,,925,10888.0,3110.0,1484.0
,,,,,,,,926,10944.0,3126.0,1492.0
,,,,,,,,927,10911.0,3115.0,1488.0
,,,,,,,,928,10803.0,3085.0,1473.0
,,,,,,,,929,10747.0,3070.0,1465.0
,,,,,,,,930,10657.0,3044.0,1453.0
,,,,,,,,931,10418.0,2975.0,1420.0
,,,,,,,,932,10184.0,2909.0,1388.0
,,,,,,,,933,10186.0,2909.0,1388.0
,,,,,,,,934,9873.0,2820.0,1346.0
,,,,,,,,935,8975.0,2563.0,1223.0
,,,,,,,,936,8029.0,2293.0,1095.0
,,,,,,,,937,7389.0,2110.0,1007.0
,,,,,,,,938,6997.0,1998.0,954.0
,,,,,,,,939,6763.0,1932.0,922.0
,,,,,,,,940,6700.0,1913.0,913.0
,,,,,,,,941,6818.0,1948.0,929.0
,,,,,,,,942,7232.0,2065.0,986.0
,,,,,,,,943,8148.0,2327.0,1110.0
,,,,,,,,944,9146.0,2612.0,1247.0
,,,,,,,,945,9789.0,2795.0,1334.0
,,,,,,,,946,10237.0,2924.0,1396.0
,,,,,,,,947,10628.0,3035.0,1449.0
,,,,,,,,948,10871.0,3105.0,1482.0
,,,,,,,,949,11000.0,3141.0,1499.0
,,,,,,,,950,11160.0,3187.0,1521.0
,,,,,,,,951,11214.0,3203.0,1529.0
,,,,,,,,952,11200.0,3199.0,1527.0
,,,,,,,,953,11185.0,3195.0,1525.0
,,,,,,,,954,11101.0,3170.0,1514.0
,,,,,,,,955,10862.0,3102.0,1481.0
,,,,,,,,956,10631.0,3036.0,1449.0
,,,,,,,,957,10606.0,3029.0,1446.0
,,,,,,,,958,10358.0,2958.0,1412.0
,,,,,,,,959,9432.0,2694.0,1286.0
,,,,,,,,960,8464.0,2417.0,1154.0
,,,,,,,,961,7752.0,2214.0,1057.0
,,,,,,,,962,7322.0,2091.0,998.0
,,,,,,,,963,7071.0,2019.0,964.0
,,,,,,,,964,6940.0,1982.0,946.0
,,,,,,,,965,7046.0,2013.0,960.0
,,,,,,,,966,7442.0,2125.0,1014.0
,,,,,,,,967,8394.0,2397.0,1144.0
,,,,,,,,968,9528.0,2721.0,1299.0
,,,,,,,,969,10325.0,2949.0,1408.0
,,,,,,,,970,10903.0,3114.0,1486.0
,,,,,,,,971,11418.0,3261.0,1557.0
,,,,,,,,972,11788.0,3366.0,1607.0
,,,,,,,,973,12051.0,3442.0,1643.0
,,,,,,,,974,12276.0,3506.0,1674.0
,,,,,,,,975,12496.0,3569.0,1704.0
,,,,,,,,976,12642.0,3611.0,1724.0
,,,,,,,,977,12819.0,3661.0,1747.0
,,,,,,,,978,12837.0,3667.0,1750.0
,,,,,,,,979,12597.0,3598.0,1717.0
,,,,,,,,980,12217.0,3489.0,1666.0
,,,,,,,,981,12093.0,3454.0,1649.0
,,,,,,,,982,11798.0,3370.0,1609.0
,,,,,,,,983,10737.0,3066.0,1464.0
,,,,,,,,984,9594.0,2740.0,1308.0
,,,,,,,,985,8726.0,2492.0,1190.0
,,,,,,,,986,8191.0,2339.0,1116.0
,,,,,,,,987,7875.0,2249.0,1074.0
,,,,,,,,988,7731.0,2208.0,1054.0
,,,,,,,,989,7822.0,2234.0,1066.0
,,,,,,,,990,8244.0,2354.0,1124.0
,,,,,,,,991,9145.0,2612.0,1247.0
,,,,,,,,992,10242.0,2925.0,1396.0
,,,,,,,,993,10958.0,3130.0,1494.0
,,,,,,,,994,11454.0,3271.0,1561.0
,,,,,,,,995,11983.0,3422.0,1634.0
,,,,,,,,996,12567.0,3590.0,1713.0
,,,,,,,,997,13150.0,3757.0,1793.0
,,,,,,,,998,13780.0,3936.0,1878.0
,,,,,,,,999,14271.0,4076.0,1946.0
,,,,,,,,1000,14556.0,4158.0,1984.0
,,,,,,,,1001,14788.0,4223.0,2016.0
,,,,,,,,1002,14793.0,4225.0,2017.0
,,,,,,,,1003,14460.0,4130.0,1972.0
,,,,,,,,1004,13907.0,3972.0,1896.0
,,,,,,,,1005,13507.0,3857.0,1842.0
,,,,,,,,1006,12974.0,3706.0,1769.0
,,,,,,,,1007,11782.0,3365.0,1606.0
,,,,,,,,1008,10484.0,2994.0,1429.0
,,,,,,,,1009,9966.0,2846.0,1358.0
,,,,,,,,1010,9488.0,2710.0,1293.0
,,,,,,,,1011,9182.0,2622.0,1252.0
,,,,,,,,1012,9021.0,2576.0,1230.0
,,,,,,,,1013,9083.0,2594.0,1238.0
,,,,,,,,1014,9497.0,2712.0,1295.0
,,,,,,,,1015,10491.0,2996.0,1430.0
,,,,,,,,1016,11808.0,3372.0,1610.0
,,,,,,,,1017,12831.0,3665.0,1749.0
,,,,,,,,1018,13653.0,3899.0,1862.0
,,,,,,,,1019,14376.0,4106.0,1960.0
,,,,,,,,1020,14958.0,4272.0,2040.0
,,,,,,,,1021,15407.0,4400.0,2100.0
,,,,,,,,1022,15793.0,4511.0,2153.0
,,,,,,,,1023,15875.0,4534.0,2165.0
,,,,,,,,1024,15907.0,4543.0,2169.0
,,,,,,,,1025,15877.0,4534.0,2165.0
,,,,,,,,1026,15759.0,4501.0,2149.0
,,,,,,,,1027,15392.0,4396.0,2099.0
,,,,,,,,1028,14909.0,4258.0,2033.0
,,,,,,,,1029,14720.0,4204.0,2007.0
,,,,,,,,1030,14135.0,4037.0,1927.0
,,,,,,,,1031,12785.0,3651.0,1743.0
,,,,,,,,1032,11449.0,3270.0,1561.0
,,,,,,,,1033,10503.0,3000.0,1432.0
,,,,,,,,1034,9889.0,2825.0,1348.0
,,,,,,,,1035,9493.0,2711.0,1294.0
,,,,,,,,1036,9245.0,2640.0,1261.0
,,,,,,,,1037,9268.0,2647.0,1263.0
,,,,,,,,1038,9643.0,2754.0,1315.0
,,,,,,,,1039,10684.0,3051.0,1457.0
,,,,,,,,1040,12036.0,3437.0,1641.0
,,,,,,,,1041,13120.0,3747.0,1789.0
,,,,,,,,1042,14080.0,4021.0,1919.0
,,,,,,,,1043,14910.0,4258.0,2033.0
,,,,,,,,1044,15478.0,4421.0,2110.0
,,,,,,,,1045,15870.0,4533.0,2164.0
,,,,,,,,1046,16225.0,4633.0,2212.0
,,,,,,,,1047,16448.0,4698.0,2242.0
,,,,,,,,1048,16617.0,4746.0,2266.0
,,,,,,,,1049,16717.0,4774.0,2279.0
,,,,,,,,1050,16579.0,4735.0,2261.0
,,,,,,,,1051,16199.0,4626.0,2209.0
,,,,,,,,1052,15701.0,4484.0,2140.0
,,,,,,,,1053,15416.0,4403.0,2102.0
,,,,,,,,1054,14854.0,4243.0,2025.0
,,,,,,,,1055,13581.0,3878.0,1852.0
,,,,,,,,1056,12317.0,3518.0,1679.0
,,,,,,,,1057,8709.0,2488.0,1187.0
,,,,,,,,1058,8246.0,2355.0,1124.0
,,,,,,,,1059,7952.0,2271.0,1084.0
,,,,,,,,1060,7819.0,2233.0,1066.0
,,,,,,,,1061,7898.0,2256.0,1077.0
,,,,,,,,1062,8298.0,2369.0,1131.0
,,,,,,,,1063,9095.0,2598.0,1240.0
,,,,,,,,1064,10038.0,2867.0,1368.0
,,,,,,,,1065,10658.0,3044.0,1453.0
,,,,,,,,1066,10981.0,3136.0,1497.0
,,,,,,,,1067,11194.0,3197.0,1526.0
,,,,,,,,1068,11231.0,3207.0,1531.0
,,,,,,,,1069,11176.0,3192.0,1524.0
,,,,,,,,1070,11164.0,3189.0,1522.0
,,,,,,,,1071,11055.0,3157.0,1507.0
,,,,,,,,1072,10895.0,3111.0,1485.0
,,,,,,,,1073,10808.0,3086.0,1474.0
,,,,,,,,1074,10694.0,3054.0,1458.0
,,,,,,,,1075,10434.0,2980.0,1423.0
,,,,,,,,1076,10219.0,2919.0,1393.0
,,,,,,,,1077,10306.0,2944.0,1405.0
,,,,,,,,1078,10050.0,2870.0,1370.0
,,,,,,,,1079,9270.0,2648.0,1264.0
,,,,,,,,1080,8395.0,2398.0,1145.0
,,,,,,,,1081,7709.0,2202.0,1051.0
,,,,,,,,1082,7263.0,2074.0,990.0
,,,,,,,,1083,6990.0,1996.0,953.0
,,,,,,,,1084,6839.0,1953.0,933.0
,,,,,,,,1085,6817.0,1947.0,929.0
,,,,,,,,1086,6868.0,1962.0,936.0
,,,,,,,,1087,7216.0,2061.0,984.0
,,,,,,,,1088,7939.0,2268.0,1082.0
,,,,,,,,1089,8804.0,2514.0,1200.0
,,,,,,,,1090,9461.0,2702.0,1290.0
,,,,,,,,1091,9878.0,2821.0,1347.0
,,,,,,,,1092,10121.0,2890.0,1380.0
,,,,,,,,1093,10244.0,2925.0,1397.0
,,,,,,,,1094,10305.0,2943.0,1405.0
,,,,,,,,1095,10361.0,2960.0,1413.0
,,,,,,,,1096,10448.0,2984.0,1424.0
,,,,,,,,1097,10582.0,3022.0,1443.0
,,,,,,,,1098,10647.0,3040.0,1452.0
,,,,,,,,1099,10513.0,3002.0,1434.0
,,,,,,,,1100,10187.0,2910.0,1389.0
,,,,,,,,1101,10152.0,2900.0,1384.0
,,,,,,,,1102,9931.0,2836.0,1354.0
,,,,,,,,1103,9213.0,2631.0,1256.0
,,,,,,,,1104,8419.0,2404.0,1147.0
,,,,,,,,1105,9823.0,2805.0,1339.0
,,,,,,,,1106,9304.0,2657.0,1268.0
,,,,,,,,1107,8976.0,2564.0,1224.0
,,,,,,,,1108,8828.0,2521.0,1203.0
,,,,,,,,1109,8898.0,2541.0,1213.0
,,,,,,,,1110,9294.0,2655.0,1267.0
,,,,,,,,1111,10147.0,2898.0,1383.0
,,,,,,,,1112,11312.0,3231.0,1542.0
,,,,,,,,1113,12317.0,3518.0,1679.0
,,,,,,,,1114,13142.0,3754.0,1792.0
,,,,,,,,1115,13876.0,3963.0,1892.0
,,,,,,,,1116,14352.0,4099.0,1957.0
,,,,,,,,1117,14766.0,4217.0,2014.0
,,,,,,,,1118,15124.0,4319.0,2062.0
,,,,,,,,1119,15260.0,4358.0,2080.0
,,,,,,,,1120,15127.0,4320.0,2062.0
,,,,,,,,1121,14868.0,4247.0,2027.0
,,,,,,,,1122,14538.0,4152.0,1982.0
,,,,,,,,1123,14018.0,4003.0,1911.0
,,,,,,,,1124,13486.0,3852.0,1839.0
,,,,,,,,1125,13252.0,3785.0,1807.0
,,,,,,,,1126,12536.0,3581.0,1709.0
,,,,,,,,1127,11223.0,3205.0,1530.0
,,,,,,,,1128,9950.0,2842.0,1357.0
,,,,,,,,1129,8983.0,2565.0,1225.0
,,,,,,,,1130,8359.0,2387.0,1140.0
,,,,,,,,1131,7973.0,2277.0,1087.0
,,,,,,,,1132,7747.0,2213.0,1056.0
,,,,,,,,1133,7777.0,2221.0,1060.0
,,,,,,,,1134,8117.0,2319.0,1106.0
,,,,,,,,1135,8937.0,2553.0,1218.0
,,,,,,,,1136,9991.0,2854.0,1362.0
,,,,,,,,1137,10734.0,3065.0,1464.0
,,,,,,,,1138,11242.0,3211.0,1533.0
,,,,,,,,1139,11641.0,3325.0,1587.0
,,,,,,,,1140,11899.0,3398.0,1622.0
,,,,,,,,1141,12074.0,3449.0,1646.0
,,,,,,,,1142,12324.0,3520.0,1681.0
,,,,,,,,1143,12535.0,3580.0,1709.0
,,,,,,,,1144,12728.0,3635.0,1735.0
,,,,,,,,1145,12896.0,3683.0,1758.0
,,,,,,,,1146,12889.0,3681.0,1757.0
,,,,,,,,1147,12544.0,3582.0,1711.0
,,,,,,,,1148,12095.0,3455.0,1649.0
,,,,,,,,1149,12113.0,3460.0,1651.0
,,,,,,,,1150,11651.0,3327.0,1589.0
,,,,,,,,1151,10594.0,3025.0,1444.0
,,,,,,,,1152,9510.0,2716.0,1297.0
,,,,,,,,1153,8841.0,2525.0,1206.0
,,,,,,,,1154,8290.0,2368.0,1130.0
,,,,,,,,1155,7940.0,2268.0,1082.0
,,,,,,,,1156,7780.0,2222.0,1060.0
,,,,,,,,1157,7842.0,2240.0,1069.0
,,,,,,,,1158,8243.0,2354.0,1124.0
,,,,,,,,1159,9050.0,2584.0,1234.0
,,,,,,,,1160,10120.0,2890.0,1380.0
,,,,,,,,1161,10886.0,3109.0,1484.0
,,,,,,,,1162,11513.0,3288.0,1570.0
,,,,,,,,1163,12082.0,3451.0,1647.0
,,,,,,,,1164,12519.0,3576.0,1707.0
,,,,,,,,1165,12823.0,3662.0,1748.0
,,,,,,,,1166,13148.0,3755.0,1793.0
,,,,,,,,1167,13329.0,3807.0,1817.0
,,,,,,,,1168,13448.0,3841.0,1833.0
,,,,,,,,1169,13506.0,3857.0,1842.0
,,,,,,,,1170,13365.0,3817.0,1823.0
,,,,,,,,1171,12977.0,3706.0,1769.0
,,,,,,,,1172,12581.0,3593.0,1716.0
,,,,,,,,1173,12628.0,3606.0,1721.0
,,,,,,,,1174,12040.0,3439.0,1641.0
,,,,,,,,1175,10917.0,3118.0,1489.0
,,,,,,,,1176,9815.0,2803.0,1338.0
,,,,,,,,1177,8987.0,2567.0,1225.0
,,,,,,,,1178,8439.0,2410.0,1151.0
,,,,,,,,1179,8082.0,2308.0,1101.0
,,,,,,,,1180,7904.0,2258.0,1077.0
,,,,,,,,1181,7989.0,2282.0,1089.0
,,,,,,,,1182,8431.0,2408.0,1150.0
,,,,,,,,1183,9267.0,2647.0,1263.0
,,,,,,,,1184,10384.0,2965.0,1416.0
,,,,,,,,1185,11330.0,3236.0,1545.0
,,,,,,,,1186,12128.0,3464.0,1654.0
,,,,,,,,1187,12897.0,3683.0,1758.0
,,,,,,,,1188,13475.0,3848.0,1837.0
,,,,,,,,1189,13885.0,3966.0,1893.0
,,,,,,,,1190,14265.0,4074.0,1945.0
,,,,,,,,1191,14470.0,4132.0,1973.0
,,,,,,,,1192,14565.0,4160.0,1986.0
,,,,,,,,1193,14527.0,4149.0,1981.0
,,,,,,,,1194,14322.0,4091.0,1953.0
,,,,,,,,1195,13926.0,3977.0,1898.0
,,,,,,,,1196,13589.0,3881.0,1853.0
,,,,,,,,1197,13634.0,3894.0,1859.0
,,,,,,,,1198,12975.0,3706.0,1769.0
,,,,,,,,1199,11796.0,3369.0,1608.0
,,,,,,,,1200,10595.0,3026.0,1444.0
,,,,,,,,1201,9672.0,2762.0,1318.0
,,,,,,,,1202,9147.0,2613.0,1247.0
,,,,,,,,1203,8794.0,2512.0,1199.0
,,,,,,,,1204,8631.0,2465.0,1176.0
,,,,,,,,1205,8713.0,2489.0,1188.0
,,,,,,,,1206,9214.0,2632.0,1256.0
,,,,,,,,1207,10065.0,2875.0,1372.0
,,,,,,,,1208,11176.0,3192.0,1524.0
,,,,,,,,1209,12139.0,3467.0,1655.0
,,,,,,,,1210,13013.0,3716.0,1774.0
,,,,,,,,1211,13854.0,3957.0,1889.0
,,,,,,,,1212,14496.0,4140.0,1976.0
,,,,,,,,1213,14926.0,4262.0,2035.0
,,,,,,,,1214,15280.0,4364.0,2084.0
,,,,,,,,1215,15412.0,4402.0,2101.0
,,,,,,,,1216,15428.0,4407.0,2104.0
,,,,,,,,1217,15336.0,4379.0,2091.0
,,,,,,,,1218,15060.0,4301.0,2053.0
,,,,,,,,1219,14544.0,4153.0,1983.0
,,,,,,,,1220,14187.0,4052.0,1934.0
,,,,,,,,1221,14168.0,4046.0,1932.0
,,,,,,,,1222,13459.0,3844.0,1835.0
,,,,,,,,1223,12278.0,3506.0,1674.0
,,,,,,,,1224,11108.0,3172.0,1515.0
,,,,,,,,1225,10240.0,2925.0,1396.0
,,,,,,,,1226,9706.0,2772.0,1323.0
,,,,,,,,1227,9356.0,2672.0,1276.0
,,,,,,,,1228,9200.0,2628.0,1254.0
,,,,,,,,1229,9282.0,2651.0,1266.0
,,,,,,,,1230,9783.0,2794.0,1333.0
,,,,,,,,1231,10645.0,3040.0,1451.0
,,,,,,,,1232,11749.0,3356.0,1602.0
,,,,,,,,1233,12660.0,3616.0,1726.0
,,,,,,,,1234,13396.0,3826.0,1827.0
,,,,,,,,1235,13980.0,3992.0,1906.0
,,,,,,,,1236,14370.0,4104.0,1959.0
,,,,,,,,1237,14459.0,4129.0,1971.0
,,,,,,,,1238,14379.0,4107.0,1960.0
,,,,,,,,1239,14083.0,4022.0,1920.0
,,,,,,,,1240,13676.0,3906.0,1865.0
,,,,,,,,1241,13431.0,3836.0,1832.0
,,,,,,,,1242,13155.0,3757.0,1793.0
,,,,,,,,1243,12789.0,3652.0,1744.0
,,,,,,,,1244,12523.0,3576.0,1707.0
,,,,,,,,1245,12521.0,3576.0,1707.0
,,,,,,,,1246,12052.0,3442.0,1643.0
,,,,,,,,1247,11210.0,3201.0,1529.0
,,,,,,,,1248,10273.0,2934.0,1401.0
,,,,,,,,1249,7934.0,2266.0,1081.0
,,,,,,,,1250,7502.0,2143.0,1023.0
,,,,,,,,1251,7216.0,2061.0,984.0
,,,,,,,,1252,7063.0,2018.0,963.0
,,,,,,,,1253,7000.0,1999.0,954.0
,,,,,,,,1254,7071.0,2019.0,964.0
,,,,,,,,1255,7168.0,2048.0,977.0
,,,,,,,,1256,7634.0,2180.0,1040.0
,,,,,,,,1257,8385.0,2394.0,1143.0
,,,,,,,,1258,9027.0,2578.0,1231.0
,,,,,,,,1259,9466.0,2704.0,1291.0
,,,,,,,,1260,9769.0,2790.0,1332.0
,,,,,,,,1261,10015.0,2860.0,1365.0
,,,,,,,,1262,10116.0,2890.0,1379.0
,,,,,,,,1263,10172.0,2905.0,1387.0
,,,,,,,,1264,10191.0,2910.0,1389.0
,,,,,,,,1265,10210.0,2916.0,1392.0
,,,,,,,,1266,10225.0,2920.0,1394.0
,,,,,,,,1267,10078.0,2879.0,1374.0
,,,,,,,,1268,10127.0,2893.0,1381.0
,,,,,,,,1269,10072.0,2877.0,1373.0
,,,,,,,,1270,9582.0,2736.0,1307.0
,,,,,,,,1271,8888.0,2539.0,1212.0
,,,,,,,,1272,8142.0,2325.0,1110.0
,,,,,,,,1273,7547.0,2155.0,1029.0
,,,,,,,,1274,7150.0,2042.0,974.0
,,,,,,,,1275,6905.0,1973.0,941.0
,,,,,,,,1276,6784.0,1938.0,924.0
,,,,,,,,1277,6794.0,1941.0,926.0
,,,,,,,,1278,6988.0,1996.0,953.0
,,,,,,,,1279,7209.0,2058.0,983.0
,,,,,,,,1280,7658.0,2187.0,1044.0
,,,,,,,,1281,8383.0,2394.0,1143.0
,,,,,,,,1282,9091.0,2596.0,1239.0
,,,,,,,,1283,9592.0,2740.0,1308.0
,,,,,,,,1284,9917.0,2832.0,1352.0
,,,,,,,,1285,10094.0,2883.0,1376.0
,,,,,,,,1286,10204.0,2915.0,1391.0
,,,,,,,,1287,10277.0,2935.0,1401.0
,,,,,,,,1288,10346.0,2955.0,1410.0
,,,,,,,,1289,10475.0,2991.0,1428.0
,,,,,,,,1290,10566.0,3018.0,1440.0
,,,,,,,,1291,10476.0,2992.0,1428.0
,,,,,,,,1292,10695.0,3055.0,1458.0
,,,,,,,,1293,10650.0,3041.0,1452.0
,,,,,,,,1294,9894.0,2826.0,1349.0
,,,,,,,,1295,8919.0,2548.0,1216.0
,,,,,,,,1296,8067.0,2304.0,1100.0
,,,,,,,,1297,6817.0,1947.0,929.0
,,,,,,,,1298,6472.0,1848.0,882.0
,,,,,,,,1299,6275.0,1792.0,855.0
,,,,,,,,1300,6205.0,1772.0,846.0
,,,,,,,,1301,6224.0,1778.0,848.0
,,,,,,,,1302,6446.0,1841.0,878.0
,,,,,,,,1303,6869.0,1962.0,936.0
,,,,,,,,1304,7419.0,2119.0,1011.0
,,,,,,,,1305,8119.0,2319.0,1107.0
,,,,,,,,1306,8605.0,2458.0,1173.0
,,,,,,,,1307,8856.0,2529.0,1207.0
,,,,,,,,1308,8928.0,2550.0,1217.0
,,,,,,,,1309,8926.0,2549.0,1217.0
,,,,,,,,1310,8861.0,2531.0,1208.0
,,,,,,,,1311,8833.0,2523.0,1204.0
,,,,,,,,1312,8831.0,2522.0,1204.0
,,,,,,,,1313,8917.0,2547.0,1216.0
,,,,,,,,1314,9046.0,2584.0,1233.0
,,,,,,,,1315,9261.0,2645.0,1262.0
,,,,,,,,1316,9555.0,2729.0,1302.0
,,,,,,,,1317,9280.0,2650.0,1265.0
,,,,,,,,1318,8816.0,2518.0,1202.0
,,,,,,,,1319,8170.0,2333.0,1114.0
,,,,,,,,1320,7473.0,2134.0,1019.0
,,,,,,,,1321,6985.0,1995.0,952.0
,,,,,,,,1322,6616.0,1889.0,902.0
,,,,,,,,1323,6403.0,1828.0,873.0
,,,,,,,,1324,6295.0,1798.0,858.0
,,,,,,,,1325,6265.0,1789.0,854.0
,,,,,,,,1326,6390.0,1825.0,871.0
,,,,,,,,1327,6614.0,1889.0,902.0
,,,,,,,,1328,7001.0,1999.0,954.0
,,,,,,,,1329,7656.0,2187.0,1044.0
,,,,,,,,1330,8168.0,2333.0,1114.0
,,,,,,,,1331,8466.0,2418.0,1154.0
,,,,,,,,1332,8621.0,2462.0,1175.0
,,,,,,,,1333,8680.0,2479.0,1183.0
,,,,,,,,1334,8645.0,2469.0,1179.0
,,,,,,,,1335,8623.0,2463.0,1176.0
,,,,,,,,1336,8654.0,2471.0,1180.0
,,,,,,,,1337,8782.0,2508.0,1197.0
,,,,,,,,1338,9006.0,2572.0,1227.0
,,,,,,,,1339,9215.0,2632.0,1257.0
,,,,,,,,1340,9599.0,2741.0,1308.0
,,,,,,,,1341,9233.0,2637.0,1259.0
,,,,,,,,1342,8526.0,2435.0,1162.0
,,,,,,,,1343,7755.0,2215.0,1057.0
,,,,,,,,1344,7018.0,2004.0,957.0
,,,,,,,,1345,6482.0,1851.0,883.0
,,,,,,,,1346,6173.0,1763.0,842.0
,,,,,,,,1347,6027.0,1721.0,822.0
,,,,,,,,1348,6010.0,1716.0,819.0
,,,,,,,,1349,6194.0,1769.0,844.0
,,,,,,,,1350,6870.0,1962.0,936.0
,,,,,,,,1351,8095.0,2312.0,1104.0
,,,,,,,,1352,8847.0,2527.0,1206.0
,,,,,,,,1353,9186.0,2624.0,1252.0
,,,,,,,,1354,9431.0,2694.0,1286.0
,,,,,,,,1355,9638.0,2753.0,1314.0
,,,,,,,,1356,9755.0,2786.0,1330.0
,,,,,,,,1357,9773.0,2791.0,1332.0
,,,,,,,,1358,9809.0,2801.0,1338.0
,,,,,,,,1359,9733.0,2780.0,1327.0
,,,,,,,,1360,9658.0,2758.0,1317.0
,,,,,,,,1361,9665.0,2760.0,1318.0
,,,,,,,,1362,9762.0,2788.0,1331.0
,,,,,,,,1363,9948.0,2841.0,1356.0
,,,,,,,,1364,10290.0,2939.0,1403.0
,,,,,,,,1365,9840.0,2810.0,1342.0
,,,,,,,,1366,9050.0,2584.0,1234.0
,,,,,,,,1367,8079.0,2307.0,1101.0
,,,,,,,,1368,7235.0,2066.0,986.0
,,,,,,,,1369,6687.0,1910.0,912.0
,,,,,,,,1370,6397.0,1827.0,872.0
,,,,,,,,1371,6238.0,1782.0,850.0
,,,,,,,,1372,6213.0,1774.0,847.0
,,,,,,,,1373,6384.0,1823.0,870.0
,,,,,,,,1374,7054.0,2014.0,962.0
,,,,,,,,1375,8306.0,2372.0,1132.0
,,,,,,,,1376,9023.0,2577.0,1230.0
,,,,,,,,1377,9284.0,2651.0,1266.0
,,,,,,,,1378,9473.0,2705.0,1292.0
,,,,,,,,1379,9685.0,2766.0,1320.0
,,,,,,,,1380,9773.0,2791.0,1332.0
,,,,,,,,1381,9791.0,2796.0,1335.0
,,,,,,,,1382,9850.0,2813.0,1343.0
,,,,,,,,1383,9823.0,2805.0,1339.0
,,,,,,,,1384,9786.0,2795.0,1334.0
,,,,,,,,1385,9834.0,2809.0,1341.0
,,,,,,,,1386,9877.0,2821.0,1347.0
,,,,,,,,1387,10061.0,2874.0,1372.0
,,,,,,,,1388,10383.0,2965.0,1416.0
,,,,,,,,1389,9939.0,2839.0,1355.0
,,,,,,,,1390,9197.0,2626.0,1254.0
,,,,,,,,1391,8227.0,2349.0,1121.0
,,,,,,,,1392,7399.0,2113.0,1009.0
,,,,,,,,1393,6823.0,1948.0,930.0
,,,,,,,,1394,6517.0,1861.0,888.0
,,,,,,,,1395,6367.0,1818.0,868.0
,,,,,,,,1396,6331.0,1808.0,863.0
,,,,,,,,1397,6506.0,1858.0,887.0
,,,,,,,,1398,7168.0,2048.0,977.0
,,,,,,,,1399,8501.0,2428.0,1159.0
,,,,,,,,1400,9336.0,2666.0,1272.0
,,,,,,,,1401,9573.0,2734.0,1305.0
,,,,,,,,1402,9726.0,2778.0,1326.0
,,,,,,,,1403,9869.0,2819.0,1345.0
,,,,,,,,1404,9935.0,2838.0,1354.0
,,,,,,,,1405,9920.0,2833.0,1353.0
,,,,,,,,1406,9921.0,2834.0,1353.0
,,,,,,,,1407,9864.0,2817.0,1345.0
,,,,,,,,1408,9830.0,2807.0,1340.0
,,,,,,,,1409,9937.0,2838.0,1355.0
,,,,,,,,1410,10163.0,2902.0,1386.0
,,,,,,,,1411,10544.0,3011.0,1438.0
,,,,,,,,1412,10513.0,3002.0,1434.0
,,,,,,,,1413,10044.0,2869.0,1369.0
,,,,,,,,1414,9283.0,2651.0,1266.0
,,,,,,,,1415,8311.0,2374.0,1133.0
,,,,,,,,1416,7430.0,2122.0,1013.0
,,,,,,,,1417,6848.0,1956.0,934.0
,,,,,,,,1418,6538.0,1867.0,891.0
,,,,,,,,1419,6368.0,1818.0,868.0
,,,,,,,,1420,6352.0,1814.0,866.0
,,,,,,,,1421,6540.0,1868.0,892.0
,,,,,,,,1422,7214.0,2060.0,984.0
,,,,,,,,1423,8543.0,2440.0,1165.0
,,,,,,,,1424,9247.0,2641.0,1261.0
,,,,,,,,1425,9440.0,2696.0,1287.0
,,,,,,,,1426,9530.0,2722.0,1299.0
,,,,,,,,1427,9579.0,2735.0,1306.0
,,,,,,,,1428,9570.0,2733.0,1305.0
,,,,,,,,1429,9509.0,2715.0,1297.0
,,,,,,,,1430,9486.0,2710.0,1293.0
,,,,,,,,1431,9369.0,2675.0,1277.0
,,,,,,,,1432,9297.0,2655.0,1267.0
,,,,,,,,1433,9332.0,2665.0,1272.0
,,,,,,,,1434,9543.0,2725.0,1301.0
,,,,,,,,1435,10152.0,2900.0,1384.0
,,,,,,,,1436,10323.0,2948.0,1408.0
,,,,,,,,1437,9955.0,2843.0,1358.0
,,,,,,,,1438,9241.0,2639.0,1260.0
,,,,,,,,1439,8372.0,2391.0,1141.0
,,,,,,,,1440,7532.0,2151.0,1027.0
,,,,,,,,1441,6919.0,1976.0,944.0
,,,,,,,,1442,6601.0,1885.0,900.0
,,,,,,,,1443,6439.0,1839.0,878.0
,,,,,,,,1444,6409.0,1830.0,873.0
,,,,,,,,1445,6575.0,1878.0,896.0
,,,,,,,,1446,7244.0,2069.0,988.0
,,,,,,,,1447,8549.0,2441.0,1166.0
,,,,,,,,1448,9279.0,2650.0,1265.0
,,,,,,,,1449,9495.0,2711.0,1294.0
,,,,,,,,1450,9685.0,2766.0,1320.0
,,,,,,,,1451,9844.0,2811.0,1342.0
,,,,,,,,1452,9877.0,2820.0,1347.0
,,,,,,,,1453,9785.0,2795.0,1334.0
,,,,,,,,1454,9703.0,2771.0,1322.0
,,,,,,,,1455,9504.0,2715.0,1296.0
,,,,,,,,1456,9356.0,2672.0,1276.0
,,,,,,,,1457,9370.0,2676.0,1277.0
,,,,,,,,1458,9575.0,2735.0,1305.0
,,,,,,,,1459,10105.0,2886.0,1378.0
,,,,,,,,1460,10165.0,2903.0,1386.0
,,,,,,,,1461,9821.0,2805.0,1339.0
,,,,,,,,1462,9297.0,2655.0,1267.0
,,,,,,,,1463,8541.0,2439.0,1165.0
,,,,,,,,1464,7776.0,2221.0,1060.0
,,,,,,,,1465,7191.0,2054.0,980.0
,,,,,,,,1466,6879.0,1965.0,938.0
,,,,,,,,1467,6724.0,1920.0,917.0
,,,,,,,,1468,6666.0,1903.0,909.0
,,,,,,,,1469,6748.0,1927.0,920.0
,,,,,,,,1470,7044.0,2012.0,960.0
,,,,,,,,1471,7571.0,2162.0,1032.0
,,,,,,,,1472,8141.0,2325.0,1110.0
,,,,,,,,1473,8734.0,2494.0,1191.0
,,,,,,,,1474,9001.0,2571.0,1227.0
,,,,,,,,1475,9039.0,2582.0,1232.0
,,,,,,,,1476,8917.0,2546.0,1216.0
,,,,,,,,1477,8728.0,2493.0,1190.0
,,,,,,,,1478,8523.0,2434.0,1162.0
,,,,,,,,1479,8361.0,2388.0,1140.0
,,,,,,,,1480,8316.0,2375.0,1134.0
,,,,,,,,1481,8454.0,2414.0,1152.0
,,,,,,,,1482,8810.0,2516.0,1202.0
,,,,,,,,1483,9471.0,2704.0,1291.0
,,,,,,,,1484,9488.0,2710.0,1293.0
,,,,,,,,1485,9205.0,2629.0,1255.0
,,,,,,,,1486,8742.0,2497.0,1191.0
,,,,,,,,1487,8115.0,2318.0,1106.0
,,,,,,,,1488,7452.0,2128.0,1016.0
,,,,,,,,1489,6914.0,1974.0,943.0
,,,,,,,,1490,6548.0,1870.0,893.0
,,,,,,,,1491,6368.0,1818.0,868.0
,,,,,,,,1492,6271.0,1791.0,855.0
,,,,,,,,1493,6272.0,1791.0,855.0
,,,,,,,,1494,6432.0,1837.0,877.0
,,,,,,,,1495,6777.0,1936.0,923.0
,,,,,,,,1496,7254.0,2072.0,989.0
,,,,,,,,1497,7927.0,2264.0,1080.0
,,,,,,,,1498,8483.0,2423.0,1156.0
,,,,,,,,1499,8799.0,2513.0,1200.0
,,,,,,,,1500,8974.0,2563.0,1223.0
,,,,,,,,1501,9012.0,2574.0,1229.0
,,,,,,,,1502,8904.0,2543.0,1214.0
,,,,,,,,1503,8763.0,2503.0,1195.0
,,,,,,,,1504,8696.0,2484.0,1186.0
,,,,,,,,1505,8809.0,2516.0,1201.0
,,,,,,,,1506,9089.0,2596.0,1239.0
,,,,,,,,1507,9668.0,2761.0,1318.0
,,,,,,,,1508,9709.0,2773.0,1323.0
,,,,,,,,1509,9332.0,2665.0,1272.0
,,,,,,,,1510,8614.0,2459.0,1174.0
,,,,,,,,1511,7822.0,2234.0,1066.0
,,,,,,,,1512,7108.0,2030.0,969.0
,,,,,,,,1513,6609.0,1888.0,901.0
,,,,,,,,1514,6360.0,1816.0,867.0
,,,,,,,,1515,6251.0,1785.0,852.0
,,,,,,,,1516,6247.0,1784.0,852.0
,,,,,,,,1517,6447.0,1841.0,878.0
,,,,,,,,1518,7148.0,2042.0,974.0
,,,,,,,,1519,8479.0,2421.0,1156.0
,,,,,,,,1520,9252.0,2642.0,1262.0
,,,,,,,,1521,9501.0,2714.0,1295.0
,,,,,,,,1522,9791.0,2796.0,1335.0
,,,,,,,,1523,9989.0,2853.0,1362.0
,,,,,,,,1524,10073.0,2877.0,1373.0
,,,,,,,,1525,10059.0,2873.0,1372.0
,,,,,,,,1526,10071.0,2876.0,1373.0
,,,,,,,,1527,9979.0,2850.0,1360.0
,,,,,,,,1528,9909.0,2830.0,1351.0
,,,,,,,,1529,9971.0,2848.0,1359.0
,,,,,,,,1530,10271.0,2934.0,1400.0
,,,,,,,,1531,10775.0,3077.0,1469.0
,,,,,,,,1532,10623.0,3034.0,1449.0
,,,,,,,,1533,10107.0,2886.0,1378.0
,,,,,,,,1534,9318.0,2661.0,1270.0
,,,,,,,,1535,8351.0,2385.0,1138.0
,,,,,,,,1536,7509.0,2144.0,1024.0
,,,,,,,,1537,6664.0,1903.0,909.0
,,,,,,,,1538,6321.0,1805.0,862.0
,,,,,,,,1539,6114.0,1746.0,833.0
,,,,,,,,1540,6015.0,1718.0,820.0
,,,,,,,,1541,6013.0,1718.0,819.0
,,,,,,,,1542,6167.0,1761.0,841.0
,,,,,,,,1543,6531.0,1865.0,890.0
,,,,,,,,1544,7035.0,2009.0,959.0
,,,,,,,,1545,7696.0,2199.0,1050.0
,,,,,,,,1546,8286.0,2366.0,1130.0
,,,,,,,,1547,8626.0,2464.0,1176.0
,,,,,,,,1548,8831.0,2522.0,1204.0
,,,,,,,,1549,8955.0,2558.0,1221.0
,,,,,,,,1550,8937.0,2553.0,1218.0
,,,,,,,,1551,8906.0,2544.0,1214.0
,,,,,,,,1552,8922.0,2548.0,1216.0
,,,,,,,,1553,9164.0,2617.0,1249.0
,,,,,,,,1554,9690.0,2767.0,1321.0
,,,,,,,,1555,10129.0,2893.0,1381.0
,,,,,,,,1556,9903.0,2828.0,1350.0
,,,,,,,,1557,9435.0,2694.0,1287.0
,,,,,,,,1558,8793.0,2511.0,1199.0
,,,,,,,,1559,8056.0,2301.0,1098.0
,,,,,,,,1560,7343.0,2097.0,1001.0
,,,,,,,,1561,6750.0,1928.0,920.0
,,,,,,,,1562,6410.0,1831.0,873.0
,,,,,,,,1563,6232.0,1780.0,849.0
,,,,,,,,1564,6190.0,1768.0,843.0
,,,,,,,,1565,6339.0,1810.0,864.0
,,,,,,,,1566,6905.0,1972.0,941.0
,,,,,,,,1567,7872.0,2249.0,1073.0
,,,,,,,,1568,8655.0,2472.0,1180.0
,,,,,,,,1569,9215.0,2632.0,1257.0
,,,,,,,,1570,9691.0,2767.0,1321.0
,,,,,,,,1571,9958.0,2844.0,1358.0
,,,,,,,,1572,10027.0,2864.0,1367.0
,,,,,,,,1573,9900.0,2828.0,1350.0
,,,,,,,,1574,9694.0,2768.0,1322.0
,,,,,,,,1575,9270.0,2647.0,1264.0
,,,,,,,,1576,8829.0,2521.0,1204.0
,,,,,,,,1577,8607.0,2458.0,1173.0
,,,,,,,,1578,8629.0,2464.0,1176.0
,,,,,,,,1579,8384.0,2394.0,1143.0
,,,,,,,,1580,7789.0,2224.0,1062.0
,,,,,,,,1581,7274.0,2078.0,992.0
,,,,,,,,1582,6786.0,1938.0,925.0
,,,,,,,,1583,6243.0,1783.0,851.0
,,,,,,,,1584,5745.0,1641.0,783.0
,,,,,,,,1585,6933.0,1980.0,945.0
,,,,,,,,1586,6589.0,1882.0,899.0
,,,,,,,,1587,6424.0,1834.0,876.0
,,,,,,,,1588,6346.0,1813.0,865.0
,,,,,,,,1589,6398.0,1827.0,872.0
,,,,,,,,1590,6647.0,1898.0,906.0
,,,,,,,,1591,7168.0,2047.0,977.0
,,,,,,,,1592,7730.0,2208.0,1054.0
,,,,,,,,1593,8280.0,2364.0,1129.0
,,,,,,,,1594,8666.0,2474.0,1181.0
,,,,,,,,1595,8792.0,2511.0,1199.0
,,,,,,,,1596,8748.0,2498.0,1192.0
,,,,,,,,1597,8634.0,2466.0,1177.0
,,,,,,,,1598,8481.0,2422.0,1156.0
,,,,,,,,1599,8362.0,2388.0,1140.0
,,,,,,,,1600,8316.0,2374.0,1134.0
,,,,,,,,1601,8517.0,2432.0,1161.0
,,,,,,,,1602,9069.0,2590.0,1236.0
,,,,,,,,1603,9568.0,2732.0,1304.0
,,,,,,,,1604,9365.0,2675.0,1277.0
,,,,,,,,1605,9078.0,2593.0,1237.0
,,,,,,,,1606,8656.0,2472.0,1180.0
,,,,,,,,1607,8089.0,2310.0,1103.0
,,,,,,,,1608,7494.0,2140.0,1021.0
,,,,,,,,1609,6949.0,1984.0,947.0
,,,,,,,,1610,6507.0,1858.0,887.0
,,,,,,,,1611,6314.0,1803.0,861.0
,,,,,,,,1612,6304.0,1800.0,859.0
,,,,,,,,1613,6414.0,1832.0,874.0
,,,,,,,,1614,6687.0,1910.0,912.0
,,,,,,,,1615,7075.0,2020.0,964.0
,,,,,,,,1616,7640.0,2182.0,1041.0
,,,,,,,,1617,8202.0,2342.0,1118.0
,,,,,,,,1618,8477.0,2420.0,1156.0
,,,,,,,,1619,8510.0,2430.0,1160.0
,,,,,,,,1620,8481.0,2422.0,1156.0
,,,,,,,,1621,8428.0,2407.0,1149.0
,,,,,,,,1622,8366.0,2389.0,1140.0
,,,,,,,,1623,8342.0,2383.0,1137.0
,,,,,,,,1624,8492.0,2425.0,1157.0
,,,,,,,,1625,9285.0,2651.0,1266.0
,,,,,,,,1626,9997.0,2855.0,1363.0
,,,,,,,,1627,10020.0,2861.0,1366.0
,,,,,,,,1628,9713.0,2774.0,1324.0
,,,,,,,,1629,9387.0,2680.0,1280.0
,,,,,,,,1630,8555.0,2443.0,1166.0
,,,,,,,,1631,7755.0,2215.0,1057.0
,,,,,,,,1632,7082.0,2023.0,965.0
,,,,,,,,1633,6782.0,1937.0,924.0
,,,,,,,,1634,6581.0,1879.0,897.0
,,,,,,,,1635,6505.0,1858.0,887.0
,,,,,,,,1636,6550.0,1870.0,893.0
,,,,,,,,1637,6827.0,1950.0,931.0
,,,,,,,,1638,7644.0,2183.0,1042.0
,,,,,,,,1639,8992.0,2568.0,1226.0
,,,,,,,,1640,9716.0,2775.0,1324.0
,,,,,,,,1641,9891.0,2825.0,1348.0
,,,,,,,,1642,9973.0,2849.0,1360.0
,,,,,,,,1643,9995.0,2855.0,1363.0
,,,,,,,,1644,9959.0,2845.0,1358.0
,,,,,,,,1645,9875.0,2820.0,1346.0
,,,,,,,,1646,9805.0,2800.0,1337.0
,,,,,,,,1647,9639.0,2753.0,1314.0
,,,,,,,,1648,9717.0,2775.0,1325.0
,,,,,,,,1649,10430.0,2979.0,1422.0
,,,,,,,,1650,11293.0,3225.0,1540.0
,,,,,,,,1651,11238.0,3210.0,1532.0
,,,,,,,,1652,10930.0,3121.0,1490.0
,,,,,,,,1653,10459.0,2987.0,1426.0
,,,,,,,,1654,9726.0,2778.0,1326.0
,,,,,,,,1655,8839.0,2525.0,1205.0
,,,,,,,,1656,8038.0,2295.0,1095.0
,,,,,,,,1657,7549.0,2156.0,1029.0
,,,,,,,,1658,7310.0,2088.0,996.0
,,,,,,,,1659,7228.0,2064.0,985.0
,,,,,,,,1660,7262.0,2073.0,989.0
,,,,,,,,1661,7519.0,2148.0,1025.0
,,,,,,,,1662,8322.0,2376.0,1135.0
,,,,,,,,1663,9464.0,2703.0,1290.0
,,,,,,,,1664,10030.0,2865.0,1368.0
,,,,,,,,1665,10132.0,2894.0,1382.0
,,,,,,,,1666,10119.0,2890.0,1379.0
,,,,,,,,1667,10087.0,2880.0,1375.0
,,,,,,,,1668,10024.0,2863.0,1367.0
,,,,,,,,1669,9907.0,2830.0,1351.0
,,,,,,,,1670,9827.0,2806.0,1340.0
,,,,,,,,1671,9742.0,2782.0,1328.0
,,,,,,,,1672,9772.0,2790.0,1332.0
,,,,,,,,1673,10374.0,2962.0,1414.0
,,,,,,,,1674,11315.0,3231.0,1543.0
,,,,,,,,1675,11326.0,3235.0,1545.0
,,,,,,,,1676,11104.0,3171.0,1514.0
,,,,,,,,1677,10657.0,3044.0,1453.0
,,,,,,,,1678,9960.0,2845.0,1358.0
,,,,,,,,1679,9088.0,2595.0,1239.0
,,,,,,,,1680,8337.0,2381.0,1136.0
,,,,,,,,1681,7043.0,2011.0,960.0
,,,,,,,,1682,6729.0,1922.0,917.0
,,,,,,,,1683,6554.0,1872.0,893.0
,,,,,,,,1684,6477.0,1849.0,883.0
,,,,,,,,1685,6517.0,1861.0,888.0
,,,,,,,,1686,6693.0,1912.0,913.0
,,,,,,,,1687,7009.0,2002.0,955.0
,,,,,,,,1688,7476.0,2134.0,1019.0
,,,,,,,,1689,8079.0,2307.0,1101.0
,,,,,,,,1690,8429.0,2407.0,1149.0
,,,,,,,,1691,8559.0,2444.0,1166.0
,,,,,,,,1692,8593.0,2454.0,1171.0
,,,,,,,,1693,8576.0,2449.0,1169.0
,,,,,,,,1694,8462.0,2417.0,1154.0
,,,,,,,,1695,8364.0,2389.0,1140.0
,,,,,,,,1696,8398.0,2399.0,1145.0
,,,,,,,,1697,9091.0,2596.0,1239.0
,,,,,,,,1698,9896.0,2826.0,1349.0
,,,,,,,,1699,9771.0,2790.0,1332.0
,,,,,,,,1700,9445.0,2697.0,1288.0
,,,,,,,,1701,9037.0,2581.0,1232.0
,,,,,,,,1702,8453.0,2414.0,1152.0
,,,,,,,,1703,7767.0,2219.0,1059.0
,,,,,,,,1704,7130.0,2036.0,972.0
,,,,,,,,1705,6683.0,1908.0,911.0
,,,,,,,,1706,6430.0,1836.0,877.0
,,,,,,,,1707,6310.0,1802.0,860.0
,,,,,,,,1708,6315.0,1803.0,861.0
,,,,,,,,1709,6511.0,1859.0,888.0
,,,,,,,,1710,7110.0,2030.0,969.0
,,,,,,,,1711,8009.0,2288.0,1092.0
,,,,,,,,1712,8719.0,2490.0,1189.0
,,,,,,,,1713,9184.0,2623.0,1252.0
,,,,,,,,1714,9447.0,2698.0,1288.0
,,,,,,,,1715,9603.0,2742.0,1309.0
,,,,,,,,1716,9638.0,2753.0,1314.0
,,,,,,,,1717,9594.0,2740.0,1308.0
,,,,,,,,1718,9550.0,2727.0,1302.0
,,,,,,,,1719,9478.0,2707.0,1292.0
,,,,,,,,1720,9487.0,2710.0,1293.0
,,,,,,,,1721,10163.0,2903.0,1386.0
,,,,,,,,1722,10878.0,3106.0,1483.0
,,,,,,,,1723,10702.0,3056.0,1459.0
,,,,,,,,1724,10322.0,2948.0,1407.0
,,,,,,,,1725,9805.0,2800.0,1337.0
,,,,,,,,1726,9036.0,2580.0,1232.0
,,,,,,,,1727,8126.0,2321.0,1108.0
,,,,,,,,1728,7360.0,2102.0,1004.0
,,,,,,,,1729,7406.0,2115.0,1010.0
,,,,,,,,1730,7185.0,2052.0,979.0
,,,,,,,,1731,7112.0,2031.0,969.0
,,,,,,,,1732,7156.0,2044.0,975.0
,,,,,,,,1733,7427.0,2121.0,1012.0
,,,,,,,,1734,8204.0,2343.0,1119.0
,,,,,,,,1735,9547.0,2726.0,1302.0
,,,,,,,,1736,10229.0,2921.0,1394.0
,,,,,,,,1737,10337.0,2952.0,1409.0
,,,,,,,,1738,10290.0,2939.0,1403.0
,,,,,,,,1739,10241.0,2925.0,1396.0
,,,,,,,,1740,10140.0,2896.0,1383.0
,,,,,,,,1741,9979.0,2850.0,1361.0
,,,,,,,,1742,9891.0,2825.0,1348.0
,,,,,,,,1743,9786.0,2795.0,1334.0
,,,,,,,,1744,9860.0,2816.0,1344.0
,,,,,,,,1745,10604.0,3029.0,1446.0
,,,,,,,,1746,11377.0,3249.0,1551.0
,,,,,,,,1747,11330.0,3236.0,1545.0
,,,,,,,,1748,11072.0,3162.0,1509.0
,,,,,,,,1749,10657.0,3044.0,1453.0
,,,,,,,,1750,9929.0,2836.0,1353.0
,,,,,,,,1751,9027.0,2578.0,1231.0
,,,,,,,,1752,8183.0,2337.0,1116.0
,,,,,,,,1753,7642.0,2183.0,1042.0
,,,,,,,,1754,7364.0,2103.0,1004.0
,,,,,,,,1755,7269.0,2076.0,991.0
,,,,,,,,1756,7291.0,2082.0,994.0
,,,,,,,,1757,7540.0,2153.0,1028.0
,,,,,,,,1758,8324.0,2377.0,1135.0
,,,,,,,,1759,9601.0,2742.0,1309.0
,,,,,,,,1760,10207.0,2915.0,1392.0
,,,,,,,,1761,10284.0,2937.0,1402.0
,,,,,,,,1762,10220.0,2919.0,1393.0
,,,,,,,,1763,10142.0,2896.0,1383.0
,,,,,,,,1764,10032.0,2865.0,1368.0
,,,,,,,,1765,9913.0,2831.0,1352.0
,,,,,,,,1766,9838.0,2810.0,1342.0
,,,,,,,,1767,9742.0,2782.0,1328.0
,,,,,,,,1768,9819.0,2805.0,1338.0
,,,,,,,,1769,10588.0,3024.0,1444.0
,,,,,,,,1770,11242.0,3211.0,1533.0
,,,,,,,,1771,11189.0,3195.0,1525.0
,,,,,,,,1772,10925.0,3120.0,1489.0
,,,,,,,,1773,10511.0,3002.0,1433.0
,,,,,,,,1774,9860.0,2816.0,1344.0
,,,,,,,,1775,8946.0,2555.0,1220.0
,,,,,,,,1776,8094.0,2312.0,1103.0
,,,,,,,,1777,7521.0,2148.0,1025.0
,,,,,,,,1778,7214.0,2060.0,984.0
,,,,,,,,1779,7066.0,2018.0,963.0
,,,,,,,,1780,7049.0,2013.0,961.0
,,,,,,,,1781,7264.0,2074.0,990.0
,,,,,,,,1782,7949.0,2270.0,1084.0
,,,,,,,,1783,9109.0,2601.0,1242.0
,,,,,,,,1784,9815.0,2803.0,1338.0
,,,,,,,,1785,10063.0,2874.0,1372.0
,,,,,,,,1786,10162.0,2902.0,1385.0
,,,,,,,,1787,10173.0,2905.0,1387.0
,,,,,,,,1788,10100.0,2885.0,1377.0
,,,,,,,,1789,9938.0,2839.0,1355.0
,,,,,,,,1790,9864.0,2817.0,1345.0
,,,,,,,,1791,9766.0,2789.0,1332.0
,,,,,,,,1792,9736.0,2780.0,1328.0
,,,,,,,,1793,10391.0,2967.0,1417.0
,,,,,,,,1794,11042.0,3154.0,1505.0
,,,,,,,,1795,10895.0,3111.0,1485.0
,,,,,,,,1796,10584.0,3023.0,1443.0
,,,,,,,,1797,10163.0,2903.0,1386.0
,,,,,,,,1798,9558.0,2730.0,1303.0
,,,,,,,,1799,8771.0,2504.0,1196.0
,,,,,,,,1800,7955.0,2272.0,1085.0
,,,,,,,,1801,7340.0,2096.0,1000.0
,,,,,,,,1802,6984.0,1994.0,952.0
,,,,,,,,1803,6782.0,1937.0,924.0
,,,,,,,,1804,6711.0,1917.0,915.0
,,,,,,,,1805,6782.0,1937.0,924.0
,,,,,,,,1806,7105.0,2029.0,969.0
,,,,,,,,1807,7588.0,2167.0,1035.0
,,,,,,,,1808,8179.0,2335.0,1115.0
,,,,,,,,1809,8835.0,2523.0,1205.0
,,,,,,,,1810,9267.0,2646.0,1263.0
,,,,,,,,1811,9453.0,2700.0,1288.0
,,,,,,,,1812,9451.0,2699.0,1288.0
,,,,,,,,1813,9125.0,2606.0,1244.0
,,,,,,,,1814,8598.0,2455.0,1172.0
,,,,,,,,1815,8129.0,2322.0,1108.0
,,,,,,,,1816,7891.0,2254.0,1075.0
,,,,,,,,1817,8192.0,2339.0,1116.0
,,,,,,,,1818,8543.0,2439.0,1165.0
,,,,,,,,1819,8548.0,2441.0,1166.0
,,,,,,,,1820,8532.0,2436.0,1163.0
,,,,,,,,1821,8492.0,2425.0,1157.0
,,,,,,,,1822,8261.0,2359.0,1126.0
,,,,,,,,1823,7903.0,2257.0,1077.0
,,,,,,,,1824,7410.0,2116.0,1010.0
,,,,,,,,1825,7095.0,2026.0,967.0
,,,,,,,,1826,6796.0,1941.0,926.0
,,,,,,,,1827,6642.0,1897.0,905.0
,,,,,,,,1828,6656.0,1901.0,908.0
,,,,,,,,1829,6908.0,1973.0,942.0
,,,,,,,,1830,7675.0,2192.0,1046.0
,,,,,,,,1831,9041.0,2582.0,1232.0
,,,,,,,,1832,9692.0,2768.0,1322.0
,,,,,,,,1833,9776.0,2792.0,1332.0
,,,,,,,,1834,9819.0,2804.0,1338.0
,,,,,,,,1835,9854.0,2815.0,1343.0
,,,,,,,,1836,9809.0,2801.0,1338.0
,,,,,,,,1837,9738.0,2781.0,1328.0
,,,,,,,,1838,9686.0,2766.0,1321.0
,,,,,,,,1839,9608.0,2744.0,1310.0
,,,,,,,,1840,9689.0,2767.0,1321.0
,,,,,,,,1841,10558.0,3015.0,1439.0
,,,,,,,,1842,11379.0,3250.0,1551.0
,,,,,,,,1843,11336.0,3237.0,1545.0
,,,,,,,,1844,11070.0,3161.0,1509.0
,,,,,,,,1845,10629.0,3035.0,1449.0
,,,,,,,,1846,9895.0,2826.0,1349.0
,,,,,,,,1847,8908.0,2545.0,1215.0
,,,,,,,,1848,8018.0,2289.0,1093.0
,,,,,,,,1849,7411.0,2116.0,1010.0
,,,,,,,,1850,7115.0,2032.0,969.0
,,,,,,,,1851,6998.0,1998.0,954.0
,,,,,,,,1852,6986.0,1995.0,952.0
,,,,,,,,1853,7230.0,2065.0,985.0
,,,,,,,,1854,7992.0,2282.0,1090.0
,,,,,,,,1855,9338.0,2666.0,1273.0
,,,,,,,,1856,10070.0,2875.0,1373.0
,,,,,,,,1857,10228.0,2921.0,1394.0
,,,,,,,,1858,10312.0,2945.0,1406.0
,,,,,,,,1859,10370.0,2961.0,1414.0
,,,,,,,,1860,10367.0,2960.0,1414.0
,,,,,,,,1861,10310.0,2945.0,1405.0
,,,,,,,,1862,10261.0,2930.0,1399.0
,,,,,,,,1863,10170.0,2905.0,1387.0
,,,,,,,,1864,10262.0,2930.0,1399.0
,,,,,,,,1865,11054.0,3157.0,1507.0
,,,,,,,,1866,11595.0,3311.0,1580.0
,,,,,,,,1867,11480.0,3279.0,1565.0
,,,,,,,,1868,11132.0,3180.0,1518.0
,,,,,,,,1869,10641.0,3039.0,1451.0
,,,,,,,,1870,9863.0,2817.0,1345.0
,,,,,,,,1871,8784.0,2509.0,1197.0
,,,,,,,,1872,7825.0,2235.0,1067.0
,,,,,,,,1873,7326.0,2092.0,999.0
,,,,,,,,1874,6934.0,1980.0,945.0
,,,,,,,,1875,6727.0,1922.0,917.0
,,,,,,,,1876,6636.0,1895.0,904.0
,,,,,,,,1877,6689.0,1910.0,912.0
,,,,,,,,1878,6884.0,1966.0,939.0
,,,,,,,,1879,7281.0,2079.0,993.0
,,,,,,,,1880,7698.0,2199.0,1050.0
,,,,,,,,1881,8329.0,2379.0,1136.0
,,,,,,,,1882,8814.0,2517.0,1202.0
,,,,,,,,1883,9069.0,2590.0,1236.0
,,,,,,,,1884,9208.0,2629.0,1255.0
,,,,,,,,1885,9258.0,2644.0,1262.0
,,,,,,,,1886,9208.0,2629.0,1255.0
,,,,,,,,1887,9157.0,2615.0,1248.0
,,,,,,,,1888,9403.0,2685.0,1282.0
,,,,,,,,1889,10502.0,2999.0,1432.0
,,,,,,,,1890,11126.0,3178.0,1517.0
,,,,,,,,1891,11064.0,3160.0,1509.0
,,,,,,,,1892,10807.0,3086.0,1474.0
,,,,,,,,1893,10387.0,2966.0,1416.0
,,,,,,,,1894,9693.0,2768.0,1322.0
,,,,,,,,1895,8769.0,2504.0,1196.0
,,,,,,,,1896,7894.0,2254.0,1076.0
,,,,,,,,1897,7318.0,2090.0,998.0
,,,,,,,,1898,7026.0,2007.0,958.0
,,,,,,,,1899,6896.0,1969.0,940.0
,,,,,,,,1900,6881.0,1965.0,938.0
,,,,,,,,1901,7124.0,2034.0,971.0
,,,,,,,,1902,7859.0,2244.0,1071.0
,,,,,,,,1903,9185.0,2623.0,1252.0
,,,,,,,,1904,10055.0,2872.0,1371.0
,,,,,,,,1905,10253.0,2928.0,1398.0
,,,,,,,,1906,10390.0,2967.0,1417.0
,,,,,,,,1907,10500.0,2999.0,1432.0
,,,,,,,,1908,10516.0,3003.0,1434.0
,,,,,,,,1909,10487.0,2995.0,1429.0
,,,,,,,,1910,10473.0,2991.0,1428.0
,,,,,,,,1911,10385.0,2966.0,1416.0
,,,,,,,,1912,10549.0,3013.0,1439.0
,,,,,,,,1913,11329.0,3236.0,1545.0
,,,,,,,,1914,11796.0,3369.0,1608.0
,,,,,,,,1915,11652.0,3328.0,1589.0
,,,,,,,,1916,11302.0,3228.0,1541.0
,,,,,,,,1917,10798.0,3084.0,1472.0
,,,,,,,,1918,9997.0,2855.0,1363.0
,,,,,,,,1919,9002.0,2571.0,1227.0
,,,,,,,,1920,8009.0,2287.0,1092.0
