Time_Index,CT_NG,ME_NG,MA_NG,None
0,0.05306,0.05306,0.05306,0.0
1,5.45,5.45,5.28,0.0
2,5.45,5.45,5.28,0.0
3,5.45,5.45,5.28,0.0
4,5.45,5.45,5.28,0.0
5,5.45,5.45,5.28,0.0
6,5.45,5.45,5.28,0.0
7,5.45,5.45,5.28,0.0
8,5.45,5.45,5.28,0.0
9,5.45,5.45,5.28,0.0
10,5.45,5.45,5.28,0.0
11,5.45,5.45,5.28,0.0
12,5.45,5.45,5.28,0.0
13,5.45,5.45,5.28,0.0
14,5.45,5.45,5.28,0.0
15,5.45,5.45,5.28,0.0
16,5.45,5.45,5.28,0.0
17,5.45,5.45,5.28,0.0
18,5.45,5.45,5.28,0.0
19,5.45,5.45,5.28,0.0
20,5.45,5.45,5.28,0.0
21,5.45,5.45,5.28,0.0
22,5.45,5.45,5.28,0.0
23,5.45,5.45,5.28,0.0
24,5.45,5.45,5.28,0.0
25,5.45,5.45,5.28,0.0
26,5.45,5.45,5.28,0.0
27,5.45,5.45,5.28,0.0
28,5.45,5.45,5.28,0.0
29,5.45,5.45,5.28,0.0
30,5.45,5.45,5.28,0.0
31,5.45,5.45,5.28,0.0
32,5.45,5.45,5.28,0.0
33,5.45,5.45,5.28,0.0
34,5.45,5.45,5.28,0.0
35,5.45,5.45,5.28,0.0
36,5.45,5.45,5.28,0.0
37,5.45,5.45,5.28,0.0
38,5.45,5.45,5.28,0.0
39,5.45,5.45,5.28,0.0
40,5.45,5.45,5.28,0.0
41,5.45,5.45,5.28,0.0
42,5.45,5.45,5.28,0.0
43,5.45,5.45,5.28,0.0
44,5.45,5.45,5.28,0.0
45,5.45,5.45,5.28,0.0
46,5.45,5.45,5.28,0.0
47,5.45,5.45,5.28,0.0
48,5.45,5.45,5.28,0.0
49,5.45,5.45,5.28,0.0
50,5.45,5.45,5.28,0.0
51,5.45,5.45,5.28,0.0
52,5.45,5.45,5.28,0.0
53,5.45,5.45,5.28,0.0
54,5.45,5.45,5.28,0.0
55,5.45,5.45,5.28,0.0
56,5.45,5.45,5.28,0.0
57,5.45,5.45,5.28,0.0
58,5.45,5.45,5.28,0.0
59,5.45,5.45,5.28,0.0
60,5.45,5.45,5.28,0.0
61,5.45,5.45,5.28,0.0
62,5.45,5.45,5.28,0.0
63,5.45,5.45,5.28,0.0
64,5.45,5.45,5.28,0.0
65,5.45,5.45,5.28,0.0
66,5.45,5.45,5.28,0.0
67,5.45,5.45,5.28,0.0
68,5.45,5.45,5.28,0.0
69,5.45,5.45,5.28,0.0
70,5.45,5.45,5.28,0.0
71,5.45,5.45,5.28,0.0
72,5.45,5.45,5.28,0.0
73,5.45,5.45,5.28,0.0
74,5.45,5.45,5.28,0.0
75,5.45,5.45,5.28,0.0
76,5.45,5.45,5.28,0.0
77,5.45,5.45,5.28,0.0
78,5.45,5.45,5.28,0.0
79,5.45,5.45,5.28,0.0
80,5.45,5.45,5.28,0.0
81,5.45,5.45,5.28,0.0
82,5.45,5.45,5.28,0.0
83,5.45,5.45,5.28,0.0
84,5.45,5.45,5.28,0.0
85,5.45,5.45,5.28,0.0
86,5.45,5.45,5.28,0.0
87,5.45,5.45,5.28,0.0
88,5.45,5.45,5.28,0.0
89,5.45,5.45,5.28,0.0
90,5.45,5.45,5.28,0.0
91,5.45,5.45,5.28,0.0
92,5.45,5.45,5.28,0.0
93,5.45,5.45,5.28,0.0
94,5.45,5.45,5.28,0.0
95,5.45,5.45,5.28,0.0
96,5.45,5.45,5.28,0.0
97,5.45,5.45,5.28,0.0
98,5.45,5.45,5.28,0.0
99,5.45,5.45,5.28,0.0
100,5.45,5.45,5.28,0.0
101,5.45,5.45,5.28,0.0
102,5.45,5.45,5.28,0.0
103,5.45,5.45,5.28,0.0
104,5.45,5.45,5.28,0.0
105,5.45,5.45,5.28,0.0
106,5.45,5.45,5.28,0.0
107,5.45,5.45,5.28,0.0
108,5.45,5.45,5.28,0.0
109,5.45,5.45,5.28,0.0
110,5.45,5.45,5.28,0.0
111,5.45,5.45,5.28,0.0
112,5.45,5.45,5.28,0.0
113,5.45,5.45,5.28,0.0
114,5.45,5.45,5.28,0.0
115,5.45,5.45,5.28,0.0
116,5.45,5.45,5.28,0.0
117,5.45,5.45,5.28,0.0
118,5.45,5.45,5.28,0.0
119,5.45,5.45,5.28,0.0
120,5.45,5.45,5.28,0.0
121,5.45,5.45,5.28,0.0
122,5.45,5.45,5.28,0.0
123,5.45,5.45,5.28,0.0
124,5.45,5.45,5.28,0.0
125,5.45,5.45,5.28,0.0
126,5.45,5.45,5.28,0.0
127,5.45,5.45,5.28,0.0
128,5.45,5.45,5.28,0.0
129,5.45,5.45,5.28,0.0
130,5.45,5.45,5.28,0.0
131,5.45,5.45,5.28,0.0
132,5.45,5.45,5.28,0.0
133,5.45,5.45,5.28,0.0
134,5.45,5.45,5.28,0.0
135,5.45,5.45,5.28,0.0
136,5.45,5.45,5.28,0.0
137,5.45,5.45,5.28,0.0
138,5.45,5.45,5.28,0.0
139,5.45,5.45,5.28,0.0
140,5.45,5.45,5.28,0.0
141,5.45,5.45,5.28,0.0
142,5.45,5.45,5.28,0.0
143,5.45,5.45,5.28,0.0
144,5.45,5.45,5.28,0.0
145,5.45,5.45,5.28,0.0
146,5.45,5.45,5.28,0.0
147,5.45,5.45,5.28,0.0
148,5.45,5.45,5.28,0.0
149,5.45,5.45,5.28,0.0
150,5.45,5.45,5.28,0.0
151,5.45,5.45,5.28,0.0
152,5.45,5.45,5.28,0.0
153,5.45,5.45,5.28,0.0
154,5.45,5.45,5.28,0.0
155,5.45,5.45,5.28,0.0
156,5.45,5.45,5.28,0.0
157,5.45,5.45,5.28,0.0
158,5.45,5.45,5.28,0.0
159,5.45,5.45,5.28,0.0
160,5.45,5.45,5.28,0.0
161,5.45,5.45,5.28,0.0
162,5.45,5.45,5.28,0.0
163,5.45,5.45,5.28,0.0
164,5.45,5.45,5.28,0.0
165,5.45,5.45,5.28,0.0
166,5.45,5.45,5.28,0.0
167,5.45,5.45,5.28,0.0
168,5.45,5.45,5.28,0.0
169,5.45,5.45,5.28,0.0
170,5.45,5.45,5.28,0.0
171,5.45,5.45,5.28,0.0
172,5.45,5.45,5.28,0.0
173,5.45,5.45,5.28,0.0
174,5.45,5.45,5.28,0.0
175,5.45,5.45,5.28,0.0
176,5.45,5.45,5.28,0.0
177,5.45,5.45,5.28,0.0
178,5.45,5.45,5.28,0.0
179,5.45,5.45,5.28,0.0
180,5.45,5.45,5.28,0.0
181,5.45,5.45,5.28,0.0
182,5.45,5.45,5.28,0.0
183,5.45,5.45,5.28,0.0
184,5.45,5.45,5.28,0.0
185,5.45,5.45,5.28,0.0
186,5.45,5.45,5.28,0.0
187,5.45,5.45,5.28,0.0
188,5.45,5.45,5.28,0.0
189,5.45,5.45,5.28,0.0
190,5.45,5.45,5.28,0.0
191,5.45,5.45,5.28,0.0
192,5.45,5.45,5.28,0.0
193,5.45,5.45,5.28,0.0
194,5.45,5.45,5.28,0.0
195,5.45,5.45,5.28,0.0
196,5.45,5.45,5.28,0.0
197,5.45,5.45,5.28,0.0
198,5.45,5.45,5.28,0.0
199,5.45,5.45,5.28,0.0
200,5.45,5.45,5.28,0.0
201,5.45,5.45,5.28,0.0
202,5.45,5.45,5.28,0.0
203,5.45,5.45,5.28,0.0
204,5.45,5.45,5.28,0.0
205,5.45,5.45,5.28,0.0
206,5.45,5.45,5.28,0.0
207,5.45,5.45,5.28,0.0
208,5.45,5.45,5.28,0.0
209,5.45,5.45,5.28,0.0
210,5.45,5.45,5.28,0.0
211,5.45,5.45,5.28,0.0
212,5.45,5.45,5.28,0.0
213,5.45,5.45,5.28,0.0
214,5.45,5.45,5.28,0.0
215,5.45,5.45,5.28,0.0
216,5.45,5.45,5.28,0.0
217,5.45,5.45,5.28,0.0
218,5.45,5.45,5.28,0.0
219,5.45,5.45,5.28,0.0
220,5.45,5.45,5.28,0.0
221,5.45,5.45,5.28,0.0
222,5.45,5.45,5.28,0.0
223,5.45,5.45,5.28,0.0
224,5.45,5.45,5.28,0.0
225,5.45,5.45,5.28,0.0
226,5.45,5.45,5.28,0.0
227,5.45,5.45,5.28,0.0
228,5.45,5.45,5.28,0.0
229,5.45,5.45,5.28,0.0
230,5.45,5.45,5.28,0.0
231,5.45,5.45,5.28,0.0
232,5.45,5.45,5.28,0.0
233,5.45,5.45,5.28,0.0
234,5.45,5.45,5.28,0.0
235,5.45,5.45,5.28,0.0
236,5.45,5.45,5.28,0.0
237,5.45,5.45,5.28,0.0
238,5.45,5.45,5.28,0.0
239,5.45,5.45,5.28,0.0
240,5.45,5.45,5.28,0.0
241,4.09,4.09,3.98,0.0
242,4.09,4.09,3.98,0.0
243,4.09,4.09,3.98,0.0
244,4.09,4.09,3.98,0.0
245,4.09,4.09,3.98,0.0
246,4.09,4.09,3.98,0.0
247,4.09,4.09,3.98,0.0
248,4.09,4.09,3.98,0.0
249,4.09,4.09,3.98,0.0
250,4.09,4.09,3.98,0.0
251,4.09,4.09,3.98,0.0
252,4.09,4.09,3.98,0.0
253,4.09,4.09,3.98,0.0
254,4.09,4.09,3.98,0.0
255,4.09,4.09,3.98,0.0
256,4.09,4.09,3.98,0.0
257,4.09,4.09,3.98,0.0
258,4.09,4.09,3.98,0.0
259,4.09,4.09,3.98,0.0
260,4.09,4.09,3.98,0.0
261,4.09,4.09,3.98,0.0
262,4.09,4.09,3.98,0.0
263,4.09,4.09,3.98,0.0
264,4.09,4.09,3.98,0.0
265,4.09,4.09,3.98,0.0
266,4.09,4.09,3.98,0.0
267,4.09,4.09,3.98,0.0
268,4.09,4.09,3.98,0.0
269,4.09,4.09,3.98,0.0
270,4.09,4.09,3.98,0.0
271,4.09,4.09,3.98,0.0
272,4.09,4.09,3.98,0.0
273,4.09,4.09,3.98,0.0
274,4.09,4.09,3.98,0.0
275,4.09,4.09,3.98,0.0
276,4.09,4.09,3.98,0.0
277,4.09,4.09,3.98,0.0
278,4.09,4.09,3.98,0.0
279,4.09,4.09,3.98,0.0
280,4.09,4.09,3.98,0.0
281,4.09,4.09,3.98,0.0
282,4.09,4.09,3.98,0.0
283,4.09,4.09,3.98,0.0
284,4.09,4.09,3.98,0.0
285,4.09,4.09,3.98,0.0
286,4.09,4.09,3.98,0.0
287,4.09,4.09,3.98,0.0
288,4.09,4.09,3.98,0.0
289,4.09,4.09,3.98,0.0
290,4.09,4.09,3.98,0.0
291,4.09,4.09,3.98,0.0
292,4.09,4.09,3.98,0.0
293,4.09,4.09,3.98,0.0
294,4.09,4.09,3.98,0.0
295,4.09,4.09,3.98,0.0
296,4.09,4.09,3.98,0.0
297,4.09,4.09,3.98,0.0
298,4.09,4.09,3.98,0.0
299,4.09,4.09,3.98,0.0
300,4.09,4.09,3.98,0.0
301,4.09,4.09,3.98,0.0
302,4.09,4.09,3.98,0.0
303,4.09,4.09,3.98,0.0
304,4.09,4.09,3.98,0.0
305,4.09,4.09,3.98,0.0
306,4.09,4.09,3.98,0.0
307,4.09,4.09,3.98,0.0
308,4.09,4.09,3.98,0.0
309,4.09,4.09,3.98,0.0
310,4.09,4.09,3.98,0.0
311,4.09,4.09,3.98,0.0
312,4.09,4.09,3.98,0.0
313,4.09,4.09,3.98,0.0
314,4.09,4.09,3.98,0.0
315,4.09,4.09,3.98,0.0
316,4.09,4.09,3.98,0.0
317,4.09,4.09,3.98,0.0
318,4.09,4.09,3.98,0.0
319,4.09,4.09,3.98,0.0
320,4.09,4.09,3.98,0.0
321,4.09,4.09,3.98,0.0
322,4.09,4.09,3.98,0.0
323,4.09,4.09,3.98,0.0
324,4.09,4.09,3.98,0.0
325,4.09,4.09,3.98,0.0
326,4.09,4.09,3.98,0.0
327,4.09,4.09,3.98,0.0
328,4.09,4.09,3.98,0.0
329,4.09,4.09,3.98,0.0
330,4.09,4.09,3.98,0.0
331,4.09,4.09,3.98,0.0
332,4.09,4.09,3.98,0.0
333,4.09,4.09,3.98,0.0
334,4.09,4.09,3.98,0.0
335,4.09,4.09,3.98,0.0
336,4.09,4.09,3.98,0.0
337,4.09,4.09,3.98,0.0
338,4.09,4.09,3.98,0.0
339,4.09,4.09,3.98,0.0
340,4.09,4.09,3.98,0.0
341,4.09,4.09,3.98,0.0
342,4.09,4.09,3.98,0.0
343,4.09,4.09,3.98,0.0
344,4.09,4.09,3.98,0.0
345,4.09,4.09,3.98,0.0
346,4.09,4.09,3.98,0.0
347,4.09,4.09,3.98,0.0
348,4.09,4.09,3.98,0.0
349,4.09,4.09,3.98,0.0
350,4.09,4.09,3.98,0.0
351,4.09,4.09,3.98,0.0
352,4.09,4.09,3.98,0.0
353,4.09,4.09,3.98,0.0
354,4.09,4.09,3.98,0.0
355,4.09,4.09,3.98,0.0
356,4.09,4.09,3.98,0.0
357,4.09,4.09,3.98,0.0
358,4.09,4.09,3.98,0.0
359,4.09,4.09,3.98,0.0
360,4.09,4.09,3.98,0.0
361,4.09,4.09,3.98,0.0
362,4.09,4.09,3.98,0.0
363,4.09,4.09,3.98,0.0
364,4.09,4.09,3.98,0.0
365,4.09,4.09,3.98,0.0
366,4.09,4.09,3.98,0.0
367,4.09,4.09,3.98,0.0
368,4.09,4.09,3.98,0.0
369,4.09,4.09,3.98,0.0
370,4.09,4.09,3.98,0.0
371,4.09,4.09,3.98,0.0
372,4.09,4.09,3.98,0.0
373,4.09,4.09,3.98,0.0
374,4.09,4.09,3.98,0.0
375,4.09,4.09,3.98,0.0
376,4.09,4.09,3.98,0.0
377,4.09,4.09,3.98,0.0
378,4.09,4.09,3.98,0.0
379,4.09,4.09,3.98,0.0
380,4.09,4.09,3.98,0.0
381,4.09,4.09,3.98,0.0
382,4.09,4.09,3.98,0.0
383,4.09,4.09,3.98,0.0
384,4.09,4.09,3.98,0.0
385,3.14,3.14,3.69,0.0
386,3.14,3.14,3.69,0.0
387,3.14,3.14,3.69,0.0
388,3.14,3.14,3.69,0.0
389,3.14,3.14,3.69,0.0
390,3.14,3.14,3.69,0.0
391,3.14,3.14,3.69,0.0
392,3.14,3.14,3.69,0.0
393,3.14,3.14,3.69,0.0
394,3.14,3.14,3.69,0.0
395,3.14,3.14,3.69,0.0
396,3.14,3.14,3.69,0.0
397,3.14,3.14,3.69,0.0
398,3.14,3.14,3.69,0.0
399,3.14,3.14,3.69,0.0
400,3.14,3.14,3.69,0.0
401,3.14,3.14,3.69,0.0
402,3.14,3.14,3.69,0.0
403,3.14,3.14,3.69,0.0
404,3.14,3.14,3.69,0.0
405,3.14,3.14,3.69,0.0
406,3.14,3.14,3.69,0.0
407,3.14,3.14,3.69,0.0
408,3.14,3.14,3.69,0.0
409,3.14,3.14,3.69,0.0
410,3.14,3.14,3.69,0.0
411,3.14,3.14,3.69,0.0
412,3.14,3.14,3.69,0.0
413,3.14,3.14,3.69,0.0
414,3.14,3.14,3.69,0.0
415,3.14,3.14,3.69,0.0
416,3.14,3.14,3.69,0.0
417,3.14,3.14,3.69,0.0
418,3.14,3.14,3.69,0.0
419,3.14,3.14,3.69,0.0
420,3.14,3.14,3.69,0.0
421,3.14,3.14,3.69,0.0
422,3.14,3.14,3.69,0.0
423,3.14,3.14,3.69,0.0
424,3.14,3.14,3.69,0.0
425,3.14,3.14,3.69,0.0
426,3.14,3.14,3.69,0.0
427,3.14,3.14,3.69,0.0
428,3.14,3.14,3.69,0.0
429,3.14,3.14,3.69,0.0
430,3.14,3.14,3.69,0.0
431,3.14,3.14,3.69,0.0
432,3.14,3.14,3.69,0.0
433,3.14,3.14,3.69,0.0
434,3.14,3.14,3.69,0.0
435,3.14,3.14,3.69,0.0
436,3.14,3.14,3.69,0.0
437,3.14,3.14,3.69,0.0
438,3.14,3.14,3.69,0.0
439,3.14,3.14,3.69,0.0
440,3.14,3.14,3.69,0.0
441,3.14,3.14,3.69,0.0
442,3.14,3.14,3.69,0.0
443,3.14,3.14,3.69,0.0
444,3.14,3.14,3.69,0.0
445,3.14,3.14,3.69,0.0
446,3.14,3.14,3.69,0.0
447,3.14,3.14,3.69,0.0
448,3.14,3.14,3.69,0.0
449,3.14,3.14,3.69,0.0
450,3.14,3.14,3.69,0.0
451,3.14,3.14,3.69,0.0
452,3.14,3.14,3.69,0.0
453,3.14,3.14,3.69,0.0
454,3.14,3.14,3.69,0.0
455,3.14,3.14,3.69,0.0
456,3.14,3.14,3.69,0.0
457,3.14,3.14,3.69,0.0
458,3.14,3.14,3.69,0.0
459,3.14,3.14,3.69,0.0
460,3.14,3.14,3.69,0.0
461,3.14,3.14,3.69,0.0
462,3.14,3.14,3.69,0.0
463,3.14,3.14,3.69,0.0
464,3.14,3.14,3.69,0.0
465,3.14,3.14,3.69,0.0
466,3.14,3.14,3.69,0.0
467,3.14,3.14,3.69,0.0
468,3.14,3.14,3.69,0.0
469,3.14,3.14,3.69,0.0
470,3.14,3.14,3.69,0.0
471,3.14,3.14,3.69,0.0
472,3.14,3.14,3.69,0.0
473,3.14,3.14,3.69,0.0
474,3.14,3.14,3.69,0.0
475,3.14,3.14,3.69,0.0
476,3.14,3.14,3.69,0.0
477,3.14,3.14,3.69,0.0
478,3.14,3.14,3.69,0.0
479,3.14,3.14,3.69,0.0
480,3.14,3.14,3.69,0.0
481,3.14,3.14,3.69,0.0
482,3.14,3.14,3.69,0.0
483,3.14,3.14,3.69,0.0
484,3.14,3.14,3.69,0.0
485,3.14,3.14,3.69,0.0
486,3.14,3.14,3.69,0.0
487,3.14,3.14,3.69,0.0
488,3.14,3.14,3.69,0.0
489,3.14,3.14,3.69,0.0
490,3.14,3.14,3.69,0.0
491,3.14,3.14,3.69,0.0
492,3.14,3.14,3.69,0.0
493,3.14,3.14,3.69,0.0
494,3.14,3.14,3.69,0.0
495,3.14,3.14,3.69,0.0
496,3.14,3.14,3.69,0.0
497,3.14,3.14,3.69,0.0
498,3.14,3.14,3.69,0.0
499,3.14,3.14,3.69,0.0
500,3.14,3.14,3.69,0.0
501,3.14,3.14,3.69,0.0
502,3.14,3.14,3.69,0.0
503,3.14,3.14,3.69,0.0
504,3.14,3.14,3.69,0.0
505,3.14,3.14,3.69,0.0
506,3.14,3.14,3.69,0.0
507,3.14,3.14,3.69,0.0
508,3.14,3.14,3.69,0.0
509,3.14,3.14,3.69,0.0
510,3.14,3.14,3.69,0.0
511,3.14,3.14,3.69,0.0
512,3.14,3.14,3.69,0.0
513,3.14,3.14,3.69,0.0
514,3.14,3.14,3.69,0.0
515,3.14,3.14,3.69,0.0
516,3.14,3.14,3.69,0.0
517,3.14,3.14,3.69,0.0
518,3.14,3.14,3.69,0.0
519,3.14,3.14,3.69,0.0
520,3.14,3.14,3.69,0.0
521,3.14,3.14,3.69,0.0
522,3.14,3.14,3.69,0.0
523,3.14,3.14,3.69,0.0
524,3.14,3.14,3.69,0.0
525,3.14,3.14,3.69,0.0
526,3.14,3.14,3.69,0.0
527,3.14,3.14,3.69,0.0
528,3.14,3.14,3.69,0.0
529,2.13,2.13,3.18,0.0
530,2.13,2.13,3.18,0.0
531,2.13,2.13,3.18,0.0
532,2.13,2.13,3.18,0.0
533,2.13,2.13,3.18,0.0
534,2.13,2.13,3.18,0.0
535,2.13,2.13,3.18,0.0
536,2.13,2.13,3.18,0.0
537,2.13,2.13,3.18,0.0
538,2.13,2.13,3.18,0.0
539,2.13,2.13,3.18,0.0
540,2.13,2.13,3.18,0.0
541,2.13,2.13,3.18,0.0
542,2.13,2.13,3.18,0.0
543,2.13,2.13,3.18,0.0
544,2.13,2.13,3.18,0.0
545,2.13,2.13,3.18,0.0
546,2.13,2.13,3.18,0.0
547,2.13,2.13,3.18,0.0
548,2.13,2.13,3.18,0.0
549,2.13,2.13,3.18,0.0
550,2.13,2.13,3.18,0.0
551,2.13,2.13,3.18,0.0
552,2.13,2.13,3.18,0.0
553,2.13,2.13,3.18,0.0
554,2.13,2.13,3.18,0.0
555,2.13,2.13,3.18,0.0
556,2.13,2.13,3.18,0.0
557,2.13,2.13,3.18,0.0
558,2.13,2.13,3.18,0.0
559,2.13,2.13,3.18,0.0
560,2.13,2.13,3.18,0.0
561,2.13,2.13,3.18,0.0
562,2.13,2.13,3.18,0.0
563,2.13,2.13,3.18,0.0
564,2.13,2.13,3.18,0.0
565,2.13,2.13,3.18,0.0
566,2.13,2.13,3.18,0.0
567,2.13,2.13,3.18,0.0
568,2.13,2.13,3.18,0.0
569,2.13,2.13,3.18,0.0
570,2.13,2.13,3.18,0.0
571,2.13,2.13,3.18,0.0
572,2.13,2.13,3.18,0.0
573,2.13,2.13,3.18,0.0
574,2.13,2.13,3.18,0.0
575,2.13,2.13,3.18,0.0
576,2.13,2.13,3.18,0.0
577,2.13,2.13,3.18,0.0
578,2.13,2.13,3.18,0.0
579,2.13,2.13,3.18,0.0
580,2.13,2.13,3.18,0.0
581,2.13,2.13,3.18,0.0
582,2.13,2.13,3.18,0.0
583,2.13,2.13,3.18,0.0
584,2.13,2.13,3.18,0.0
585,2.13,2.13,3.18,0.0
586,2.13,2.13,3.18,0.0
587,2.13,2.13,3.18,0.0
588,2.13,2.13,3.18,0.0
589,2.13,2.13,3.18,0.0
590,2.13,2.13,3.18,0.0
591,2.13,2.13,3.18,0.0
592,2.13,2.13,3.18,0.0
593,2.13,2.13,3.18,0.0
594,2.13,2.13,3.18,0.0
595,2.13,2.13,3.18,0.0
596,2.13,2.13,3.18,0.0
597,2.13,2.13,3.18,0.0
598,2.13,2.13,3.18,0.0
599,2.13,2.13,3.18,0.0
600,2.13,2.13,3.18,0.0
601,2.13,2.13,3.18,0.0
602,2.13,2.13,3.18,0.0
603,2.13,2.13,3.18,0.0
604,2.13,2.13,3.18,0.0
605,2.13,2.13,3.18,0.0
606,2.13,2.13,3.18,0.0
607,2.13,2.13,3.18,0.0
608,2.13,2.13,3.18,0.0
609,2.13,2.13,3.18,0.0
610,2.13,2.13,3.18,0.0
611,2.13,2.13,3.18,0.0
612,2.13,2.13,3.18,0.0
613,2.13,2.13,3.18,0.0
614,2.13,2.13,3.18,0.0
615,2.13,2.13,3.18,0.0
616,2.13,2.13,3.18,0.0
617,2.13,2.13,3.18,0.0
618,2.13,2.13,3.18,0.0
619,2.13,2.13,3.18,0.0
620,2.13,2.13,3.18,0.0
621,2.13,2.13,3.18,0.0
622,2.13,2.13,3.18,0.0
623,2.13,2.13,3.18,0.0
624,2.13,2.13,3.18,0.0
625,2.13,2.13,3.18,0.0
626,2.13,2.13,3.18,0.0
627,2.13,2.13,3.18,0.0
628,2.13,2.13,3.18,0.0
629,2.13,2.13,3.18,0.0
630,2.13,2.13,3.18,0.0
631,2.13,2.13,3.18,0.0
632,2.13,2.13,3.18,0.0
633,2.13,2.13,3.18,0.0
634,2.13,2.13,3.18,0.0
635,2.13,2.13,3.18,0.0
636,2.13,2.13,3.18,0.0
637,2.13,2.13,3.18,0.0
638,2.13,2.13,3.18,0.0
639,2.13,2.13,3.18,0.0
640,2.13,2.13,3.18,0.0
641,2.13,2.13,3.18,0.0
642,2.13,2.13,3.18,0.0
643,2.13,2.13,3.18,0.0
644,2.13,2.13,3.18,0.0
645,2.13,2.13,3.18,0.0
646,2.13,2.13,3.18,0.0
647,2.13,2.13,3.18,0.0
648,2.13,2.13,3.18,0.0
649,2.13,2.13,3.18,0.0
650,2.13,2.13,3.18,0.0
651,2.13,2.13,3.18,0.0
652,2.13,2.13,3.18,0.0
653,2.13,2.13,3.18,0.0
654,2.13,2.13,3.18,0.0
655,2.13,2.13,3.18,0.0
656,2.13,2.13,3.18,0.0
657,2.13,2.13,3.18,0.0
658,2.13,2.13,3.18,0.0
659,2.13,2.13,3.18,0.0
660,2.13,2.13,3.18,0.0
661,2.13,2.13,3.18,0.0
662,2.13,2.13,3.18,0.0
663,2.13,2.13,3.18,0.0
664,2.13,2.13,3.18,0.0
665,2.13,2.13,3.18,0.0
666,2.13,2.13,3.18,0.0
667,2.13,2.13,3.18,0.0
668,2.13,2.13,3.18,0.0
669,2.13,2.13,3.18,0.0
670,2.13,2.13,3.18,0.0
671,2.13,2.13,3.18,0.0
672,2.13,2.13,3.18,0.0
673,1.94,1.94,1.95,0.0
674,1.94,1.94,1.95,0.0
675,1.94,1.94,1.95,0.0
676,1.94,1.94,1.95,0.0
677,1.94,1.94,1.95,0.0
678,1.94,1.94,1.95,0.0
679,1.94,1.94,1.95,0.0
680,1.94,1.94,1.95,0.0
681,1.94,1.94,1.95,0.0
682,1.94,1.94,1.95,0.0
683,1.94,1.94,1.95,0.0
684,1.94,1.94,1.95,0.0
685,1.94,1.94,1.95,0.0
686,1.94,1.94,1.95,0.0
687,1.94,1.94,1.95,0.0
688,1.94,1.94,1.95,0.0
689,1.94,1.94,1.95,0.0
690,1.94,1.94,1.95,0.0
691,1.94,1.94,1.95,0.0
692,1.94,1.94,1.95,0.0
693,1.94,1.94,1.95,0.0
694,1.94,1.94,1.95,0.0
695,1.94,1.94,1.95,0.0
696,1.94,1.94,1.95,0.0
697,1.94,1.94,1.95,0.0
698,1.94,1.94,1.95,0.0
699,1.94,1.94,1.95,0.0
700,1.94,1.94,1.95,0.0
701,1.94,1.94,1.95,0.0
702,1.94,1.94,1.95,0.0
703,1.94,1.94,1.95,0.0
704,1.94,1.94,1.95,0.0
705,1.94,1.94,1.95,0.0
706,1.94,1.94,1.95,0.0
707,1.94,1.94,1.95,0.0
708,1.94,1.94,1.95,0.0
709,1.94,1.94,1.95,0.0
710,1.94,1.94,1.95,0.0
711,1.94,1.94,1.95,0.0
712,1.94,1.94,1.95,0.0
713,1.94,1.94,1.95,0.0
714,1.94,1.94,1.95,0.0
715,1.94,1.94,1.95,0.0
716,1.94,1.94,1.95,0.0
717,1.94,1.94,1.95,0.0
718,1.94,1.94,1.95,0.0
719,1.94,1.94,1.95,0.0
720,1.94,1.94,1.95,0.0
721,1.94,1.94,1.95,0.0
722,1.94,1.94,1.95,0.0
723,1.94,1.94,1.95,0.0
724,1.94,1.94,1.95,0.0
725,1.94,1.94,1.95,0.0
726,1.94,1.94,1.95,0.0
727,1.94,1.94,1.95,0.0
728,1.94,1.94,1.95,0.0
729,1.94,1.94,1.95,0.0
730,1.94,1.94,1.95,0.0
731,1.94,1.94,1.95,0.0
732,1.94,1.94,1.95,0.0
733,1.94,1.94,1.95,0.0
734,1.94,1.94,1.95,0.0
735,1.94,1.94,1.95,0.0
736,1.94,1.94,1.95,0.0
737,1.94,1.94,1.95,0.0
738,1.94,1.94,1.95,0.0
739,1.94,1.94,1.95,0.0
740,1.94,1.94,1.95,0.0
741,1.94,1.94,1.95,0.0
742,1.94,1.94,1.95,0.0
743,1.94,1.94,1.95,0.0
744,1.94,1.94,1.95,0.0
745,1.94,1.94,1.95,0.0
746,1.94,1.94,1.95,0.0
747,1.94,1.94,1.95,0.0
748,1.94,1.94,1.95,0.0
749,1.94,1.94,1.95,0.0
750,1.94,1.94,1.95,0.0
751,1.94,1.94,1.95,0.0
752,1.94,1.94,1.95,0.0
753,1.94,1.94,1.95,0.0
754,1.94,1.94,1.95,0.0
755,1.94,1.94,1.95,0.0
756,1.94,1.94,1.95,0.0
757,1.94,1.94,1.95,0.0
758,1.94,1.94,1.95,0.0
759,1.94,1.94,1.95,0.0
760,1.94,1.94,1.95,0.0
761,1.94,1.94,1.95,0.0
762,1.94,1.94,1.95,0.0
763,1.94,1.94,1.95,0.0
764,1.94,1.94,1.95,0.0
765,1.94,1.94,1.95,0.0
766,1.94,1.94,1.95,0.0
767,1.94,1.94,1.95,0.0
768,1.94,1.94,1.95,0.0
769,1.82,1.82,2.23,0.0
770,1.82,1.82,2.23,0.0
771,1.82,1.82,2.23,0.0
772,1.82,1.82,2.23,0.0
773,1.82,1.82,2.23,0.0
774,1.82,1.82,2.23,0.0
775,1.82,1.82,2.23,0.0
776,1.82,1.82,2.23,0.0
777,1.82,1.82,2.23,0.0
778,1.82,1.82,2.23,0.0
779,1.82,1.82,2.23,0.0
780,1.82,1.82,2.23,0.0
781,1.82,1.82,2.23,0.0
782,1.82,1.82,2.23,0.0
783,1.82,1.82,2.23,0.0
784,1.82,1.82,2.23,0.0
785,1.82,1.82,2.23,0.0
786,1.82,1.82,2.23,0.0
787,1.82,1.82,2.23,0.0
788,1.82,1.82,2.23,0.0
789,1.82,1.82,2.23,0.0
790,1.82,1.82,2.23,0.0
791,1.82,1.82,2.23,0.0
792,1.82,1.82,2.23,0.0
793,1.82,1.82,2.23,0.0
794,1.82,1.82,2.23,0.0
795,1.82,1.82,2.23,0.0
796,1.82,1.82,2.23,0.0
797,1.82,1.82,2.23,0.0
798,1.82,1.82,2.23,0.0
799,1.82,1.82,2.23,0.0
800,1.82,1.82,2.23,0.0
801,1.82,1.82,2.23,0.0
802,1.82,1.82,2.23,0.0
803,1.82,1.82,2.23,0.0
804,1.82,1.82,2.23,0.0
805,1.82,1.82,2.23,0.0
806,1.82,1.82,2.23,0.0
807,1.82,1.82,2.23,0.0
808,1.82,1.82,2.23,0.0
809,1.82,1.82,2.23,0.0
810,1.82,1.82,2.23,0.0
811,1.82,1.82,2.23,0.0
812,1.82,1.82,2.23,0.0
813,1.82,1.82,2.23,0.0
814,1.82,1.82,2.23,0.0
815,1.82,1.82,2.23,0.0
816,1.82,1.82,2.23,0.0
817,1.82,1.82,2.23,0.0
818,1.82,1.82,2.23,0.0
819,1.82,1.82,2.23,0.0
820,1.82,1.82,2.23,0.0
821,1.82,1.82,2.23,0.0
822,1.82,1.82,2.23,0.0
823,1.82,1.82,2.23,0.0
824,1.82,1.82,2.23,0.0
825,1.82,1.82,2.23,0.0
826,1.82,1.82,2.23,0.0
827,1.82,1.82,2.23,0.0
828,1.82,1.82,2.23,0.0
829,1.82,1.82,2.23,0.0
830,1.82,1.82,2.23,0.0
831,1.82,1.82,2.23,0.0
832,1.82,1.82,2.23,0.0
833,1.82,1.82,2.23,0.0
834,1.82,1.82,2.23,0.0
835,1.82,1.82,2.23,0.0
836,1.82,1.82,2.23,0.0
837,1.82,1.82,2.23,0.0
838,1.82,1.82,2.23,0.0
839,1.82,1.82,2.23,0.0
840,1.82,1.82,2.23,0.0
841,1.82,1.82,2.23,0.0
842,1.82,1.82,2.23,0.0
843,1.82,1.82,2.23,0.0
844,1.82,1.82,2.23,0.0
845,1.82,1.82,2.23,0.0
846,1.82,1.82,2.23,0.0
847,1.82,1.82,2.23,0.0
848,1.82,1.82,2.23,0.0
849,1.82,1.82,2.23,0.0
850,1.82,1.82,2.23,0.0
851,1.82,1.82,2.23,0.0
852,1.82,1.82,2.23,0.0
853,1.82,1.82,2.23,0.0
854,1.82,1.82,2.23,0.0
855,1.82,1.82,2.23,0.0
856,1.82,1.82,2.23,0.0
857,1.82,1.82,2.23,0.0
858,1.82,1.82,2.23,0.0
859,1.82,1.82,2.23,0.0
860,1.82,1.82,2.23,0.0
861,1.82,1.82,2.23,0.0
862,1.82,1.82,2.23,0.0
863,1.82,1.82,2.23,0.0
864,1.82,1.82,2.23,0.0
865,1.82,1.82,2.23,0.0
866,1.82,1.82,2.23,0.0
867,1.82,1.82,2.23,0.0
868,1.82,1.82,2.23,0.0
869,1.82,1.82,2.23,0.0
870,1.82,1.82,2.23,0.0
871,1.82,1.82,2.23,0.0
872,1.82,1.82,2.23,0.0
873,1.82,1.82,2.23,0.0
874,1.82,1.82,2.23,0.0
875,1.82,1.82,2.23,0.0
876,1.82,1.82,2.23,0.0
877,1.82,1.82,2.23,0.0
878,1.82,1.82,2.23,0.0
879,1.82,1.82,2.23,0.0
880,1.82,1.82,2.23,0.0
881,1.82,1.82,2.23,0.0
882,1.82,1.82,2.23,0.0
883,1.82,1.82,2.23,0.0
884,1.82,1.82,2.23,0.0
885,1.82,1.82,2.23,0.0
886,1.82,1.82,2.23,0.0
887,1.82,1.82,2.23,0.0
888,1.82,1.82,2.23,0.0
889,1.82,1.82,2.23,0.0
890,1.82,1.82,2.23,0.0
891,1.82,1.82,2.23,0.0
892,1.82,1.82,2.23,0.0
893,1.82,1.82,2.23,0.0
894,1.82,1.82,2.23,0.0
895,1.82,1.82,2.23,0.0
896,1.82,1.82,2.23,0.0
897,1.82,1.82,2.23,0.0
898,1.82,1.82,2.23,0.0
899,1.82,1.82,2.23,0.0
900,1.82,1.82,2.23,0.0
901,1.82,1.82,2.23,0.0
902,1.82,1.82,2.23,0.0
903,1.82,1.82,2.23,0.0
904,1.82,1.82,2.23,0.0
905,1.82,1.82,2.23,0.0
906,1.82,1.82,2.23,0.0
907,1.82,1.82,2.23,0.0
908,1.82,1.82,2.23,0.0
909,1.82,1.82,2.23,0.0
910,1.82,1.82,2.23,0.0
911,1.82,1.82,2.23,0.0
912,1.82,1.82,2.23,0.0
913,1.82,1.82,2.23,0.0
914,1.82,1.82,2.23,0.0
915,1.82,1.82,2.23,0.0
916,1.82,1.82,2.23,0.0
917,1.82,1.82,2.23,0.0
918,1.82,1.82,2.23,0.0
919,1.82,1.82,2.23,0.0
920,1.82,1.82,2.23,0.0
921,1.82,1.82,2.23,0.0
922,1.82,1.82,2.23,0.0
923,1.82,1.82,2.23,0.0
924,1.82,1.82,2.23,0.0
925,1.82,1.82,2.23,0.0
926,1.82,1.82,2.23,0.0
927,1.82,1.82,2.23,0.0
928,1.82,1.82,2.23,0.0
929,1.82,1.82,2.23,0.0
930,1.82,1.82,2.23,0.0
931,1.82,1.82,2.23,0.0
932,1.82,1.82,2.23,0.0
933,1.82,1.82,2.23,0.0
934,1.82,1.82,2.23,0.0
935,1.82,1.82,2.23,0.0
936,1.82,1.82,2.23,0.0
937,1.82,1.82,2.23,0.0
938,1.82,1.82,2.23,0.0
939,1.82,1.82,2.23,0.0
940,1.82,1.82,2.23,0.0
941,1.82,1.82,2.23,0.0
942,1.82,1.82,2.23,0.0
943,1.82,1.82,2.23,0.0
944,1.82,1.82,2.23,0.0
945,1.82,1.82,2.23,0.0
946,1.82,1.82,2.23,0.0
947,1.82,1.82,2.23,0.0
948,1.82,1.82,2.23,0.0
949,1.82,1.82,2.23,0.0
950,1.82,1.82,2.23,0.0
951,1.82,1.82,2.23,0.0
952,1.82,1.82,2.23,0.0
953,1.82,1.82,2.23,0.0
954,1.82,1.82,2.23,0.0
955,1.82,1.82,2.23,0.0
956,1.82,1.82,2.23,0.0
957,1.82,1.82,2.23,0.0
958,1.82,1.82,2.23,0.0
959,1.82,1.82,2.23,0.0
960,1.82,1.82,2.23,0.0
961,1.82,1.82,2.23,0.0
962,1.82,1.82,2.23,0.0
963,1.82,1.82,2.23,0.0
964,1.82,1.82,2.23,0.0
965,1.82,1.82,2.23,0.0
966,1.82,1.82,2.23,0.0
967,1.82,1.82,2.23,0.0
968,1.82,1.82,2.23,0.0
969,1.82,1.82,2.23,0.0
970,1.82,1.82,2.23,0.0
971,1.82,1.82,2.23,0.0
972,1.82,1.82,2.23,0.0
973,1.82,1.82,2.23,0.0
974,1.82,1.82,2.23,0.0
975,1.82,1.82,2.23,0.0
976,1.82,1.82,2.23,0.0
977,1.82,1.82,2.23,0.0
978,1.82,1.82,2.23,0.0
979,1.82,1.82,2.23,0.0
980,1.82,1.82,2.23,0.0
981,1.82,1.82,2.23,0.0
982,1.82,1.82,2.23,0.0
983,1.82,1.82,2.23,0.0
984,1.82,1.82,2.23,0.0
985,1.82,1.82,2.23,0.0
986,1.82,1.82,2.23,0.0
987,1.82,1.82,2.23,0.0
988,1.82,1.82,2.23,0.0
989,1.82,1.82,2.23,0.0
990,1.82,1.82,2.23,0.0
991,1.82,1.82,2.23,0.0
992,1.82,1.82,2.23,0.0
993,1.82,1.82,2.23,0.0
994,1.82,1.82,2.23,0.0
995,1.82,1.82,2.23,0.0
996,1.82,1.82,2.23,0.0
997,1.82,1.82,2.23,0.0
998,1.82,1.82,2.23,0.0
999,1.82,1.82,2.23,0.0
1000,1.82,1.82,2.23,0.0
1001,1.82,1.82,2.23,0.0
1002,1.82,1.82,2.23,0.0
1003,1.82,1.82,2.23,0.0
1004,1.82,1.82,2.23,0.0
1005,1.82,1.82,2.23,0.0
1006,1.82,1.82,2.23,0.0
1007,1.82,1.82,2.23,0.0
1008,1.82,1.82,2.23,0.0
1009,1.89,1.89,2.34,0.0
1010,1.89,1.89,2.34,0.0
1011,1.89,1.89,2.34,0.0
1012,1.89,1.89,2.34,0.0
1013,1.89,1.89,2.34,0.0
1014,1.89,1.89,2.34,0.0
1015,1.89,1.89,2.34,0.0
1016,1.89,1.89,2.34,0.0
1017,1.89,1.89,2.34,0.0
1018,1.89,1.89,2.34,0.0
1019,1.89,1.89,2.34,0.0
1020,1.89,1.89,2.34,0.0
1021,1.89,1.89,2.34,0.0
1022,1.89,1.89,2.34,0.0
1023,1.89,1.89,2.34,0.0
1024,1.89,1.89,2.34,0.0
1025,1.89,1.89,2.34,0.0
1026,1.89,1.89,2.34,0.0
1027,1.89,1.89,2.34,0.0
1028,1.89,1.89,2.34,0.0
1029,1.89,1.89,2.34,0.0
1030,1.89,1.89,2.34,0.0
1031,1.89,1.89,2.34,0.0
1032,1.89,1.89,2.34,0.0
1033,1.89,1.89,2.34,0.0
1034,1.89,1.89,2.34,0.0
1035,1.89,1.89,2.34,0.0
1036,1.89,1.89,2.34,0.0
1037,1.89,1.89,2.34,0.0
1038,1.89,1.89,2.34,0.0
1039,1.89,1.89,2.34,0.0
1040,1.89,1.89,2.34,0.0
1041,1.89,1.89,2.34,0.0
1042,1.89,1.89,2.34,0.0
1043,1.89,1.89,2.34,0.0
1044,1.89,1.89,2.34,0.0
1045,1.89,1.89,2.34,0.0
1046,1.89,1.89,2.34,0.0
1047,1.89,1.89,2.34,0.0
1048,1.89,1.89,2.34,0.0
1049,1.89,1.89,2.34,0.0
1050,1.89,1.89,2.34,0.0
1051,1.89,1.89,2.34,0.0
1052,1.89,1.89,2.34,0.0
1053,1.89,1.89,2.34,0.0
1054,1.89,1.89,2.34,0.0
1055,1.89,1.89,2.34,0.0
1056,1.89,1.89,2.34,0.0
1057,1.89,1.89,2.34,0.0
1058,1.89,1.89,2.34,0.0
1059,1.89,1.89,2.34,0.0
1060,1.89,1.89,2.34,0.0
1061,1.89,1.89,2.34,0.0
1062,1.89,1.89,2.34,0.0
1063,1.89,1.89,2.34,0.0
1064,1.89,1.89,2.34,0.0
1065,1.89,1.89,2.34,0.0
1066,1.89,1.89,2.34,0.0
1067,1.89,1.89,2.34,0.0
1068,1.89,1.89,2.34,0.0
1069,1.89,1.89,2.34,0.0
1070,1.89,1.89,2.34,0.0
1071,1.89,1.89,2.34,0.0
1072,1.89,1.89,2.34,0.0
1073,1.89,1.89,2.34,0.0
1074,1.89,1.89,2.34,0.0
1075,1.89,1.89,2.34,0.0
1076,1.89,1.89,2.34,0.0
1077,1.89,1.89,2.34,0.0
1078,1.89,1.89,2.34,0.0
1079,1.89,1.89,2.34,0.0
1080,1.89,1.89,2.34,0.0
1081,1.89,1.89,2.34,0.0
1082,1.89,1.89,2.34,0.0
1083,1.89,1.89,2.34,0.0
1084,1.89,1.89,2.34,0.0
1085,1.89,1.89,2.34,0.0
1086,1.89,1.89,2.34,0.0
1087,1.89,1.89,2.34,0.0
1088,1.89,1.89,2.34,0.0
1089,1.89,1.89,2.34,0.0
1090,1.89,1.89,2.34,0.0
1091,1.89,1.89,2.34,0.0
1092,1.89,1.89,2.34,0.0
1093,1.89,1.89,2.34,0.0
1094,1.89,1.89,2.34,0.0
1095,1.89,1.89,2.34,0.0
1096,1.89,1.89,2.34,0.0
1097,1.89,1.89,2.34,0.0
1098,1.89,1.89,2.34,0.0
1099,1.89,1.89,2.34,0.0
1100,1.89,1.89,2.34,0.0
1101,1.89,1.89,2.34,0.0
1102,1.89,1.89,2.34,0.0
1103,1.89,1.89,2.34,0.0
1104,1.89,1.89,2.34,0.0
1105,1.89,1.89,2.34,0.0
1106,1.89,1.89,2.34,0.0
1107,1.89,1.89,2.34,0.0
1108,1.89,1.89,2.34,0.0
1109,1.89,1.89,2.34,0.0
1110,1.89,1.89,2.34,0.0
1111,1.89,1.89,2.34,0.0
1112,1.89,1.89,2.34,0.0
1113,1.89,1.89,2.34,0.0
1114,1.89,1.89,2.34,0.0
1115,1.89,1.89,2.34,0.0
1116,1.89,1.89,2.34,0.0
1117,1.89,1.89,2.34,0.0
1118,1.89,1.89,2.34,0.0
1119,1.89,1.89,2.34,0.0
1120,1.89,1.89,2.34,0.0
1121,1.89,1.89,2.34,0.0
1122,1.89,1.89,2.34,0.0
1123,1.89,1.89,2.34,0.0
1124,1.89,1.89,2.34,0.0
1125,1.89,1.89,2.34,0.0
1126,1.89,1.89,2.34,0.0
1127,1.89,1.89,2.34,0.0
1128,1.89,1.89,2.34,0.0
1129,1.89,1.89,2.34,0.0
1130,1.89,1.89,2.34,0.0
1131,1.89,1.89,2.34,0.0
1132,1.89,1.89,2.34,0.0
1133,1.89,1.89,2.34,0.0
1134,1.89,1.89,2.34,0.0
1135,1.89,1.89,2.34,0.0
1136,1.89,1.89,2.34,0.0
1137,1.89,1.89,2.34,0.0
1138,1.89,1.89,2.34,0.0
1139,1.89,1.89,2.34,0.0
1140,1.89,1.89,2.34,0.0
1141,1.89,1.89,2.34,0.0
1142,1.89,1.89,2.34,0.0
1143,1.89,1.89,2.34,0.0
1144,1.89,1.89,2.34,0.0
1145,1.89,1.89,2.34,0.0
1146,1.89,1.89,2.34,0.0
1147,1.89,1.89,2.34,0.0
1148,1.89,1.89,2.34,0.0
1149,1.89,1.89,2.34,0.0
1150,1.89,1.89,2.34,0.0
1151,1.89,1.89,2.34,0.0
1152,1.89,1.89,2.34,0.0
1153,1.76,1.76,2.11,0.0
1154,1.76,1.76,2.11,0.0
1155,1.76,1.76,2.11,0.0
1156,1.76,1.76,2.11,0.0
1157,1.76,1.76,2.11,0.0
1158,1.76,1.76,2.11,0.0
1159,1.76,1.76,2.11,0.0
1160,1.76,1.76,2.11,0.0
1161,1.76,1.76,2.11,0.0
1162,1.76,1.76,2.11,0.0
1163,1.76,1.76,2.11,0.0
1164,1.76,1.76,2.11,0.0
1165,1.76,1.76,2.11,0.0
1166,1.76,1.76,2.11,0.0
1167,1.76,1.76,2.11,0.0
1168,1.76,1.76,2.11,0.0
1169,1.76,1.76,2.11,0.0
1170,1.76,1.76,2.11,0.0
1171,1.76,1.76,2.11,0.0
1172,1.76,1.76,2.11,0.0
1173,1.76,1.76,2.11,0.0
1174,1.76,1.76,2.11,0.0
1175,1.76,1.76,2.11,0.0
1176,1.76,1.76,2.11,0.0
1177,1.76,1.76,2.11,0.0
1178,1.76,1.76,2.11,0.0
1179,1.76,1.76,2.11,0.0
1180,1.76,1.76,2.11,0.0
1181,1.76,1.76,2.11,0.0
1182,1.76,1.76,2.11,0.0
1183,1.76,1.76,2.11,0.0
1184,1.76,1.76,2.11,0.0
1185,1.76,1.76,2.11,0.0
1186,1.76,1.76,2.11,0.0
1187,1.76,1.76,2.11,0.0
1188,1.76,1.76,2.11,0.0
1189,1.76,1.76,2.11,0.0
1190,1.76,1.76,2.11,0.0
1191,1.76,1.76,2.11,0.0
1192,1.76,1.76,2.11,0.0
1193,1.76,1.76,2.11,0.0
1194,1.76,1.76,2.11,0.0
1195,1.76,1.76,2.11,0.0
1196,1.76,1.76,2.11,0.0
1197,1.76,1.76,2.11,0.0
1198,1.76,1.76,2.11,0.0
1199,1.76,1.76,2.11,0.0
1200,1.76,1.76,2.11,0.0
1201,1.76,1.76,2.11,0.0
1202,1.76,1.76,2.11,0.0
1203,1.76,1.76,2.11,0.0
1204,1.76,1.76,2.11,0.0
1205,1.76,1.76,2.11,0.0
1206,1.76,1.76,2.11,0.0
1207,1.76,1.76,2.11,0.0
1208,1.76,1.76,2.11,0.0
1209,1.76,1.76,2.11,0.0
1210,1.76,1.76,2.11,0.0
1211,1.76,1.76,2.11,0.0
1212,1.76,1.76,2.11,0.0
1213,1.76,1.76,2.11,0.0
1214,1.76,1.76,2.11,0.0
1215,1.76,1.76,2.11,0.0
1216,1.76,1.76,2.11,0.0
1217,1.76,1.76,2.11,0.0
1218,1.76,1.76,2.11,0.0
1219,1.76,1.76,2.11,0.0
1220,1.76,1.76,2.11,0.0
1221,1.76,1.76,2.11,0.0
1222,1.76,1.76,2.11,0.0
1223,1.76,1.76,2.11,0.0
1224,1.76,1.76,2.11,0.0
1225,1.76,1.76,2.11,0.0
1226,1.76,1.76,2.11,0.0
1227,1.76,1.76,2.11,0.0
1228,1.76,1.76,2.11,0.0
1229,1.76,1.76,2.11,0.0
1230,1.76,1.76,2.11,0.0
1231,1.76,1.76,2.11,0.0
1232,1.76,1.76,2.11,0.0
1233,1.76,1.76,2.11,0.0
1234,1.76,1.76,2.11,0.0
1235,1.76,1.76,2.11,0.0
1236,1.76,1.76,2.11,0.0
1237,1.76,1.76,2.11,0.0
1238,1.76,1.76,2.11,0.0
1239,1.76,1.76,2.11,0.0
1240,1.76,1.76,2.11,0.0
1241,1.76,1.76,2.11,0.0
1242,1.76,1.76,2.11,0.0
1243,1.76,1.76,2.11,0.0
1244,1.76,1.76,2.11,0.0
1245,1.76,1.76,2.11,0.0
1246,1.76,1.76,2.11,0.0
1247,1.76,1.76,2.11,0.0
1248,1.76,1.76,2.11,0.0
1249,1.75,1.75,2.11,0.0
1250,1.75,1.75,2.11,0.0
1251,1.75,1.75,2.11,0.0
1252,1.75,1.75,2.11,0.0
1253,1.75,1.75,2.11,0.0
1254,1.75,1.75,2.11,0.0
1255,1.75,1.75,2.11,0.0
1256,1.75,1.75,2.11,0.0
1257,1.75,1.75,2.11,0.0
1258,1.75,1.75,2.11,0.0
1259,1.75,1.75,2.11,0.0
1260,1.75,1.75,2.11,0.0
1261,1.75,1.75,2.11,0.0
1262,1.75,1.75,2.11,0.0
1263,1.75,1.75,2.11,0.0
1264,1.75,1.75,2.11,0.0
1265,1.75,1.75,2.11,0.0
1266,1.75,1.75,2.11,0.0
1267,1.75,1.75,2.11,0.0
1268,1.75,1.75,2.11,0.0
1269,1.75,1.75,2.11,0.0
1270,1.75,1.75,2.11,0.0
1271,1.75,1.75,2.11,0.0
1272,1.75,1.75,2.11,0.0
1273,1.75,1.75,2.11,0.0
1274,1.75,1.75,2.11,0.0
1275,1.75,1.75,2.11,0.0
1276,1.75,1.75,2.11,0.0
1277,1.75,1.75,2.11,0.0
1278,1.75,1.75,2.11,0.0
1279,1.75,1.75,2.11,0.0
1280,1.75,1.75,2.11,0.0
1281,1.75,1.75,2.11,0.0
1282,1.75,1.75,2.11,0.0
1283,1.75,1.75,2.11,0.0
1284,1.75,1.75,2.11,0.0
1285,1.75,1.75,2.11,0.0
1286,1.75,1.75,2.11,0.0
1287,1.75,1.75,2.11,0.0
1288,1.75,1.75,2.11,0.0
1289,1.75,1.75,2.11,0.0
1290,1.75,1.75,2.11,0.0
1291,1.75,1.75,2.11,0.0
1292,1.75,1.75,2.11,0.0
1293,1.75,1.75,2.11,0.0
1294,1.75,1.75,2.11,0.0
1295,1.75,1.75,2.11,0.0
1296,1.75,1.75,2.11,0.0
1297,1.75,1.75,2.11,0.0
1298,1.75,1.75,2.11,0.0
1299,1.75,1.75,2.11,0.0
1300,1.75,1.75,2.11,0.0
1301,1.75,1.75,2.11,0.0
1302,1.75,1.75,2.11,0.0
1303,1.75,1.75,2.11,0.0
1304,1.75,1.75,2.11,0.0
1305,1.75,1.75,2.11,0.0
1306,1.75,1.75,2.11,0.0
1307,1.75,1.75,2.11,0.0
1308,1.75,1.75,2.11,0.0
1309,1.75,1.75,2.11,0.0
1310,1.75,1.75,2.11,0.0
1311,1.75,1.75,2.11,0.0
1312,1.75,1.75,2.11,0.0
1313,1.75,1.75,2.11,0.0
1314,1.75,1.75,2.11,0.0
1315,1.75,1.75,2.11,0.0
1316,1.75,1.75,2.11,0.0
1317,1.75,1.75,2.11,0.0
1318,1.75,1.75,2.11,0.0
1319,1.75,1.75,2.11,0.0
1320,1.75,1.75,2.11,0.0
1321,1.75,1.75,2.11,0.0
1322,1.75,1.75,2.11,0.0
1323,1.75,1.75,2.11,0.0
1324,1.75,1.75,2.11,0.0
1325,1.75,1.75,2.11,0.0
1326,1.75,1.75,2.11,0.0
1327,1.75,1.75,2.11,0.0
1328,1.75,1.75,2.11,0.0
1329,1.75,1.75,2.11,0.0
1330,1.75,1.75,2.11,0.0
1331,1.75,1.75,2.11,0.0
1332,1.75,1.75,2.11,0.0
1333,1.75,1.75,2.11,0.0
1334,1.75,1.75,2.11,0.0
1335,1.75,1.75,2.11,0.0
1336,1.75,1.75,2.11,0.0
1337,1.75,1.75,2.11,0.0
1338,1.75,1.75,2.11,0.0
1339,1.75,1.75,2.11,0.0
1340,1.75,1.75,2.11,0.0
1341,1.75,1.75,2.11,0.0
1342,1.75,1.75,2.11,0.0
1343,1.75,1.75,2.11,0.0
1344,1.75,1.75,2.11,0.0
1345,1.75,1.75,2.11,0.0
1346,1.75,1.75,2.11,0.0
1347,1.75,1.75,2.11,0.0
1348,1.75,1.75,2.11,0.0
1349,1.75,1.75,2.11,0.0
1350,1.75,1.75,2.11,0.0
1351,1.75,1.75,2.11,0.0
1352,1.75,1.75,2.11,0.0
1353,1.75,1.75,2.11,0.0
1354,1.75,1.75,2.11,0.0
1355,1.75,1.75,2.11,0.0
1356,1.75,1.75,2.11,0.0
1357,1.75,1.75,2.11,0.0
1358,1.75,1.75,2.11,0.0
1359,1.75,1.75,2.11,0.0
1360,1.75,1.75,2.11,0.0
1361,1.75,1.75,2.11,0.0
1362,1.75,1.75,2.11,0.0
1363,1.75,1.75,2.11,0.0
1364,1.75,1.75,2.11,0.0
1365,1.75,1.75,2.11,0.0
1366,1.75,1.75,2.11,0.0
1367,1.75,1.75,2.11,0.0
1368,1.75,1.75,2.11,0.0
1369,1.75,1.75,2.11,0.0
1370,1.75,1.75,2.11,0.0
1371,1.75,1.75,2.11,0.0
1372,1.75,1.75,2.11,0.0
1373,1.75,1.75,2.11,0.0
1374,1.75,1.75,2.11,0.0
1375,1.75,1.75,2.11,0.0
1376,1.75,1.75,2.11,0.0
1377,1.75,1.75,2.11,0.0
1378,1.75,1.75,2.11,0.0
1379,1.75,1.75,2.11,0.0
1380,1.75,1.75,2.11,0.0
1381,1.75,1.75,2.11,0.0
1382,1.75,1.75,2.11,0.0
1383,1.75,1.75,2.11,0.0
1384,1.75,1.75,2.11,0.0
1385,1.75,1.75,2.11,0.0
1386,1.75,1.75,2.11,0.0
1387,1.75,1.75,2.11,0.0
1388,1.75,1.75,2.11,0.0
1389,1.75,1.75,2.11,0.0
1390,1.75,1.75,2.11,0.0
1391,1.75,1.75,2.11,0.0
1392,1.75,1.75,2.11,0.0
1393,1.63,1.63,1.81,0.0
1394,1.63,1.63,1.81,0.0
1395,1.63,1.63,1.81,0.0
1396,1.63,1.63,1.81,0.0
1397,1.63,1.63,1.81,0.0
1398,1.63,1.63,1.81,0.0
1399,1.63,1.63,1.81,0.0
1400,1.63,1.63,1.81,0.0
1401,1.63,1.63,1.81,0.0
1402,1.63,1.63,1.81,0.0
1403,1.63,1.63,1.81,0.0
1404,1.63,1.63,1.81,0.0
1405,1.63,1.63,1.81,0.0
1406,1.63,1.63,1.81,0.0
1407,1.63,1.63,1.81,0.0
1408,1.63,1.63,1.81,0.0
1409,1.63,1.63,1.81,0.0
1410,1.63,1.63,1.81,0.0
1411,1.63,1.63,1.81,0.0
1412,1.63,1.63,1.81,0.0
1413,1.63,1.63,1.81,0.0
1414,1.63,1.63,1.81,0.0
1415,1.63,1.63,1.81,0.0
1416,1.63,1.63,1.81,0.0
1417,1.63,1.63,1.81,0.0
1418,1.63,1.63,1.81,0.0
1419,1.63,1.63,1.81,0.0
1420,1.63,1.63,1.81,0.0
1421,1.63,1.63,1.81,0.0
1422,1.63,1.63,1.81,0.0
1423,1.63,1.63,1.81,0.0
1424,1.63,1.63,1.81,0.0
1425,1.63,1.63,1.81,0.0
1426,1.63,1.63,1.81,0.0
1427,1.63,1.63,1.81,0.0
1428,1.63,1.63,1.81,0.0
1429,1.63,1.63,1.81,0.0
1430,1.63,1.63,1.81,0.0
1431,1.63,1.63,1.81,0.0
1432,1.63,1.63,1.81,0.0
1433,1.63,1.63,1.81,0.0
1434,1.63,1.63,1.81,0.0
1435,1.63,1.63,1.81,0.0
1436,1.63,1.63,1.81,0.0
1437,1.63,1.63,1.81,0.0
1438,1.63,1.63,1.81,0.0
1439,1.63,1.63,1.81,0.0
1440,1.63,1.63,1.81,0.0
1441,1.63,1.63,1.81,0.0
1442,1.63,1.63,1.81,0.0
1443,1.63,1.63,1.81,0.0
1444,1.63,1.63,1.81,0.0
1445,1.63,1.63,1.81,0.0
1446,1.63,1.63,1.81,0.0
1447,1.63,1.63,1.81,0.0
1448,1.63,1.63,1.81,0.0
1449,1.63,1.63,1.81,0.0
1450,1.63,1.63,1.81,0.0
1451,1.63,1.63,1.81,0.0
1452,1.63,1.63,1.81,0.0
1453,1.63,1.63,1.81,0.0
1454,1.63,1.63,1.81,0.0
1455,1.63,1.63,1.81,0.0
1456,1.63,1.63,1.81,0.0
1457,1.63,1.63,1.81,0.0
1458,1.63,1.63,1.81,0.0
1459,1.63,1.63,1.81,0.0
1460,1.63,1.63,1.81,0.0
1461,1.63,1.63,1.81,0.0
1462,1.63,1.63,1.81,0.0
1463,1.63,1.63,1.81,0.0
1464,1.63,1.63,1.81,0.0
1465,1.63,1.63,1.81,0.0
1466,1.63,1.63,1.81,0.0
1467,1.63,1.63,1.81,0.0
1468,1.63,1.63,1.81,0.0
1469,1.63,1.63,1.81,0.0
1470,1.63,1.63,1.81,0.0
1471,1.63,1.63,1.81,0.0
1472,1.63,1.63,1.81,0.0
1473,1.63,1.63,1.81,0.0
1474,1.63,1.63,1.81,0.0
1475,1.63,1.63,1.81,0.0
1476,1.63,1.63,1.81,0.0
1477,1.63,1.63,1.81,0.0
1478,1.63,1.63,1.81,0.0
1479,1.63,1.63,1.81,0.0
1480,1.63,1.63,1.81,0.0
1481,1.63,1.63,1.81,0.0
1482,1.63,1.63,1.81,0.0
1483,1.63,1.63,1.81,0.0
1484,1.63,1.63,1.81,0.0
1485,1.63,1.63,1.81,0.0
1486,1.63,1.63,1.81,0.0
1487,1.63,1.63,1.81,0.0
1488,1.63,1.63,1.81,0.0
1489,1.63,1.63,1.81,0.0
1490,1.63,1.63,1.81,0.0
1491,1.63,1.63,1.81,0.0
1492,1.63,1.63,1.81,0.0
1493,1.63,1.63,1.81,0.0
1494,1.63,1.63,1.81,0.0
1495,1.63,1.63,1.81,0.0
1496,1.63,1.63,1.81,0.0
1497,1.63,1.63,1.81,0.0
1498,1.63,1.63,1.81,0.0
1499,1.63,1.63,1.81,0.0
1500,1.63,1.63,1.81,0.0
1501,1.63,1.63,1.81,0.0
1502,1.63,1.63,1.81,0.0
1503,1.63,1.63,1.81,0.0
1504,1.63,1.63,1.81,0.0
1505,1.63,1.63,1.81,0.0
1506,1.63,1.63,1.81,0.0
1507,1.63,1.63,1.81,0.0
1508,1.63,1.63,1.81,0.0
1509,1.63,1.63,1.81,0.0
1510,1.63,1.63,1.81,0.0
1511,1.63,1.63,1.81,0.0
1512,1.63,1.63,1.81,0.0
1513,1.63,1.63,1.81,0.0
1514,1.63,1.63,1.81,0.0
1515,1.63,1.63,1.81,0.0
1516,1.63,1.63,1.81,0.0
1517,1.63,1.63,1.81,0.0
1518,1.63,1.63,1.81,0.0
1519,1.63,1.63,1.81,0.0
1520,1.63,1.63,1.81,0.0
1521,1.63,1.63,1.81,0.0
1522,1.63,1.63,1.81,0.0
1523,1.63,1.63,1.81,0.0
1524,1.63,1.63,1.81,0.0
1525,1.63,1.63,1.81,0.0
1526,1.63,1.63,1.81,0.0
1527,1.63,1.63,1.81,0.0
1528,1.63,1.63,1.81,0.0
1529,1.63,1.63,1.81,0.0
1530,1.63,1.63,1.81,0.0
1531,1.63,1.63,1.81,0.0
1532,1.63,1.63,1.81,0.0
1533,1.63,1.63,1.81,0.0
1534,1.63,1.63,1.81,0.0
1535,1.63,1.63,1.81,0.0
1536,1.63,1.63,1.81,0.0
1537,1.63,1.63,1.81,0.0
1538,1.63,1.63,1.81,0.0
1539,1.63,1.63,1.81,0.0
1540,1.63,1.63,1.81,0.0
1541,1.63,1.63,1.81,0.0
1542,1.63,1.63,1.81,0.0
1543,1.63,1.63,1.81,0.0
1544,1.63,1.63,1.81,0.0
1545,1.63,1.63,1.81,0.0
1546,1.63,1.63,1.81,0.0
1547,1.63,1.63,1.81,0.0
1548,1.63,1.63,1.81,0.0
1549,1.63,1.63,1.81,0.0
1550,1.63,1.63,1.81,0.0
1551,1.63,1.63,1.81,0.0
1552,1.63,1.63,1.81,0.0
1553,1.63,1.63,1.81,0.0
1554,1.63,1.63,1.81,0.0
1555,1.63,1.63,1.81,0.0
1556,1.63,1.63,1.81,0.0
1557,1.63,1.63,1.81,0.0
1558,1.63,1.63,1.81,0.0
1559,1.63,1.63,1.81,0.0
1560,1.63,1.63,1.81,0.0
1561,1.63,1.63,1.81,0.0
1562,1.63,1.63,1.81,0.0
1563,1.63,1.63,1.81,0.0
1564,1.63,1.63,1.81,0.0
1565,1.63,1.63,1.81,0.0
1566,1.63,1.63,1.81,0.0
1567,1.63,1.63,1.81,0.0
1568,1.63,1.63,1.81,0.0
1569,1.63,1.63,1.81,0.0
1570,1.63,1.63,1.81,0.0
1571,1.63,1.63,1.81,0.0
1572,1.63,1.63,1.81,0.0
1573,1.63,1.63,1.81,0.0
1574,1.63,1.63,1.81,0.0
1575,1.63,1.63,1.81,0.0
1576,1.63,1.63,1.81,0.0
1577,1.63,1.63,1.81,0.0
1578,1.63,1.63,1.81,0.0
1579,1.63,1.63,1.81,0.0
1580,1.63,1.63,1.81,0.0
1581,1.63,1.63,1.81,0.0
1582,1.63,1.63,1.81,0.0
1583,1.63,1.63,1.81,0.0
1584,1.63,1.63,1.81,0.0
1585,2.78,2.78,2.74,0.0
1586,2.78,2.78,2.74,0.0
1587,2.78,2.78,2.74,0.0
1588,2.78,2.78,2.74,0.0
1589,2.78,2.78,2.74,0.0
1590,2.78,2.78,2.74,0.0
1591,2.78,2.78,2.74,0.0
1592,2.78,2.78,2.74,0.0
1593,2.78,2.78,2.74,0.0
1594,2.78,2.78,2.74,0.0
1595,2.78,2.78,2.74,0.0
1596,2.78,2.78,2.74,0.0
1597,2.78,2.78,2.74,0.0
1598,2.78,2.78,2.74,0.0
1599,2.78,2.78,2.74,0.0
1600,2.78,2.78,2.74,0.0
1601,2.78,2.78,2.74,0.0
1602,2.78,2.78,2.74,0.0
1603,2.78,2.78,2.74,0.0
1604,2.78,2.78,2.74,0.0
1605,2.78,2.78,2.74,0.0
1606,2.78,2.78,2.74,0.0
1607,2.78,2.78,2.74,0.0
1608,2.78,2.78,2.74,0.0
1609,2.78,2.78,2.74,0.0
1610,2.78,2.78,2.74,0.0
1611,2.78,2.78,2.74,0.0
1612,2.78,2.78,2.74,0.0
1613,2.78,2.78,2.74,0.0
1614,2.78,2.78,2.74,0.0
1615,2.78,2.78,2.74,0.0
1616,2.78,2.78,2.74,0.0
1617,2.78,2.78,2.74,0.0
1618,2.78,2.78,2.74,0.0
1619,2.78,2.78,2.74,0.0
1620,2.78,2.78,2.74,0.0
1621,2.78,2.78,2.74,0.0
1622,2.78,2.78,2.74,0.0
1623,2.78,2.78,2.74,0.0
1624,2.78,2.78,2.74,0.0
1625,2.78,2.78,2.74,0.0
1626,2.78,2.78,2.74,0.0
1627,2.78,2.78,2.74,0.0
1628,2.78,2.78,2.74,0.0
1629,2.78,2.78,2.74,0.0
1630,2.78,2.78,2.74,0.0
1631,2.78,2.78,2.74,0.0
1632,2.78,2.78,2.74,0.0
1633,2.78,2.78,2.74,0.0
1634,2.78,2.78,2.74,0.0
1635,2.78,2.78,2.74,0.0
1636,2.78,2.78,2.74,0.0
1637,2.78,2.78,2.74,0.0
1638,2.78,2.78,2.74,0.0
1639,2.78,2.78,2.74,0.0
1640,2.78,2.78,2.74,0.0
1641,2.78,2.78,2.74,0.0
1642,2.78,2.78,2.74,0.0
1643,2.78,2.78,2.74,0.0
1644,2.78,2.78,2.74,0.0
1645,2.78,2.78,2.74,0.0
1646,2.78,2.78,2.74,0.0
1647,2.78,2.78,2.74,0.0
1648,2.78,2.78,2.74,0.0
1649,2.78,2.78,2.74,0.0
1650,2.78,2.78,2.74,0.0
1651,2.78,2.78,2.74,0.0
1652,2.78,2.78,2.74,0.0
1653,2.78,2.78,2.74,0.0
1654,2.78,2.78,2.74,0.0
1655,2.78,2.78,2.74,0.0
1656,2.78,2.78,2.74,0.0
1657,2.78,2.78,2.74,0.0
1658,2.78,2.78,2.74,0.0
1659,2.78,2.78,2.74,0.0
1660,2.78,2.78,2.74,0.0
1661,2.78,2.78,2.74,0.0
1662,2.78,2.78,2.74,0.0
1663,2.78,2.78,2.74,0.0
1664,2.78,2.78,2.74,0.0
1665,2.78,2.78,2.74,0.0
1666,2.78,2.78,2.74,0.0
1667,2.78,2.78,2.74,0.0
1668,2.78,2.78,2.74,0.0
1669,2.78,2.78,2.74,0.0
1670,2.78,2.78,2.74,0.0
1671,2.78,2.78,2.74,0.0
1672,2.78,2.78,2.74,0.0
1673,2.78,2.78,2.74,0.0
1674,2.78,2.78,2.74,0.0
1675,2.78,2.78,2.74,0.0
1676,2.78,2.78,2.74,0.0
1677,2.78,2.78,2.74,0.0
1678,2.78,2.78,2.74,0.0
1679,2.78,2.78,2.74,0.0
1680,2.78,2.78,2.74,0.0
1681,2.78,2.78,2.74,0.0
1682,2.78,2.78,2.74,0.0
1683,2.78,2.78,2.74,0.0
1684,2.78,2.78,2.74,0.0
1685,2.78,2.78,2.74,0.0
1686,2.78,2.78,2.74,0.0
1687,2.78,2.78,2.74,0.0
1688,2.78,2.78,2.74,0.0
1689,2.78,2.78,2.74,0.0
1690,2.78,2.78,2.74,0.0
1691,2.78,2.78,2.74,0.0
1692,2.78,2.78,2.74,0.0
1693,2.78,2.78,2.74,0.0
1694,2.78,2.78,2.74,0.0
1695,2.78,2.78,2.74,0.0
1696,2.78,2.78,2.74,0.0
1697,2.78,2.78,2.74,0.0
1698,2.78,2.78,2.74,0.0
1699,2.78,2.78,2.74,0.0
1700,2.78,2.78,2.74,0.0
1701,2.78,2.78,2.74,0.0
1702,2.78,2.78,2.74,0.0
1703,2.78,2.78,2.74,0.0
1704,2.78,2.78,2.74,0.0
1705,2.78,2.78,2.74,0.0
1706,2.78,2.78,2.74,0.0
1707,2.78,2.78,2.74,0.0
1708,2.78,2.78,2.74,0.0
1709,2.78,2.78,2.74,0.0
1710,2.78,2.78,2.74,0.0
1711,2.78,2.78,2.74,0.0
1712,2.78,2.78,2.74,0.0
1713,2.78,2.78,2.74,0.0
1714,2.78,2.78,2.74,0.0
1715,2.78,2.78,2.74,0.0
1716,2.78,2.78,2.74,0.0
1717,2.78,2.78,2.74,0.0
1718,2.78,2.78,2.74,0.0
1719,2.78,2.78,2.74,0.0
1720,2.78,2.78,2.74,0.0
1721,2.78,2.78,2.74,0.0
1722,2.78,2.78,2.74,0.0
1723,2.78,2.78,2.74,0.0
1724,2.78,2.78,2.74,0.0
1725,2.78,2.78,2.74,0.0
1726,2.78,2.78,2.74,0.0
1727,2.78,2.78,2.74,0.0
1728,2.78,2.78,2.74,0.0
1729,2.78,2.78,2.74,0.0
1730,2.78,2.78,2.74,0.0
1731,2.78,2.78,2.74,0.0
1732,2.78,2.78,2.74,0.0
1733,2.78,2.78,2.74,0.0
1734,2.78,2.78,2.74,0.0
1735,2.78,2.78,2.74,0.0
1736,2.78,2.78,2.74,0.0
1737,2.78,2.78,2.74,0.0
1738,2.78,2.78,2.74,0.0
1739,2.78,2.78,2.74,0.0
1740,2.78,2.78,2.74,0.0
1741,2.78,2.78,2.74,0.0
1742,2.78,2.78,2.74,0.0
1743,2.78,2.78,2.74,0.0
1744,2.78,2.78,2.74,0.0
1745,2.78,2.78,2.74,0.0
1746,2.78,2.78,2.74,0.0
1747,2.78,2.78,2.74,0.0
1748,2.78,2.78,2.74,0.0
1749,2.78,2.78,2.74,0.0
1750,2.78,2.78,2.74,0.0
1751,2.78,2.78,2.74,0.0
1752,2.78,2.78,2.74,0.0
1753,2.78,2.78,2.74,0.0
1754,2.78,2.78,2.74,0.0
1755,2.78,2.78,2.74,0.0
1756,2.78,2.78,2.74,0.0
1757,2.78,2.78,2.74,0.0
1758,2.78,2.78,2.74,0.0
1759,2.78,2.78,2.74,0.0
1760,2.78,2.78,2.74,0.0
1761,2.78,2.78,2.74,0.0
1762,2.78,2.78,2.74,0.0
1763,2.78,2.78,2.74,0.0
1764,2.78,2.78,2.74,0.0
1765,2.78,2.78,2.74,0.0
1766,2.78,2.78,2.74,0.0
1767,2.78,2.78,2.74,0.0
1768,2.78,2.78,2.74,0.0
1769,2.78,2.78,2.74,0.0
1770,2.78,2.78,2.74,0.0
1771,2.78,2.78,2.74,0.0
1772,2.78,2.78,2.74,0.0
1773,2.78,2.78,2.74,0.0
1774,2.78,2.78,2.74,0.0
1775,2.78,2.78,2.74,0.0
1776,2.78,2.78,2.74,0.0
1777,2.78,2.78,2.74,0.0
1778,2.78,2.78,2.74,0.0
1779,2.78,2.78,2.74,0.0
1780,2.78,2.78,2.74,0.0
1781,2.78,2.78,2.74,0.0
1782,2.78,2.78,2.74,0.0
1783,2.78,2.78,2.74,0.0
1784,2.78,2.78,2.74,0.0
1785,2.78,2.78,2.74,0.0
1786,2.78,2.78,2.74,0.0
1787,2.78,2.78,2.74,0.0
1788,2.78,2.78,2.74,0.0
1789,2.78,2.78,2.74,0.0
1790,2.78,2.78,2.74,0.0
1791,2.78,2.78,2.74,0.0
1792,2.78,2.78,2.74,0.0
1793,2.78,2.78,2.74,0.0
1794,2.78,2.78,2.74,0.0
1795,2.78,2.78,2.74,0.0
1796,2.78,2.78,2.74,0.0
1797,2.78,2.78,2.74,0.0
1798,2.78,2.78,2.74,0.0
1799,2.78,2.78,2.74,0.0
1800,2.78,2.78,2.74,0.0
1801,2.78,2.78,2.74,0.0
1802,2.78,2.78,2.74,0.0
1803,2.78,2.78,2.74,0.0
1804,2.78,2.78,2.74,0.0
1805,2.78,2.78,2.74,0.0
1806,2.78,2.78,2.74,0.0
1807,2.78,2.78,2.74,0.0
1808,2.78,2.78,2.74,0.0
1809,2.78,2.78,2.74,0.0
1810,2.78,2.78,2.74,0.0
1811,2.78,2.78,2.74,0.0
1812,2.78,2.78,2.74,0.0
1813,2.78,2.78,2.74,0.0
1814,2.78,2.78,2.74,0.0
1815,2.78,2.78,2.74,0.0
1816,2.78,2.78,2.74,0.0
1817,2.78,2.78,2.74,0.0
1818,2.78,2.78,2.74,0.0
1819,2.78,2.78,2.74,0.0
1820,2.78,2.78,2.74,0.0
1821,2.78,2.78,2.74,0.0
1822,2.78,2.78,2.74,0.0
1823,2.78,2.78,2.74,0.0
1824,2.78,2.78,2.74,0.0
1825,3.78,3.78,4.28,0.0
1826,3.78,3.78,4.28,0.0
1827,3.78,3.78,4.28,0.0
1828,3.78,3.78,4.28,0.0
1829,3.78,3.78,4.28,0.0
1830,3.78,3.78,4.28,0.0
1831,3.78,3.78,4.28,0.0
1832,3.78,3.78,4.28,0.0
1833,3.78,3.78,4.28,0.0
1834,3.78,3.78,4.28,0.0
1835,3.78,3.78,4.28,0.0
1836,3.78,3.78,4.28,0.0
1837,3.78,3.78,4.28,0.0
1838,3.78,3.78,4.28,0.0
1839,3.78,3.78,4.28,0.0
1840,3.78,3.78,4.28,0.0
1841,3.78,3.78,4.28,0.0
1842,3.78,3.78,4.28,0.0
1843,3.78,3.78,4.28,0.0
1844,3.78,3.78,4.28,0.0
1845,3.78,3.78,4.28,0.0
1846,3.78,3.78,4.28,0.0
1847,3.78,3.78,4.28,0.0
1848,3.78,3.78,4.28,0.0
1849,3.78,3.78,4.28,0.0
1850,3.78,3.78,4.28,0.0
1851,3.78,3.78,4.28,0.0
1852,3.78,3.78,4.28,0.0
1853,3.78,3.78,4.28,0.0
1854,3.78,3.78,4.28,0.0
1855,3.78,3.78,4.28,0.0
1856,3.78,3.78,4.28,0.0
1857,3.78,3.78,4.28,0.0
1858,3.78,3.78,4.28,0.0
1859,3.78,3.78,4.28,0.0
1860,3.78,3.78,4.28,0.0
1861,3.78,3.78,4.28,0.0
1862,3.78,3.78,4.28,0.0
1863,3.78,3.78,4.28,0.0
1864,3.78,3.78,4.28,0.0
1865,3.78,3.78,4.28,0.0
1866,3.78,3.78,4.28,0.0
1867,3.78,3.78,4.28,0.0
1868,3.78,3.78,4.28,0.0
1869,3.78,3.78,4.28,0.0
1870,3.78,3.78,4.28,0.0
1871,3.78,3.78,4.28,0.0
1872,3.78,3.78,4.28,0.0
1873,3.78,3.78,4.28,0.0
1874,3.78,3.78,4.28,0.0
1875,3.78,3.78,4.28,0.0
1876,3.78,3.78,4.28,0.0
1877,3.78,3.78,4.28,0.0
1878,3.78,3.78,4.28,0.0
1879,3.78,3.78,4.28,0.0
1880,3.78,3.78,4.28,0.0
1881,3.78,3.78,4.28,0.0
1882,3.78,3.78,4.28,0.0
1883,3.78,3.78,4.28,0.0
1884,3.78,3.78,4.28,0.0
1885,3.78,3.78,4.28,0.0
1886,3.78,3.78,4.28,0.0
1887,3.78,3.78,4.28,0.0
1888,3.78,3.78,4.28,0.0
1889,3.78,3.78,4.28,0.0
1890,3.78,3.78,4.28,0.0
1891,3.78,3.78,4.28,0.0
1892,3.78,3.78,4.28,0.0
1893,3.78,3.78,4.28,0.0
1894,3.78,3.78,4.28,0.0
1895,3.78,3.78,4.28,0.0
1896,3.78,3.78,4.28,0.0
1897,3.78,3.78,4.28,0.0
1898,3.78,3.78,4.28,0.0
1899,3.78,3.78,4.28,0.0
1900,3.78,3.78,4.28,0.0
1901,3.78,3.78,4.28,0.0
1902,3.78,3.78,4.28,0.0
1903,3.78,3.78,4.28,0.0
1904,3.78,3.78,4.28,0.0
1905,3.78,3.78,4.28,0.0
1906,3.78,3.78,4.28,0.0
1907,3.78,3.78,4.28,0.0
1908,3.78,3.78,4.28,0.0
1909,3.78,3.78,4.28,0.0
1910,3.78,3.78,4.28,0.0
1911,3.78,3.78,4.28,0.0
1912,3.78,3.78,4.28,0.0
1913,3.78,3.78,4.28,0.0
1914,3.78,3.78,4.28,0.0
1915,3.78,3.78,4.28,0.0
1916,3.78,3.78,4.28,0.0
1917,3.78,3.78,4.28,0.0
1918,3.78,3.78,4.28,0.0
1919,3.78,3.78,4.28,0.0
1920,3.78,3.78,4.28,0.0
