Time_Index,CT_NG,ME_NG,MA_NG
0,0.05306,0.05306,0.05306
1,5.45,5.45,5.28
2,5.45,5.45,5.28
3,5.45,5.45,5.28
4,5.45,5.45,5.28
5,5.45,5.45,5.28
6,5.45,5.45,5.28
7,5.45,5.45,5.28
8,5.45,5.45,5.28
9,5.45,5.45,5.28
10,5.45,5.45,5.28
11,5.450000000000001,5.450000000000001,5.28
12,5.45,5.45,5.28
13,5.45,5.45,5.28
14,5.45,5.45,5.28
15,5.45,5.45,5.28
16,5.45,5.45,5.28
17,5.45,5.45,5.28
18,5.45,5.45,5.28
19,5.45,5.45,5.28
20,5.45,5.45,5.28
21,5.45,5.45,5.28
22,5.45,5.45,5.28
23,5.45,5.45,5.28
24,5.45,5.45,5.28
25,5.45,5.45,5.28
26,5.45,5.45,5.28
27,5.45,5.45,5.28
28,5.45,5.45,5.28
29,5.45,5.45,5.28
30,5.45,5.45,5.28
31,5.45,5.45,5.28
32,5.45,5.45,5.28
33,5.45,5.45,5.28
34,5.450000000000001,5.450000000000001,5.28
35,5.45,5.45,5.28
36,5.45,5.45,5.28
37,5.45,5.45,5.28
38,5.45,5.45,5.28
39,5.45,5.45,5.28
40,5.45,5.45,5.28
41,5.45,5.45,5.28
42,5.45,5.45,5.28
43,5.45,5.45,5.28
44,5.45,5.45,5.28
45,5.45,5.45,5.28
46,5.45,5.45,5.28
47,5.45,5.45,5.28
48,5.45,5.45,5.28
49,5.45,5.45,5.28
50,5.45,5.45,5.28
51,5.45,5.45,5.28
52,5.45,5.45,5.28
53,5.45,5.45,5.28
54,5.45,5.45,5.28
55,5.45,5.45,5.28
56,5.45,5.45,5.28
57,5.45,5.45,5.28
58,5.45,5.45,5.28
59,5.45,5.45,5.28
60,5.45,5.45,5.28
61,5.45,5.45,5.28
62,5.45,5.45,5.28
63,5.45,5.45,5.28
64,5.45,5.45,5.28
65,5.45,5.45,5.28
66,5.45,5.45,5.28
67,5.45,5.45,5.28
68,5.45,5.45,5.28
69,5.45,5.45,5.28
70,5.45,5.45,5.28
71,5.45,5.45,5.28
72,5.45,5.45,5.28
73,5.45,5.45,5.28
74,5.45,5.45,5.28
75,5.45,5.45,5.28
76,5.45,5.45,5.28
77,5.45,5.45,5.28
78,5.45,5.45,5.28
79,5.45,5.45,5.28
80,5.45,5.45,5.28
81,5.45,5.45,5.28
82,5.45,5.45,5.28
83,5.45,5.45,5.28
84,5.45,5.45,5.28
85,5.45,5.45,5.28
86,5.45,5.45,5.28
87,5.45,5.45,5.28
88,5.45,5.45,5.28
89,5.45,5.45,5.28
90,5.45,5.45,5.28
91,5.45,5.45,5.28
92,5.45,5.45,5.28
93,5.45,5.45,5.28
94,5.450000000000001,5.450000000000001,5.28
95,5.45,5.45,5.28
96,5.45,5.45,5.28
97,5.45,5.45,5.28
98,5.45,5.45,5.28
99,5.45,5.45,5.28
100,5.45,5.45,5.28
101,5.45,5.45,5.28
102,5.45,5.45,5.28
103,5.45,5.45,5.28
104,5.45,5.45,5.28
105,5.45,5.45,5.28
106,5.45,5.45,5.28
107,5.45,5.45,5.28
108,5.45,5.45,5.28
109,5.45,5.45,5.28
110,5.45,5.45,5.28
111,5.45,5.45,5.28
112,5.45,5.45,5.28
113,5.45,5.45,5.28
114,5.45,5.45,5.28
115,5.45,5.45,5.28
116,5.45,5.45,5.28
117,5.45,5.45,5.28
118,5.45,5.45,5.28
119,5.45,5.45,5.28
120,5.45,5.45,5.28
121,5.45,5.45,5.28
122,5.45,5.45,5.28
123,5.45,5.45,5.28
124,5.45,5.45,5.28
125,5.45,5.45,5.28
126,5.45,5.45,5.28
127,5.45,5.45,5.28
128,5.45,5.45,5.28
129,5.45,5.45,5.28
130,5.45,5.45,5.28
131,5.450000000000001,5.450000000000001,5.28
132,5.45,5.45,5.28
133,5.45,5.45,5.28
134,5.45,5.45,5.28
135,5.45,5.45,5.28
136,5.45,5.45,5.28
137,5.45,5.45,5.28
138,5.45,5.45,5.28
139,5.45,5.45,5.28
140,5.45,5.45,5.28
141,5.45,5.45,5.28
142,5.45,5.45,5.28
143,5.45,5.45,5.28
144,5.45,5.45,5.28
145,5.45,5.45,5.28
146,5.45,5.45,5.28
147,5.45,5.45,5.28
148,5.45,5.45,5.28
149,5.45,5.45,5.28
150,5.45,5.45,5.28
151,5.45,5.45,5.28
152,5.45,5.45,5.28
153,5.45,5.45,5.28
154,5.45,5.45,5.28
155,5.45,5.45,5.28
156,5.45,5.45,5.28
157,5.45,5.45,5.28
158,5.45,5.45,5.28
159,5.45,5.45,5.28
160,5.45,5.45,5.28
161,5.45,5.45,5.28
162,5.45,5.45,5.28
163,5.45,5.45,5.28
164,5.45,5.45,5.28
165,5.45,5.45,5.28
166,5.45,5.45,5.28
167,5.45,5.45,5.28
168,5.45,5.45,5.28
169,5.45,5.45,5.28
170,5.45,5.45,5.28
171,5.45,5.45,5.28
172,5.45,5.45,5.28
173,5.45,5.45,5.28
174,5.45,5.45,5.28
175,5.45,5.45,5.28
176,5.45,5.45,5.28
177,5.450000000000001,5.450000000000001,5.28
178,5.45,5.45,5.28
179,5.45,5.45,5.28
180,5.45,5.45,5.28
181,5.45,5.45,5.28
182,5.45,5.45,5.28
183,5.45,5.45,5.28
184,5.45,5.45,5.28
185,5.450000000000001,5.450000000000001,5.28
186,5.45,5.45,5.28
187,5.45,5.45,5.28
188,5.45,5.45,5.28
189,5.45,5.45,5.28
190,5.45,5.45,5.28
191,5.45,5.45,5.28
192,5.45,5.45,5.28
193,5.45,5.45,5.28
194,5.45,5.45,5.28
195,5.450000000000001,5.450000000000001,5.28
196,5.45,5.45,5.28
197,5.45,5.45,5.28
198,5.45,5.45,5.28
199,5.45,5.45,5.28
200,5.45,5.45,5.28
201,5.45,5.45,5.28
202,5.45,5.45,5.28
203,5.45,5.45,5.28
204,5.45,5.45,5.28
205,5.45,5.45,5.28
206,5.45,5.45,5.28
207,5.45,5.45,5.28
208,5.45,5.45,5.28
209,5.45,5.45,5.28
210,5.45,5.45,5.28
211,5.45,5.45,5.28
212,5.45,5.45,5.28
213,5.45,5.45,5.28
214,5.45,5.45,5.28
215,5.45,5.45,5.28
216,5.45,5.45,5.28
217,5.45,5.45,5.28
218,5.45,5.45,5.28
219,5.450000000000001,5.450000000000001,5.28
220,5.45,5.45,5.28
221,5.45,5.45,5.28
222,5.45,5.45,5.28
223,5.45,5.45,5.28
224,5.45,5.45,5.28
225,5.45,5.45,5.28
226,5.45,5.45,5.28
227,5.45,5.45,5.28
228,5.45,5.45,5.28
229,5.45,5.45,5.28
230,5.45,5.45,5.28
231,5.45,5.45,5.28
232,5.45,5.45,5.28
233,5.45,5.45,5.28
234,5.45,5.45,5.28
235,5.45,5.45,5.28
236,5.45,5.45,5.28
237,5.45,5.45,5.28
238,5.45,5.45,5.28
239,5.45,5.45,5.28
240,5.45,5.45,5.28
241,5.45,5.45,5.28
242,5.45,5.45,5.28
243,5.45,5.45,5.28
244,5.45,5.45,5.28
245,5.45,5.45,5.28
246,5.45,5.45,5.28
247,5.45,5.45,5.28
248,5.45,5.45,5.28
249,5.45,5.45,5.28
250,5.45,5.45,5.28
251,5.45,5.45,5.28
252,5.45,5.45,5.28
253,5.45,5.45,5.28
254,5.45,5.45,5.28
255,5.45,5.45,5.28
256,5.45,5.45,5.28
257,5.45,5.45,5.28
258,5.45,5.45,5.28
259,5.45,5.45,5.28
260,5.45,5.45,5.28
261,5.45,5.45,5.28
262,5.45,5.45,5.28
263,5.45,5.45,5.28
264,5.45,5.45,5.28
265,5.45,5.45,5.28
266,5.45,5.45,5.28
267,5.45,5.45,5.28
268,5.45,5.45,5.28
269,5.45,5.45,5.28
270,5.45,5.45,5.28
271,5.45,5.45,5.28
272,5.45,5.45,5.28
273,5.45,5.45,5.28
274,5.45,5.45,5.28
275,5.45,5.45,5.28
276,5.45,5.45,5.28
277,5.450000000000001,5.450000000000001,5.28
278,5.45,5.45,5.28
279,5.45,5.45,5.28
280,5.45,5.45,5.28
281,5.45,5.45,5.28
282,5.45,5.45,5.28
283,5.45,5.45,5.28
284,5.45,5.45,5.28
285,5.450000000000001,5.450000000000001,5.28
286,5.45,5.45,5.28
287,5.45,5.45,5.28
288,5.45,5.45,5.28
289,5.45,5.45,5.28
290,5.45,5.45,5.28
291,5.45,5.45,5.28
292,5.45,5.45,5.28
293,5.45,5.45,5.28
294,5.45,5.45,5.28
295,5.45,5.45,5.28
296,5.45,5.45,5.28
297,5.450000000000001,5.450000000000001,5.28
298,5.45,5.45,5.28
299,5.45,5.45,5.28
300,5.45,5.45,5.28
301,5.45,5.45,5.28
302,5.45,5.45,5.28
303,5.45,5.45,5.28
304,5.45,5.45,5.28
305,5.45,5.45,5.28
306,5.45,5.45,5.28
307,5.45,5.45,5.28
308,5.450000000000001,5.450000000000001,5.28
309,5.45,5.45,5.28
310,5.45,5.45,5.28
311,5.45,5.45,5.28
312,5.45,5.45,5.28
313,5.45,5.45,5.28
314,5.45,5.45,5.28
315,5.45,5.45,5.28
316,5.45,5.45,5.28
317,5.45,5.45,5.28
318,5.45,5.45,5.28
319,5.45,5.45,5.28
320,5.45,5.45,5.28
321,5.45,5.45,5.28
322,5.45,5.45,5.28
323,5.45,5.45,5.28
324,5.450000000000001,5.450000000000001,5.28
325,5.45,5.45,5.28
326,5.45,5.45,5.28
327,5.45,5.45,5.28
328,5.45,5.45,5.28
329,5.450000000000001,5.450000000000001,5.28
330,5.45,5.45,5.28
331,5.45,5.45,5.28
332,5.45,5.45,5.28
333,5.45,5.45,5.28
334,5.45,5.45,5.28
335,5.45,5.45,5.28
336,5.45,5.45,5.28
337,5.45,5.45,5.28
338,5.45,5.45,5.28
339,5.450000000000001,5.450000000000001,5.28
340,5.45,5.45,5.28
341,5.45,5.45,5.28
342,5.45,5.45,5.28
343,5.45,5.45,5.28
344,5.45,5.45,5.28
345,5.45,5.45,5.28
346,5.45,5.45,5.28
347,5.45,5.45,5.28
348,5.45,5.45,5.28
349,5.45,5.45,5.28
350,5.45,5.45,5.28
351,5.45,5.45,5.28
352,5.45,5.45,5.28
353,5.45,5.45,5.28
354,5.45,5.45,5.28
355,5.45,5.45,5.28
356,5.45,5.45,5.28
357,5.45,5.45,5.28
358,5.45,5.45,5.28
359,5.45,5.45,5.28
360,5.45,5.45,5.28
361,5.45,5.45,5.28
362,5.45,5.45,5.28
363,5.45,5.45,5.28
364,5.45,5.45,5.28
365,5.45,5.45,5.28
366,5.45,5.45,5.28
367,5.45,5.45,5.28
368,5.45,5.45,5.28
369,5.45,5.45,5.28
370,5.45,5.45,5.28
371,5.45,5.45,5.28
372,5.45,5.45,5.28
373,5.45,5.45,5.28
374,5.45,5.45,5.28
375,5.45,5.45,5.28
376,5.45,5.45,5.28
377,5.45,5.45,5.28
378,5.45,5.45,5.28
379,5.45,5.45,5.28
380,5.45,5.45,5.28
381,5.45,5.45,5.28
382,4.09,4.09,3.9799999999999995
383,4.09,4.09,3.98
384,4.09,4.09,3.98
385,4.09,4.09,3.98
386,4.09,4.09,3.98
387,4.09,4.09,3.98
388,4.09,4.09,3.98
389,4.09,4.09,3.98
390,4.09,4.09,3.98
391,4.09,4.09,3.98
392,4.09,4.09,3.98
393,4.09,4.09,3.98
394,4.09,4.09,3.98
395,4.09,4.09,3.98
396,4.09,4.09,3.98
397,4.09,4.09,3.98
398,4.09,4.09,3.98
399,4.09,4.09,3.98
400,4.09,4.09,3.98
401,4.09,4.09,3.98
402,4.09,4.09,3.98
403,4.09,4.09,3.98
404,4.09,4.09,3.98
405,4.09,4.09,3.98
406,4.09,4.09,3.98
407,4.09,4.09,3.98
408,4.09,4.09,3.98
409,4.09,4.09,3.98
410,4.09,4.09,3.98
411,4.09,4.09,3.98
412,4.09,4.09,3.98
413,4.09,4.09,3.98
414,4.09,4.09,3.98
415,4.09,4.09,3.98
416,4.09,4.09,3.98
417,4.09,4.09,3.98
418,4.09,4.09,3.98
419,4.09,4.09,3.98
420,4.09,4.09,3.98
421,4.09,4.09,3.98
422,4.09,4.09,3.98
423,4.09,4.09,3.98
424,4.09,4.09,3.98
425,4.09,4.09,3.98
426,4.09,4.09,3.98
427,4.09,4.09,3.98
428,4.09,4.09,3.98
429,4.09,4.09,3.98
430,4.09,4.09,3.98
431,4.09,4.09,3.98
432,4.09,4.09,3.98
433,4.09,4.09,3.98
434,4.09,4.09,3.98
435,4.09,4.09,3.98
436,4.09,4.09,3.98
437,4.09,4.09,3.98
438,4.090000000000001,4.090000000000001,3.9799999999999995
439,4.09,4.09,3.98
440,4.09,4.09,3.98
441,4.09,4.09,3.98
442,4.09,4.09,3.98
443,4.09,4.09,3.98
444,4.09,4.09,3.98
445,4.09,4.09,3.98
446,4.09,4.09,3.98
447,4.090000000000002,4.090000000000002,3.9799999999999986
448,4.09,4.09,3.98
449,4.09,4.09,3.98
450,4.09,4.09,3.98
451,4.09,4.09,3.98
452,4.09,4.09,3.98
453,4.09,4.09,3.98
454,4.09,4.09,3.98
455,4.09,4.09,3.98
456,4.090000000000002,4.090000000000002,3.9799999999999986
457,4.09,4.09,3.98
458,4.09,4.09,3.98
459,4.09,4.09,3.98
460,4.09,4.09,3.98
461,4.09,4.09,3.98
462,4.09,4.09,3.98
463,4.09,4.09,3.98
464,4.090000000000002,4.090000000000002,3.979999999999999
465,4.09,4.09,3.98
466,4.09,4.09,3.98
467,4.09,4.09,3.98
468,4.09,4.09,3.98
469,4.09,4.09,3.98
470,4.09,4.09,3.98
471,4.09,4.09,3.98
472,4.09,4.09,3.98
473,4.09,4.09,3.98
474,4.09,4.09,3.98
475,4.090000000000001,4.090000000000001,3.9799999999999995
476,4.09,4.09,3.98
477,4.09,4.09,3.98
478,4.09,4.09,3.98
479,4.09,4.09,3.98
480,4.09,4.09,3.98
481,4.09,4.09,3.98
482,4.09,4.09,3.98
483,4.09,4.09,3.98
484,4.09,4.09,3.98
485,4.09,4.09,3.98
486,4.09,4.09,3.98
487,4.09,4.09,3.98
488,4.09,4.09,3.98
489,4.09,4.09,3.98
490,4.09,4.09,3.98
491,4.09,4.09,3.98
492,4.09,4.09,3.98
493,4.09,4.09,3.98
494,4.09,4.09,3.98
495,4.09,4.09,3.98
496,4.09,4.09,3.98
497,4.09,4.09,3.98
498,4.09,4.09,3.98
499,4.090000000000002,4.090000000000002,3.9799999999999986
500,4.09,4.09,3.98
501,4.09,4.09,3.98
502,4.09,4.09,3.98
503,4.09,4.09,3.98
504,4.09,4.09,3.98
505,4.09,4.09,3.98
506,4.09,4.09,3.98
507,4.09,4.09,3.9799999999999995
508,4.09,4.09,3.98
509,4.09,4.09,3.98
510,4.09,4.09,3.98
511,4.09,4.09,3.98
512,4.09,4.09,3.98
513,4.09,4.09,3.98
514,4.09,4.09,3.98
515,4.09,4.09,3.98
516,4.09,4.09,3.98
517,4.090000000000002,4.090000000000002,3.979999999999999
518,4.09,4.09,3.98
519,4.09,4.09,3.98
520,4.09,4.09,3.98
521,4.09,4.09,3.98
522,4.09,4.09,3.98
523,4.09,4.09,3.98
524,4.09,4.09,3.98
525,4.09,4.09,3.98
526,4.09,4.09,3.98
527,4.09,4.09,3.98
528,4.09,4.09,3.98
529,4.09,4.09,3.98
530,4.09,4.09,3.98
531,4.09,4.09,3.98
532,4.09,4.09,3.98
533,4.09,4.09,3.98
534,4.09,4.09,3.98
535,4.09,4.09,3.98
536,4.09,4.09,3.98
537,4.09,4.09,3.98
538,4.09,4.09,3.98
539,4.09,4.09,3.98
540,4.09,4.09,3.98
541,4.09,4.09,3.98
542,4.09,4.09,3.98
543,4.09,4.09,3.98
544,4.09,4.09,3.98
545,4.09,4.09,3.98
546,4.09,4.09,3.98
547,4.09,4.09,3.98
548,4.09,4.09,3.98
549,4.09,4.09,3.98
550,4.09,4.09,3.9799999999999995
551,4.09,4.09,3.98
552,4.09,4.09,3.98
553,4.09,4.09,3.98
554,4.09,4.09,3.98
555,4.09,4.09,3.98
556,4.09,4.09,3.98
557,4.09,4.09,3.98
558,4.09,4.09,3.98
559,4.09,4.09,3.98
560,4.09,4.09,3.9799999999999995
561,4.09,4.09,3.98
562,4.09,4.09,3.98
563,4.09,4.09,3.98
564,4.09,4.09,3.98
565,4.09,4.09,3.98
566,4.09,4.09,3.98
567,4.09,4.09,3.98
568,4.09,4.09,3.98
569,4.09,4.09,3.98
570,4.09,4.09,3.98
571,4.090000000000001,4.090000000000001,3.979999999999999
572,4.09,4.09,3.98
573,4.09,4.09,3.98
574,4.09,4.09,3.98
575,4.09,4.09,3.98
576,4.09,4.09,3.98
577,4.09,4.09,3.98
578,4.09,4.09,3.98
579,4.09,4.09,3.98
580,4.09,4.09,3.98
581,4.09,4.09,3.98
582,4.09,4.09,3.98
583,4.09,4.09,3.98
584,4.09,4.09,3.98
585,4.09,4.09,3.98
586,4.09,4.09,3.98
587,4.09,4.09,3.98
588,4.09,4.09,3.98
589,4.09,4.09,3.98
590,4.09,4.09,3.98
591,4.09,4.09,3.98
592,4.09,4.09,3.98
593,4.09,4.09,3.98
594,4.09,4.09,3.98
595,4.09,4.09,3.98
596,4.090000000000002,4.090000000000002,3.979999999999999
597,4.09,4.09,3.98
598,4.09,4.09,3.98
599,4.09,4.09,3.98
600,4.09,4.09,3.98
601,4.09,4.09,3.98
602,4.09,4.09,3.98
603,4.09,4.09,3.98
604,4.09,4.09,3.98
605,4.090000000000002,4.090000000000002,3.979999999999999
606,4.09,4.09,3.98
607,4.09,4.09,3.98
608,4.09,4.09,3.98
609,4.09,4.09,3.9799999999999995
610,4.09,4.09,3.98
611,4.09,4.09,3.98
612,4.09,4.09,3.98
613,4.09,4.09,3.98
614,4.09,4.09,3.98
615,4.09,4.09,3.98
616,4.09,4.09,3.98
617,4.09,4.09,3.98
618,4.09,4.09,3.98
619,4.09,4.09,3.98
620,4.09,4.09,3.98
621,4.09,4.09,3.98
622,4.09,4.09,3.98
623,4.09,4.09,3.98
624,4.09,4.09,3.98
625,4.09,4.09,3.98
626,4.09,4.09,3.98
627,4.09,4.09,3.98
628,4.09,4.09,3.98
629,4.09,4.09,3.98
630,4.09,4.09,3.98
631,4.09,4.09,3.98
632,4.09,4.09,3.98
633,4.09,4.09,3.98
634,4.09,4.09,3.98
635,4.09,4.09,3.98
636,4.09,4.09,3.98
637,4.09,4.09,3.98
638,4.09,4.09,3.98
639,4.09,4.09,3.98
640,4.09,4.09,3.98
641,4.09,4.09,3.98
642,4.09,4.09,3.98
643,4.09,4.09,3.98
644,4.09,4.09,3.98
645,4.09,4.09,3.98
646,4.09,4.09,3.98
647,4.09,4.09,3.98
648,4.09,4.09,3.98
649,4.09,4.09,3.98
650,4.09,4.09,3.98
651,4.09,4.09,3.98
652,4.09,4.09,3.98
653,4.09,4.09,3.98
654,4.090000000000001,4.090000000000001,3.9799999999999995
655,4.09,4.09,3.98
656,4.09,4.09,3.98
657,4.09,4.09,3.98
658,4.09,4.09,3.98
659,4.09,4.09,3.98
660,4.09,4.09,3.98
661,4.09,4.09,3.98
662,4.09,4.09,3.98
663,4.09,4.09,3.98
664,4.09,4.09,3.98
665,4.09,4.09,3.98
666,4.09,4.09,3.98
667,4.09,4.09,3.98
668,4.09,4.09,3.98
669,4.09,4.09,3.98
670,4.09,4.09,3.98
671,4.09,4.09,3.98
672,4.09,4.09,3.98
673,4.09,4.09,3.98
674,4.09,4.09,3.98
675,4.09,4.09,3.98
676,4.09,4.09,3.98
677,4.09,4.09,3.98
678,4.09,4.09,3.98
679,4.09,4.09,3.98
680,4.09,4.09,3.9799999999999995
681,4.09,4.09,3.98
682,4.09,4.09,3.98
683,4.09,4.09,3.98
684,4.09,4.09,3.98
685,4.09,4.09,3.98
686,4.09,4.09,3.98
687,4.09,4.09,3.98
688,4.09,4.09,3.98
689,4.09,4.09,3.98
690,4.09,4.09,3.98
691,4.09,4.09,3.98
692,4.09,4.09,3.98
693,4.09,4.09,3.98
694,4.09,4.09,3.98
695,4.09,4.09,3.98
696,4.09,4.09,3.98
697,4.09,4.09,3.98
698,4.09,4.09,3.98
699,4.09,4.09,3.98
700,4.09,4.09,3.98
701,4.09,4.09,3.98
702,4.09,4.09,3.98
703,4.09,4.09,3.98
704,4.09,4.09,3.98
705,4.09,4.09,3.98
706,4.09,4.09,3.98
707,4.09,4.09,3.9799999999999995
708,4.09,4.09,3.98
709,4.09,4.09,3.98
710,4.09,4.09,3.98
711,4.09,4.09,3.98
712,4.09,4.09,3.98
713,4.090000000000001,4.090000000000001,3.9799999999999995
714,4.09,4.09,3.98
715,4.09,4.09,3.98
716,4.09,4.09,3.98
717,4.09,4.09,3.98
718,4.09,4.09,3.98
719,4.09,4.09,3.98
720,4.09,4.09,3.98
721,4.09,4.09,3.98
722,4.09,4.09,3.98
723,4.09,4.09,3.98
724,4.09,4.09,3.98
725,4.09,4.09,3.98
726,4.09,4.09,3.98
727,3.14,3.14,3.69
728,3.14,3.14,3.69
729,3.14,3.14,3.69
730,3.14,3.14,3.69
731,3.14,3.14,3.69
732,3.14,3.14,3.69
733,3.14,3.14,3.69
734,3.14,3.14,3.69
735,3.14,3.14,3.69
736,3.14,3.14,3.69
737,3.14,3.14,3.69
738,3.14,3.14,3.6899999999999995
739,3.14,3.14,3.69
740,3.14,3.14,3.69
741,3.14,3.14,3.69
742,3.14,3.14,3.69
743,3.14,3.14,3.69
744,3.14,3.14,3.69
745,3.14,3.14,3.69
746,3.14,3.14,3.69
747,3.14,3.14,3.69
748,3.14,3.14,3.69
749,3.14,3.14,3.69
750,3.14,3.14,3.69
751,3.14,3.14,3.69
752,3.14,3.14,3.69
753,3.14,3.14,3.69
754,3.14,3.14,3.69
755,3.14,3.14,3.69
756,3.14,3.14,3.69
757,3.14,3.14,3.69
758,3.14,3.14,3.69
759,3.14,3.14,3.69
760,3.14,3.14,3.69
761,3.14,3.14,3.69
762,3.14,3.14,3.69
763,3.14,3.14,3.69
764,3.14,3.14,3.69
765,3.14,3.14,3.69
766,3.14,3.14,3.69
767,3.14,3.14,3.69
768,3.14,3.14,3.69
769,3.14,3.14,3.69
770,3.14,3.14,3.69
771,3.14,3.14,3.69
772,3.14,3.14,3.69
773,3.14,3.14,3.69
774,3.14,3.14,3.69
775,3.14,3.14,3.69
776,3.14,3.14,3.69
777,3.14,3.14,3.6900000000000004
778,3.14,3.14,3.69
779,3.14,3.14,3.69
780,3.14,3.14,3.69
781,3.14,3.14,3.69
782,3.14,3.14,3.69
783,3.14,3.14,3.69
784,3.14,3.14,3.69
785,3.14,3.14,3.69
786,3.14,3.14,3.69
787,3.14,3.14,3.69
788,3.14,3.14,3.69
789,3.14,3.14,3.69
790,3.14,3.14,3.69
791,3.14,3.14,3.69
792,3.14,3.14,3.69
793,3.14,3.14,3.69
794,3.14,3.14,3.69
795,3.14,3.14,3.69
796,3.14,3.14,3.69
797,3.14,3.14,3.69
798,3.14,3.14,3.69
799,3.14,3.14,3.69
800,3.14,3.14,3.69
801,3.14,3.14,3.69
802,3.14,3.14,3.69
803,3.14,3.14,3.69
804,3.14,3.14,3.69
805,3.14,3.14,3.69
806,3.14,3.14,3.69
807,3.14,3.14,3.689999999999999
808,3.14,3.14,3.69
809,3.14,3.14,3.69
810,3.14,3.14,3.69
811,3.14,3.14,3.69
812,3.14,3.14,3.69
813,3.14,3.14,3.69
814,3.14,3.14,3.69
815,3.14,3.14,3.69
816,3.14,3.14,3.69
817,3.14,3.14,3.69
818,3.14,3.14,3.69
819,3.14,3.14,3.6899999999999995
820,3.14,3.14,3.69
821,3.14,3.14,3.69
822,3.14,3.14,3.69
823,3.14,3.14,3.69
824,3.14,3.14,3.69
825,3.14,3.14,3.69
826,3.14,3.14,3.69
827,3.14,3.14,3.69
828,3.14,3.14,3.69
829,3.14,3.14,3.69
830,3.14,3.14,3.69
831,3.14,3.14,3.69
832,3.14,3.14,3.69
833,3.14,3.14,3.69
834,3.14,3.14,3.69
835,3.14,3.14,3.69
836,3.14,3.14,3.69
837,3.14,3.14,3.69
838,3.14,3.14,3.69
839,3.14,3.14,3.69
840,3.14,3.14,3.69
841,3.14,3.14,3.69
842,3.14,3.14,3.69
843,3.14,3.14,3.69
844,3.14,3.14,3.69
845,3.14,3.14,3.69
846,3.14,3.14,3.69
847,3.14,3.14,3.69
848,3.14,3.14,3.69
849,3.14,3.14,3.69
850,3.14,3.14,3.69
851,3.14,3.14,3.69
852,3.14,3.14,3.69
853,3.14,3.14,3.69
854,3.14,3.14,3.69
855,3.14,3.14,3.69
856,3.14,3.14,3.69
857,3.14,3.14,3.6899999999999995
858,3.14,3.14,3.69
859,3.14,3.14,3.69
860,3.14,3.14,3.69
861,3.14,3.14,3.69
862,3.14,3.14,3.69
863,3.14,3.14,3.69
864,3.14,3.14,3.69
865,3.14,3.14,3.69
866,3.14,3.14,3.69
867,3.14,3.14,3.69
868,3.14,3.14,3.69
869,3.14,3.14,3.69
870,3.14,3.14,3.69
871,3.14,3.14,3.69
872,3.14,3.14,3.69
873,3.14,3.14,3.69
874,3.14,3.14,3.69
875,3.14,3.14,3.69
876,3.14,3.14,3.69
877,3.14,3.14,3.69
878,3.14,3.14,3.69
879,3.14,3.14,3.69
880,3.14,3.14,3.69
881,3.14,3.14,3.69
882,3.14,3.14,3.69
883,3.14,3.14,3.69
884,3.14,3.14,3.69
885,3.14,3.14,3.69
886,3.14,3.14,3.69
887,3.14,3.14,3.69
888,3.14,3.14,3.69
889,3.14,3.14,3.69
890,3.14,3.14,3.69
891,3.14,3.14,3.69
892,3.14,3.14,3.69
893,3.14,3.14,3.69
894,3.14,3.14,3.69
895,3.14,3.14,3.69
896,3.14,3.14,3.69
897,3.14,3.14,3.69
898,3.14,3.14,3.69
899,3.14,3.14,3.69
900,3.14,3.14,3.69
901,3.14,3.14,3.69
902,3.14,3.14,3.69
903,3.14,3.14,3.69
904,3.14,3.14,3.69
905,3.14,3.14,3.69
906,3.14,3.14,3.69
907,3.14,3.14,3.69
908,3.14,3.14,3.69
909,3.14,3.14,3.69
910,3.14,3.14,3.69
911,3.14,3.14,3.69
912,3.14,3.14,3.69
913,3.14,3.14,3.69
914,3.14,3.14,3.69
915,3.14,3.14,3.69
916,3.14,3.14,3.69
917,3.14,3.14,3.69
918,3.14,3.14,3.69
919,3.14,3.14,3.69
920,3.14,3.14,3.69
921,3.14,3.14,3.6900000000000004
922,3.14,3.14,3.69
923,3.14,3.14,3.69
924,3.14,3.14,3.6900000000000004
925,3.14,3.14,3.69
926,3.14,3.14,3.69
927,3.14,3.14,3.69
928,3.14,3.14,3.69
929,3.14,3.14,3.69
930,3.14,3.14,3.69
931,3.14,3.14,3.6900000000000004
932,3.14,3.14,3.69
933,3.14,3.14,3.69
934,3.14,3.14,3.69
935,3.14,3.14,3.69
936,3.14,3.14,3.69
937,3.14,3.14,3.69
938,3.14,3.14,3.69
939,3.14,3.14,3.6899999999999995
940,3.14,3.14,3.69
941,3.14,3.14,3.69
942,3.14,3.14,3.69
943,3.14,3.14,3.69
944,3.14,3.14,3.69
945,3.14,3.14,3.69
946,3.14,3.14,3.69
947,3.14,3.14,3.69
948,3.14,3.14,3.69
949,3.14,3.14,3.69
950,3.14,3.14,3.69
951,3.14,3.14,3.69
952,3.14,3.14,3.69
953,3.14,3.14,3.69
954,3.14,3.14,3.69
955,3.14,3.14,3.69
956,3.14,3.14,3.69
957,3.14,3.14,3.69
958,3.14,3.14,3.69
959,3.14,3.14,3.69
960,3.14,3.14,3.69
961,3.14,3.14,3.69
962,3.14,3.14,3.69
963,3.14,3.14,3.69
964,3.14,3.14,3.69
965,3.14,3.14,3.69
966,3.14,3.14,3.69
967,3.14,3.14,3.69
968,3.14,3.14,3.69
969,3.14,3.14,3.69
970,3.14,3.14,3.69
971,3.14,3.14,3.69
972,3.14,3.14,3.69
973,3.14,3.14,3.69
974,3.14,3.14,3.69
975,3.14,3.14,3.69
976,3.14,3.14,3.69
977,3.14,3.14,3.69
978,3.14,3.14,3.69
979,3.14,3.14,3.69
980,3.14,3.14,3.69
981,3.14,3.14,3.69
982,3.14,3.14,3.69
983,3.14,3.14,3.69
984,3.14,3.14,3.69
985,3.14,3.14,3.69
986,3.14,3.14,3.69
987,3.14,3.14,3.69
988,3.14,3.14,3.69
989,3.14,3.14,3.69
990,3.14,3.14,3.69
991,3.14,3.14,3.69
992,3.14,3.14,3.69
993,3.14,3.14,3.69
994,3.14,3.14,3.69
995,3.14,3.14,3.69
996,3.14,3.14,3.69
997,3.14,3.14,3.69
998,3.14,3.14,3.69
999,3.14,3.14,3.69
1000,3.14,3.14,3.69
1001,3.14,3.14,3.69
1002,3.14,3.14,3.69
1003,3.14,3.14,3.69
1004,3.14,3.14,3.69
1005,3.14,3.14,3.69
1006,3.14,3.14,3.69
1007,3.14,3.14,3.69
1008,3.14,3.14,3.69
1009,3.14,3.14,3.69
1010,3.14,3.14,3.69
1011,3.14,3.14,3.69
1012,3.14,3.14,3.69
1013,3.14,3.14,3.69
1014,3.14,3.14,3.69
1015,3.14,3.14,3.69
1016,3.14,3.14,3.69
1017,3.14,3.14,3.69
1018,3.14,3.14,3.69
1019,3.14,3.14,3.69
1020,3.14,3.14,3.69
1021,3.14,3.14,3.69
1022,3.14,3.14,3.69
1023,3.14,3.14,3.69
1024,3.14,3.14,3.69
1025,3.14,3.14,3.69
1026,3.14,3.14,3.69
1027,3.14,3.14,3.69
1028,3.14,3.14,3.69
1029,3.14,3.14,3.69
1030,3.14,3.14,3.69
1031,3.14,3.14,3.69
1032,3.14,3.14,3.69
1033,3.14,3.14,3.69
1034,3.14,3.14,3.69
1035,3.14,3.14,3.69
1036,3.14,3.14,3.69
1037,3.14,3.14,3.689999999999999
1038,3.14,3.14,3.69
1039,3.14,3.14,3.69
1040,3.14,3.14,3.6900000000000004
1041,3.14,3.14,3.69
1042,3.14,3.14,3.69
1043,3.14,3.14,3.69
1044,3.14,3.14,3.69
1045,3.14,3.14,3.69
1046,3.14,3.14,3.69
1047,3.14,3.14,3.69
1048,3.14,3.14,3.69
1049,3.14,3.14,3.69
1050,3.14,3.14,3.69
1051,3.14,3.14,3.69
1052,3.14,3.14,3.69
1053,3.14,3.14,3.69
1054,3.14,3.14,3.69
1055,3.14,3.14,3.69
1056,3.14,3.14,3.69
1057,3.14,3.14,3.6899999999999995
1058,3.14,3.14,3.69
1059,3.14,3.14,3.69
1060,3.14,3.14,3.69
1061,3.14,3.14,3.69
1062,3.14,3.14,3.69
1063,3.14,3.14,3.69
1064,3.14,3.14,3.69
1065,3.14,3.14,3.69
1066,3.14,3.14,3.69
1067,3.14,3.14,3.69
1068,3.14,3.14,3.69
1069,3.14,3.14,3.69
1070,3.14,3.14,3.69
1071,3.14,3.14,3.69
1072,3.14,3.14,3.69
1073,3.14,3.14,3.69
1074,3.14,3.14,3.69
1075,3.14,3.14,3.69
1076,3.14,3.14,3.69
1077,3.14,3.14,3.69
1078,3.14,3.14,3.69
1079,3.14,3.14,3.69
1080,3.14,3.14,3.69
1081,3.14,3.14,3.69
1082,3.14,3.14,3.69
1083,3.14,3.14,3.69
1084,3.14,3.14,3.69
1085,3.14,3.14,3.69
1086,3.14,3.14,3.6900000000000004
1087,3.14,3.14,3.69
1088,3.14,3.14,3.69
1089,3.14,3.14,3.69
1090,3.14,3.14,3.69
1091,3.14,3.14,3.69
1092,3.14,3.14,3.69
1093,3.14,3.14,3.69
1094,3.14,3.14,3.69
1095,3.14,3.14,3.69
1096,3.14,3.14,3.69
1097,3.14,3.14,3.69
1098,3.14,3.14,3.69
1099,3.14,3.14,3.69
1100,3.14,3.14,3.69
1101,3.14,3.14,3.69
1102,3.14,3.14,3.69
1103,3.14,3.14,3.69
1104,3.14,3.14,3.69
1105,3.14,3.14,3.69
1106,3.14,3.14,3.69
1107,3.14,3.14,3.69
1108,3.14,3.14,3.69
1109,3.14,3.14,3.69
1110,3.14,3.14,3.69
1111,3.14,3.14,3.69
1112,3.14,3.14,3.69
1113,3.14,3.14,3.69
1114,3.14,3.14,3.69
1115,3.14,3.14,3.69
1116,3.14,3.14,3.69
1117,3.14,3.14,3.6900000000000004
1118,3.14,3.14,3.69
1119,3.14,3.14,3.69
1120,3.14,3.14,3.69
1121,3.14,3.14,3.69
1122,3.14,3.14,3.69
1123,3.14,3.14,3.69
1124,3.14,3.14,3.69
1125,3.14,3.14,3.69
1126,3.14,3.14,3.6899999999999995
1127,3.14,3.14,3.69
1128,3.14,3.14,3.69
1129,3.14,3.14,3.69
1130,3.14,3.14,3.69
1131,3.14,3.14,3.69
1132,3.14,3.14,3.69
1133,3.14,3.14,3.69
1134,3.14,3.14,3.69
1135,3.14,3.14,3.69
1136,3.14,3.14,3.69
1137,2.13,2.13,3.18
1138,2.13,2.13,3.18
1139,2.13,2.13,3.18
1140,2.13,2.13,3.18
1141,2.13,2.13,3.18
1142,2.13,2.13,3.18
1143,2.13,2.13,3.18
1144,2.13,2.13,3.18
1145,2.13,2.13,3.18
1146,2.13,2.13,3.18
1147,2.1299999999999994,2.1299999999999994,3.18
1148,2.13,2.13,3.18
1149,2.13,2.13,3.18
1150,2.13,2.13,3.18
1151,2.1299999999999994,2.1299999999999994,3.18
1152,2.13,2.13,3.18
1153,2.13,2.13,3.18
1154,2.13,2.13,3.18
1155,2.13,2.13,3.18
1156,2.1299999999999994,2.1299999999999994,3.18
1157,2.13,2.13,3.18
1158,2.13,2.13,3.18
1159,2.13,2.13,3.18
1160,2.13,2.13,3.18
1161,2.13,2.13,3.18
1162,2.13,2.13,3.18
1163,2.13,2.13,3.18
1164,2.13,2.13,3.18
1165,2.13,2.13,3.18
1166,2.13,2.13,3.18
1167,2.13,2.13,3.18
1168,2.1299999999999994,2.1299999999999994,3.18
1169,2.13,2.13,3.18
1170,2.13,2.13,3.18
1171,2.13,2.13,3.18
1172,2.13,2.13,3.18
1173,2.13,2.13,3.18
1174,2.13,2.13,3.18
1175,2.13,2.13,3.18
1176,2.13,2.13,3.18
1177,2.13,2.13,3.18
1178,2.13,2.13,3.18
1179,2.13,2.13,3.18
1180,2.1299999999999994,2.1299999999999994,3.18
1181,2.13,2.13,3.18
1182,2.13,2.13,3.18
1183,2.13,2.13,3.18
1184,2.13,2.13,3.18
1185,2.13,2.13,3.18
1186,2.13,2.13,3.18
1187,2.13,2.13,3.18
1188,2.13,2.13,3.18
1189,2.13,2.13,3.18
1190,2.13,2.13,3.18
1191,2.13,2.13,3.18
1192,2.13,2.13,3.18
1193,2.13,2.13,3.18
1194,2.13,2.13,3.18
1195,2.1299999999999994,2.1299999999999994,3.18
1196,2.13,2.13,3.18
1197,2.13,2.13,3.18
1198,2.13,2.13,3.18
1199,2.13,2.13,3.18
1200,2.13,2.13,3.18
1201,2.13,2.13,3.18
1202,2.13,2.13,3.18
1203,2.13,2.13,3.18
1204,2.13,2.13,3.18
1205,2.13,2.13,3.18
1206,2.13,2.13,3.18
1207,2.13,2.13,3.18
1208,2.13,2.13,3.18
1209,2.13,2.13,3.18
1210,2.13,2.13,3.18
1211,2.13,2.13,3.18
1212,2.13,2.13,3.18
1213,2.1299999999999994,2.1299999999999994,3.18
1214,2.13,2.13,3.18
1215,2.13,2.13,3.18
1216,2.13,2.13,3.18
1217,2.13,2.13,3.18
1218,2.13,2.13,3.18
1219,2.13,2.13,3.18
1220,2.13,2.13,3.18
1221,2.13,2.13,3.18
1222,2.13,2.13,3.18
1223,2.13,2.13,3.18
1224,2.13,2.13,3.18
1225,2.13,2.13,3.18
1226,2.13,2.13,3.18
1227,2.13,2.13,3.18
1228,2.1299999999999994,2.1299999999999994,3.18
1229,2.13,2.13,3.18
1230,2.13,2.13,3.18
1231,2.13,2.13,3.18
1232,2.13,2.13,3.18
1233,2.13,2.13,3.18
1234,2.13,2.13,3.18
1235,2.13,2.13,3.18
1236,2.13,2.13,3.18
1237,2.13,2.13,3.18
1238,2.13,2.13,3.18
1239,2.13,2.13,3.18
1240,2.13,2.13,3.18
1241,2.13,2.13,3.18
1242,2.13,2.13,3.18
1243,2.13,2.13,3.18
1244,2.13,2.13,3.18
1245,2.13,2.13,3.18
1246,2.13,2.13,3.18
1247,2.13,2.13,3.18
1248,2.13,2.13,3.18
1249,2.13,2.13,3.18
1250,2.13,2.13,3.18
1251,2.13,2.13,3.18
1252,2.13,2.13,3.18
1253,2.13,2.13,3.18
1254,2.13,2.13,3.18
1255,2.13,2.13,3.18
1256,2.13,2.13,3.18
1257,2.13,2.13,3.18
1258,2.13,2.13,3.18
1259,2.13,2.13,3.18
1260,2.13,2.13,3.18
1261,2.13,2.13,3.18
1262,2.13,2.13,3.18
1263,2.13,2.13,3.18
1264,2.13,2.13,3.18
1265,2.13,2.13,3.18
1266,2.13,2.13,3.18
1267,2.13,2.13,3.18
1268,2.13,2.13,3.18
1269,2.13,2.13,3.18
1270,2.13,2.13,3.18
1271,2.13,2.13,3.18
1272,2.13,2.13,3.18
1273,2.13,2.13,3.18
1274,2.13,2.13,3.18
1275,2.1299999999999994,2.1299999999999994,3.18
1276,2.13,2.13,3.18
1277,2.13,2.13,3.18
1278,2.13,2.13,3.18
1279,2.13,2.13,3.18
1280,2.13,2.13,3.18
1281,2.13,2.13,3.18
1282,2.13,2.13,3.18
1283,2.13,2.13,3.18
1284,2.13,2.13,3.18
1285,2.13,2.13,3.18
1286,2.13,2.13,3.18
1287,2.13,2.13,3.18
1288,2.13,2.13,3.18
1289,2.13,2.13,3.18
1290,2.13,2.13,3.18
1291,2.13,2.13,3.18
1292,2.13,2.13,3.18
1293,2.13,2.13,3.18
1294,2.13,2.13,3.18
1295,2.13,2.13,3.18
1296,2.13,2.13,3.18
1297,2.13,2.13,3.18
1298,2.13,2.13,3.18
1299,2.13,2.13,3.18
1300,2.13,2.13,3.18
1301,2.13,2.13,3.18
1302,2.13,2.13,3.18
1303,2.13,2.13,3.18
1304,2.13,2.13,3.18
1305,2.1299999999999994,2.1299999999999994,3.18
1306,2.13,2.13,3.18
1307,2.13,2.13,3.18
1308,2.13,2.13,3.18
1309,2.13,2.13,3.18
1310,2.13,2.13,3.18
1311,2.13,2.13,3.18
1312,2.13,2.13,3.18
1313,2.13,2.13,3.18
1314,2.13,2.13,3.18
1315,2.13,2.13,3.18
1316,2.13,2.13,3.18
1317,2.13,2.13,3.18
1318,2.13,2.13,3.18
1319,2.13,2.13,3.18
1320,2.13,2.13,3.18
1321,2.1299999999999994,2.1299999999999994,3.18
1322,2.13,2.13,3.18
1323,2.13,2.13,3.18
1324,2.13,2.13,3.18
1325,2.13,2.13,3.18
1326,2.13,2.13,3.18
1327,2.13,2.13,3.18
1328,2.13,2.13,3.18
1329,2.13,2.13,3.18
1330,2.13,2.13,3.18
1331,2.13,2.13,3.18
1332,2.13,2.13,3.18
1333,2.13,2.13,3.18
1334,2.13,2.13,3.18
1335,2.13,2.13,3.18
1336,2.13,2.13,3.18
1337,2.13,2.13,3.18
1338,2.13,2.13,3.18
1339,2.13,2.13,3.18
1340,2.1299999999999994,2.1299999999999994,3.18
1341,2.13,2.13,3.18
1342,2.13,2.13,3.18
1343,2.13,2.13,3.18
1344,2.13,2.13,3.18
1345,2.13,2.13,3.18
1346,2.13,2.13,3.18
1347,2.13,2.13,3.18
1348,2.13,2.13,3.18
1349,2.13,2.13,3.18
1350,2.13,2.13,3.18
1351,2.13,2.13,3.18
1352,2.13,2.13,3.18
1353,2.13,2.13,3.18
1354,2.13,2.13,3.18
1355,2.13,2.13,3.18
1356,2.13,2.13,3.18
1357,2.1299999999999994,2.1299999999999994,3.18
1358,2.13,2.13,3.18
1359,2.13,2.13,3.18
1360,2.13,2.13,3.18
1361,2.13,2.13,3.18
1362,2.13,2.13,3.18
1363,2.13,2.13,3.18
1364,2.13,2.13,3.18
1365,2.13,2.13,3.18
1366,2.13,2.13,3.18
1367,2.1299999999999994,2.1299999999999994,3.18
1368,2.13,2.13,3.18
1369,2.13,2.13,3.18
1370,2.13,2.13,3.18
1371,2.13,2.13,3.18
1372,2.13,2.13,3.18
1373,2.13,2.13,3.18
1374,2.13,2.13,3.18
1375,2.13,2.13,3.18
1376,2.13,2.13,3.18
1377,2.13,2.13,3.18
1378,2.13,2.13,3.18
1379,2.13,2.13,3.18
1380,2.13,2.13,3.18
1381,2.13,2.13,3.18
1382,2.13,2.13,3.18
1383,2.13,2.13,3.18
1384,2.13,2.13,3.18
1385,2.13,2.13,3.18
1386,2.13,2.13,3.18
1387,2.13,2.13,3.18
1388,2.13,2.13,3.18
1389,2.13,2.13,3.18
1390,2.13,2.13,3.18
1391,2.13,2.13,3.18
1392,2.13,2.13,3.18
1393,2.13,2.13,3.18
1394,2.13,2.13,3.18
1395,2.13,2.13,3.18
1396,2.13,2.13,3.18
1397,2.13,2.13,3.18
1398,2.13,2.13,3.18
1399,2.13,2.13,3.18
1400,2.1299999999999994,2.1299999999999994,3.18
1401,2.13,2.13,3.18
1402,2.13,2.13,3.18
1403,2.13,2.13,3.18
1404,2.13,2.13,3.18
1405,2.13,2.13,3.18
1406,2.13,2.13,3.18
1407,2.13,2.13,3.18
1408,2.13,2.13,3.18
1409,2.13,2.13,3.18
1410,2.13,2.13,3.18
1411,2.13,2.13,3.18
1412,2.13,2.13,3.18
1413,2.13,2.13,3.18
1414,2.13,2.13,3.18
1415,2.13,2.13,3.18
1416,2.13,2.13,3.18
1417,2.13,2.13,3.18
1418,2.13,2.13,3.18
1419,2.13,2.13,3.18
1420,2.13,2.13,3.18
1421,2.13,2.13,3.18
1422,2.13,2.13,3.18
1423,2.13,2.13,3.18
1424,2.13,2.13,3.18
1425,2.13,2.13,3.18
1426,2.13,2.13,3.18
1427,2.13,2.13,3.18
1428,2.13,2.13,3.18
1429,2.13,2.13,3.18
1430,2.13,2.13,3.18
1431,2.13,2.13,3.18
1432,2.13,2.13,3.18
1433,2.13,2.13,3.18
1434,2.1299999999999994,2.1299999999999994,3.18
1435,2.13,2.13,3.18
1436,2.13,2.13,3.18
1437,2.13,2.13,3.18
1438,2.13,2.13,3.18
1439,2.13,2.13,3.18
1440,2.13,2.13,3.18
1441,2.13,2.13,3.18
1442,2.13,2.13,3.18
1443,2.13,2.13,3.18
1444,2.13,2.13,3.18
1445,2.13,2.13,3.18
1446,2.1299999999999994,2.1299999999999994,3.18
1447,2.13,2.13,3.18
1448,2.13,2.13,3.18
1449,2.13,2.13,3.18
1450,2.13,2.13,3.18
1451,2.13,2.13,3.18
1452,2.13,2.13,3.18
1453,2.1299999999999994,2.1299999999999994,3.18
1454,2.13,2.13,3.18
1455,2.13,2.13,3.18
1456,2.13,2.13,3.18
1457,2.13,2.13,3.18
1458,2.13,2.13,3.18
1459,2.13,2.13,3.18
1460,2.13,2.13,3.18
1461,2.13,2.13,3.18
1462,2.13,2.13,3.18
1463,2.13,2.13,3.18
1464,2.13,2.13,3.18
1465,2.13,2.13,3.18
1466,2.13,2.13,3.18
1467,2.13,2.13,3.18
1468,2.13,2.13,3.18
1469,2.13,2.13,3.18
1470,2.13,2.13,3.18
1471,2.13,2.13,3.18
1472,2.13,2.13,3.18
1473,2.13,2.13,3.18
1474,2.13,2.13,3.18
1475,2.13,2.13,3.18
1476,2.13,2.13,3.18
1477,2.13,2.13,3.18
1478,2.13,2.13,3.18
1479,2.13,2.13,3.18
1480,2.13,2.13,3.18
1481,2.13,2.13,3.18
1482,2.13,2.13,3.18
1483,2.13,2.13,3.18
1484,2.13,2.13,3.18
1485,2.13,2.13,3.18
1486,2.13,2.13,3.18
1487,2.1299999999999994,2.1299999999999994,3.18
1488,2.13,2.13,3.18
1489,2.13,2.13,3.18
1490,2.13,2.13,3.18
1491,2.13,2.13,3.18
1492,2.13,2.13,3.18
1493,2.13,2.13,3.18
1494,2.13,2.13,3.18
1495,2.13,2.13,3.18
1496,2.13,2.13,3.18
1497,2.13,2.13,3.18
1498,2.13,2.13,3.18
1499,2.13,2.13,3.18
1500,2.13,2.13,3.18
1501,2.13,2.13,3.18
1502,2.13,2.13,3.18
1503,2.13,2.13,3.18
1504,2.13,2.13,3.18
1505,2.13,2.13,3.18
1506,2.1299999999999994,2.1299999999999994,3.18
1507,2.13,2.13,3.18
1508,2.13,2.13,3.18
1509,2.13,2.13,3.18
1510,2.13,2.13,3.18
1511,2.1299999999999994,2.1299999999999994,3.18
1512,2.13,2.13,3.18
1513,2.13,2.13,3.18
1514,2.13,2.13,3.18
1515,2.13,2.13,3.18
1516,2.13,2.13,3.18
1517,2.13,2.13,3.18
1518,2.13,2.13,3.18
1519,2.13,2.13,3.18
1520,2.13,2.13,3.18
1521,2.13,2.13,3.18
1522,2.13,2.13,3.18
1523,2.13,2.13,3.18
1524,2.13,2.13,3.18
1525,2.13,2.13,3.18
1526,2.13,2.13,3.18
1527,2.13,2.13,3.18
1528,2.13,2.13,3.18
1529,2.1299999999999994,2.1299999999999994,3.18
1530,2.13,2.13,3.18
1531,2.13,2.13,3.18
1532,2.13,2.13,3.18
1533,2.13,2.13,3.18
1534,2.13,2.13,3.18
1535,2.13,2.13,3.18
1536,2.13,2.13,3.18
1537,2.13,2.13,3.18
1538,2.13,2.13,3.18
1539,2.13,2.13,3.18
1540,2.13,2.13,3.18
1541,2.13,2.13,3.18
1542,2.13,2.13,3.18
1543,2.13,2.13,3.18
1544,2.13,2.13,3.18
1545,2.13,2.13,3.18
1546,2.13,2.13,3.18
1547,2.13,2.13,3.18
1548,2.13,2.13,3.18
1549,2.13,2.13,3.18
1550,2.13,2.13,3.18
1551,2.13,2.13,3.18
1552,2.13,2.13,3.18
1553,2.13,2.13,3.18
1554,2.13,2.13,3.18
1555,2.13,2.13,3.18
1556,2.13,2.13,3.18
1557,2.13,2.13,3.18
1558,2.13,2.13,3.18
1559,2.13,2.13,3.18
1560,2.13,2.13,3.18
1561,2.1299999999999994,2.1299999999999994,3.18
1562,2.13,2.13,3.18
1563,2.13,2.13,3.18
1564,2.13,2.13,3.18
1565,2.13,2.13,3.18
1566,2.13,2.13,3.18
1567,2.13,2.13,3.18
1568,2.13,2.13,3.18
1569,2.13,2.13,3.18
1570,2.13,2.13,3.18
1571,2.13,2.13,3.18
1572,2.13,2.13,3.18
1573,2.13,2.13,3.18
1574,2.13,2.13,3.18
1575,2.13,2.13,3.18
1576,2.13,2.13,3.18
1577,2.13,2.13,3.18
1578,1.9399999999999995,1.9399999999999995,1.9500000000000002
1579,1.94,1.94,1.95
1580,1.9399999999999993,1.9399999999999993,1.9500000000000006
1581,1.94,1.94,1.95
1582,1.94,1.94,1.95
1583,1.94,1.94,1.95
1584,1.9400000000000002,1.9400000000000002,1.95
1585,1.94,1.94,1.95
1586,1.94,1.94,1.95
1587,1.94,1.94,1.95
1588,1.94,1.94,1.95
1589,1.94,1.94,1.95
1590,1.94,1.94,1.95
1591,1.94,1.94,1.95
1592,1.94,1.94,1.95
1593,1.94,1.94,1.95
1594,1.94,1.94,1.95
1595,1.9399999999999997,1.9399999999999997,1.95
1596,1.94,1.94,1.95
1597,1.94,1.94,1.95
1598,1.94,1.94,1.95
1599,1.94,1.94,1.95
1600,1.9400000000000002,1.9400000000000002,1.95
1601,1.94,1.94,1.95
1602,1.94,1.94,1.95
1603,1.9399999999999997,1.9399999999999997,1.95
1604,1.94,1.94,1.95
1605,1.94,1.94,1.95
1606,1.94,1.94,1.95
1607,1.94,1.94,1.95
1608,1.94,1.94,1.95
1609,1.94,1.94,1.95
1610,1.94,1.94,1.95
1611,1.9400000000000002,1.9400000000000002,1.9500000000000002
1612,1.94,1.94,1.95
1613,1.94,1.94,1.95
1614,1.94,1.94,1.95
1615,1.94,1.94,1.95
1616,1.94,1.94,1.95
1617,1.94,1.94,1.95
1618,1.94,1.94,1.95
1619,1.94,1.94,1.95
1620,1.94,1.94,1.95
1621,1.9400000000000002,1.9400000000000002,1.95
1622,1.94,1.94,1.95
1623,1.94,1.94,1.9499999999999997
1624,1.94,1.94,1.95
1625,1.94,1.94,1.95
1626,1.94,1.94,1.95
1627,1.94,1.94,1.95
1628,1.94,1.94,1.95
1629,1.94,1.94,1.95
1630,1.94,1.94,1.95
1631,1.94,1.94,1.95
1632,1.94,1.94,1.95
1633,1.94,1.94,1.95
1634,1.9399999999999997,1.9399999999999997,1.9499999999999997
1635,1.94,1.94,1.95
1636,1.94,1.94,1.95
1637,1.94,1.94,1.95
1638,1.94,1.94,1.95
1639,1.94,1.94,1.95
1640,1.94,1.94,1.95
1641,1.9400000000000002,1.9400000000000002,1.95
1642,1.94,1.94,1.95
1643,1.94,1.94,1.95
1644,1.94,1.94,1.95
1645,1.94,1.94,1.95
1646,1.94,1.94,1.95
1647,1.94,1.94,1.95
1648,1.9400000000000002,1.9400000000000002,1.9500000000000002
1649,1.94,1.94,1.95
1650,1.94,1.94,1.95
1651,1.94,1.94,1.95
1652,1.94,1.94,1.95
1653,1.94,1.94,1.95
1654,1.94,1.94,1.95
1655,1.9400000000000002,1.9400000000000002,1.95
1656,1.94,1.94,1.95
1657,1.94,1.94,1.95
1658,1.94,1.94,1.95
1659,1.94,1.94,1.95
1660,1.94,1.94,1.95
1661,1.9400000000000004,1.9400000000000004,1.95
1662,1.94,1.94,1.95
1663,1.94,1.94,1.95
1664,1.94,1.94,1.95
1665,1.94,1.94,1.95
1666,1.94,1.94,1.95
1667,1.94,1.94,1.95
1668,1.94,1.94,1.95
1669,1.94,1.94,1.95
1670,1.94,1.94,1.95
1671,1.94,1.94,1.95
1672,1.94,1.94,1.95
1673,1.94,1.94,1.95
1674,1.94,1.94,1.95
1675,1.94,1.94,1.95
1676,1.94,1.94,1.95
1677,1.94,1.94,1.95
1678,1.94,1.94,1.95
1679,1.94,1.94,1.95
1680,1.94,1.94,1.95
1681,1.94,1.94,1.95
1682,1.94,1.94,1.95
1683,1.94,1.94,1.95
1684,1.9400000000000002,1.9400000000000002,1.95
1685,1.94,1.94,1.95
1686,1.94,1.94,1.95
1687,1.94,1.94,1.95
1688,1.94,1.94,1.95
1689,1.94,1.94,1.95
1690,1.94,1.94,1.95
1691,1.9400000000000004,1.9400000000000004,1.95
1692,1.94,1.94,1.95
1693,1.94,1.94,1.95
1694,1.94,1.94,1.95
1695,1.94,1.94,1.95
1696,1.94,1.94,1.95
1697,1.94,1.94,1.95
1698,1.94,1.94,1.95
1699,1.94,1.94,1.95
1700,1.94,1.94,1.95
1701,1.94,1.94,1.95
1702,1.94,1.94,1.95
1703,1.94,1.94,1.95
1704,1.94,1.94,1.95
1705,1.9400000000000002,1.9400000000000002,1.95
1706,1.94,1.94,1.95
1707,1.94,1.94,1.95
1708,1.94,1.94,1.95
1709,1.94,1.94,1.95
1710,1.94,1.94,1.95
1711,1.94,1.94,1.95
1712,1.94,1.94,1.95
1713,1.94,1.94,1.95
1714,1.94,1.94,1.95
1715,1.94,1.94,1.95
1716,1.94,1.94,1.95
1717,1.94,1.94,1.95
1718,1.94,1.94,1.95
1719,1.94,1.94,1.95
1720,1.9400000000000002,1.9400000000000002,1.95
1721,1.94,1.94,1.95
1722,1.94,1.94,1.95
1723,1.94,1.94,1.95
1724,1.94,1.94,1.95
1725,1.94,1.94,1.95
1726,1.94,1.94,1.95
1727,1.94,1.94,1.95
1728,1.94,1.94,1.95
1729,1.94,1.94,1.95
1730,1.94,1.94,1.95
1731,1.94,1.94,1.95
1732,1.9399999999999997,1.9399999999999997,1.9499999999999997
1733,1.94,1.94,1.95
1734,1.94,1.94,1.95
1735,1.94,1.94,1.95
1736,1.94,1.94,1.95
1737,1.9400000000000004,1.9400000000000004,1.95
1738,1.94,1.94,1.95
1739,1.94,1.94,1.95
1740,1.94,1.94,1.95
1741,1.94,1.94,1.95
1742,1.94,1.94,1.95
1743,1.94,1.94,1.95
1744,1.94,1.94,1.95
1745,1.94,1.94,1.95
1746,1.94,1.94,1.95
1747,1.9400000000000004,1.9400000000000004,1.95
1748,1.94,1.94,1.95
1749,1.94,1.94,1.95
1750,1.94,1.94,1.95
1751,1.94,1.94,1.95
1752,1.94,1.94,1.95
1753,1.94,1.94,1.95
1754,1.94,1.94,1.95
1755,1.94,1.94,1.95
1756,1.94,1.94,1.95
1757,1.94,1.94,1.95
1758,1.94,1.94,1.95
1759,1.9400000000000004,1.9400000000000004,1.95
1760,1.94,1.94,1.95
1761,1.94,1.94,1.95
1762,1.94,1.94,1.95
1763,1.94,1.94,1.95
1764,1.94,1.94,1.95
1765,1.94,1.94,1.95
1766,1.94,1.94,1.95
1767,1.94,1.94,1.95
1768,1.94,1.94,1.95
1769,1.94,1.94,1.95
1770,1.9400000000000004,1.9400000000000004,1.9499999999999997
1771,1.94,1.94,1.95
1772,1.94,1.94,1.95
1773,1.94,1.94,1.95
1774,1.9399999999999993,1.9399999999999993,1.9500000000000006
1775,1.94,1.94,1.95
1776,1.9399999999999995,1.9399999999999995,1.9500000000000002
1777,1.94,1.94,1.95
1778,1.94,1.94,1.95
1779,1.94,1.94,1.95
1780,1.94,1.94,1.95
1781,1.94,1.94,1.95
1782,1.94,1.94,1.95
1783,1.94,1.94,1.95
1784,1.94,1.94,1.95
1785,1.9400000000000002,1.9400000000000002,1.95
1786,1.94,1.94,1.95
1787,1.94,1.94,1.95
1788,1.94,1.94,1.95
1789,1.94,1.94,1.95
1790,1.94,1.94,1.95
1791,1.94,1.94,1.95
1792,1.94,1.94,1.95
1793,1.94,1.94,1.95
1794,1.94,1.94,1.95
1795,1.94,1.94,1.95
1796,1.94,1.94,1.95
1797,1.9400000000000004,1.9400000000000004,1.95
1798,1.94,1.94,1.95
1799,1.94,1.94,1.95
1800,1.9400000000000002,1.9400000000000002,1.95
1801,1.94,1.94,1.95
1802,1.94,1.94,1.95
1803,1.94,1.94,1.95
1804,1.94,1.94,1.95
1805,1.94,1.94,1.95
1806,1.94,1.94,1.95
1807,1.9400000000000004,1.9400000000000004,1.95
1808,1.94,1.94,1.95
1809,1.94,1.94,1.95
1810,1.94,1.94,1.95
1811,1.94,1.94,1.95
1812,1.94,1.94,1.95
1813,1.94,1.94,1.95
1814,1.9399999999999997,1.9399999999999997,1.9499999999999997
1815,1.94,1.94,1.95
1816,1.9400000000000004,1.9400000000000004,1.95
1817,1.94,1.94,1.95
1818,1.94,1.94,1.95
1819,1.94,1.94,1.95
1820,1.9399999999999997,1.9399999999999997,1.95
1821,1.94,1.94,1.95
1822,1.94,1.94,1.95
1823,1.94,1.94,1.95
1824,1.94,1.94,1.95
1825,1.9400000000000004,1.9400000000000004,1.95
1826,1.94,1.94,1.95
1827,1.94,1.94,1.95
1828,1.94,1.94,1.95
1829,1.94,1.94,1.95
1830,1.94,1.94,1.95
1831,1.94,1.94,1.95
1832,1.94,1.94,1.95
1833,1.94,1.94,1.95
1834,1.94,1.94,1.95
1835,1.94,1.94,1.95
1836,1.94,1.94,1.95
1837,1.94,1.94,1.95
1838,1.94,1.94,1.95
1839,1.94,1.94,1.95
1840,1.94,1.94,1.95
1841,1.9400000000000006,1.9400000000000006,1.9499999999999997
1842,1.94,1.94,1.95
1843,1.94,1.94,1.95
1844,1.94,1.94,1.95
1845,1.94,1.94,1.95
1846,1.94,1.94,1.95
1847,1.94,1.94,1.95
1848,1.9400000000000002,1.9400000000000002,1.95
1849,1.9399999999999997,1.9399999999999997,1.9499999999999997
1850,1.94,1.94,1.95
1851,1.94,1.94,1.95
1852,1.94,1.94,1.95
1853,1.94,1.94,1.95
1854,1.94,1.94,1.95
1855,1.94,1.94,1.95
1856,1.94,1.94,1.95
1857,1.94,1.94,1.95
1858,1.94,1.94,1.95
1859,1.94,1.94,1.95
1860,1.94,1.94,1.95
1861,1.94,1.94,1.95
1862,1.94,1.94,1.95
1863,1.94,1.94,1.95
1864,1.94,1.94,1.95
1865,1.94,1.94,1.95
1866,1.94,1.94,1.95
1867,1.94,1.94,1.95
1868,1.94,1.94,1.95
1869,1.94,1.94,1.95
1870,1.94,1.94,1.95
1871,1.9400000000000002,1.9400000000000002,1.95
1872,1.94,1.94,1.95
1873,1.94,1.94,1.95
1874,1.94,1.94,1.95
1875,1.94,1.94,1.95
1876,1.94,1.94,1.95
1877,1.94,1.94,1.95
1878,1.94,1.94,1.95
1879,1.94,1.94,1.95
1880,1.94,1.94,1.95
1881,1.94,1.94,1.95
1882,1.835,1.835,2.1950000000000003
1883,1.82,1.82,2.23
1884,1.82,1.82,2.23
1885,1.82,1.82,2.23
1886,1.82,1.82,2.23
1887,1.82,1.82,2.23
1888,1.82,1.82,2.23
1889,1.82,1.82,2.23
1890,1.82,1.82,2.23
1891,1.82,1.82,2.23
1892,1.82,1.82,2.23
1893,1.8199999999999998,1.8199999999999998,2.23
1894,1.82,1.82,2.23
1895,1.82,1.82,2.23
1896,1.82,1.82,2.23
1897,1.82,1.82,2.23
1898,1.82,1.82,2.23
1899,1.82,1.82,2.23
1900,1.82,1.82,2.23
1901,1.82,1.82,2.23
1902,1.82,1.82,2.23
1903,1.82,1.82,2.23
1904,1.82,1.82,2.23
1905,1.82,1.82,2.23
1906,1.82,1.82,2.23
1907,1.82,1.82,2.23
1908,1.82,1.82,2.23
1909,1.82,1.82,2.23
1910,1.82,1.82,2.23
1911,1.82,1.82,2.23
1912,1.82,1.82,2.23
1913,1.82,1.82,2.23
1914,1.82,1.82,2.23
1915,1.82,1.82,2.23
1916,1.82,1.82,2.23
1917,1.82,1.82,2.23
1918,1.82,1.82,2.23
1919,1.82,1.82,2.23
1920,1.82,1.82,2.23
1921,1.82,1.82,2.23
1922,1.82,1.82,2.23
1923,1.82,1.82,2.23
1924,1.82,1.82,2.23
1925,1.82,1.82,2.23
1926,1.82,1.82,2.23
1927,1.82,1.82,2.23
1928,1.82,1.82,2.23
1929,1.82,1.82,2.229999999999999
1930,1.82,1.82,2.23
1931,1.82,1.82,2.23
1932,1.82,1.82,2.229999999999999
1933,1.82,1.82,2.23
1934,1.8199999999999998,1.8199999999999998,2.23
1935,1.82,1.82,2.23
1936,1.82,1.82,2.23
1937,1.82,1.82,2.23
1938,1.82,1.82,2.23
1939,1.82,1.82,2.23
1940,1.82,1.82,2.23
1941,1.82,1.82,2.23
1942,1.82,1.82,2.23
1943,1.82,1.82,2.23
1944,1.82,1.82,2.23
1945,1.82,1.82,2.23
1946,1.82,1.82,2.23
1947,1.82,1.82,2.23
1948,1.82,1.82,2.23
1949,1.82,1.82,2.23
1950,1.82,1.82,2.23
1951,1.82,1.82,2.23
1952,1.82,1.82,2.23
1953,1.82,1.82,2.23
1954,1.82,1.82,2.23
1955,1.82,1.82,2.23
1956,1.82,1.82,2.23
1957,1.82,1.82,2.23
1958,1.82,1.82,2.23
1959,1.82,1.82,2.23
1960,1.82,1.82,2.23
1961,1.82,1.82,2.23
1962,1.82,1.82,2.23
1963,1.82,1.82,2.23
1964,1.82,1.82,2.23
1965,1.82,1.82,2.23
1966,1.82,1.82,2.23
1967,1.82,1.82,2.23
1968,1.82,1.82,2.23
1969,1.82,1.82,2.23
1970,1.82,1.82,2.23
1971,1.82,1.82,2.23
1972,1.82,1.82,2.23
1973,1.82,1.82,2.23
1974,1.82,1.82,2.23
1975,1.82,1.82,2.23
1976,1.82,1.82,2.23
1977,1.82,1.82,2.23
1978,1.82,1.82,2.23
1979,1.82,1.82,2.23
1980,1.82,1.82,2.23
1981,1.8199999999999998,1.8199999999999998,2.23
1982,1.82,1.82,2.23
1983,1.82,1.82,2.23
1984,1.82,1.82,2.23
1985,1.82,1.82,2.23
1986,1.82,1.82,2.23
1987,1.82,1.82,2.23
1988,1.82,1.82,2.23
1989,1.82,1.82,2.23
1990,1.82,1.82,2.23
1991,1.82,1.82,2.23
1992,1.82,1.82,2.23
1993,1.82,1.82,2.23
1994,1.82,1.82,2.23
1995,1.82,1.82,2.23
1996,1.82,1.82,2.23
1997,1.82,1.82,2.23
1998,1.8199999999999998,1.8199999999999998,2.23
1999,1.82,1.82,2.23
2000,1.82,1.82,2.23
2001,1.82,1.82,2.23
2002,1.82,1.82,2.23
2003,1.82,1.82,2.23
2004,1.82,1.82,2.23
2005,1.82,1.82,2.23
2006,1.82,1.82,2.23
2007,1.82,1.82,2.23
2008,1.82,1.82,2.23
2009,1.82,1.82,2.23
2010,1.82,1.82,2.23
2011,1.82,1.82,2.23
2012,1.82,1.82,2.23
2013,1.8199999999999998,1.8199999999999998,2.23
2014,1.82,1.82,2.23
2015,1.82,1.82,2.23
2016,1.82,1.82,2.23
2017,1.82,1.82,2.23
2018,1.82,1.82,2.23
2019,1.82,1.82,2.23
2020,1.82,1.82,2.23
2021,1.82,1.82,2.23
2022,1.82,1.82,2.23
2023,1.82,1.82,2.23
2024,1.82,1.82,2.23
2025,1.8199999999999998,1.8199999999999998,2.23
2026,1.82,1.82,2.23
2027,1.8199999999999998,1.8199999999999998,2.23
2028,1.82,1.82,2.23
2029,1.82,1.82,2.23
2030,1.82,1.82,2.23
2031,1.82,1.82,2.23
2032,1.8199999999999998,1.8199999999999998,2.23
2033,1.82,1.82,2.23
2034,1.82,1.82,2.23
2035,1.82,1.82,2.23
2036,1.82,1.82,2.23
2037,1.82,1.82,2.23
2038,1.82,1.82,2.23
2039,1.82,1.82,2.23
2040,1.82,1.82,2.23
2041,1.82,1.82,2.23
2042,1.82,1.82,2.23
2043,1.82,1.82,2.23
2044,1.82,1.82,2.23
2045,1.82,1.82,2.23
2046,1.82,1.82,2.23
2047,1.82,1.82,2.23
2048,1.82,1.82,2.23
2049,1.82,1.82,2.23
2050,1.82,1.82,2.23
2051,1.82,1.82,2.23
2052,1.82,1.82,2.23
2053,1.82,1.82,2.23
2054,1.82,1.82,2.23
2055,1.82,1.82,2.23
2056,1.82,1.82,2.23
2057,1.82,1.82,2.23
2058,1.82,1.82,2.23
2059,1.82,1.82,2.23
2060,1.82,1.82,2.23
2061,1.82,1.82,2.23
2062,1.82,1.82,2.23
2063,1.82,1.82,2.23
2064,1.82,1.82,2.23
2065,1.82,1.82,2.23
2066,1.82,1.82,2.23
2067,1.82,1.82,2.23
2068,1.82,1.82,2.23
2069,1.82,1.82,2.23
2070,1.82,1.82,2.23
2071,1.82,1.82,2.23
2072,1.82,1.82,2.23
2073,1.82,1.82,2.23
2074,1.82,1.82,2.23
2075,1.82,1.82,2.23
2076,1.82,1.82,2.23
2077,1.82,1.82,2.23
2078,1.82,1.82,2.23
2079,1.82,1.82,2.23
2080,1.82,1.82,2.23
2081,1.82,1.82,2.23
2082,1.82,1.82,2.23
2083,1.82,1.82,2.23
2084,1.82,1.82,2.23
2085,1.82,1.82,2.23
2086,1.82,1.82,2.23
2087,1.82,1.82,2.23
2088,1.82,1.82,2.23
2089,1.82,1.82,2.23
2090,1.82,1.82,2.23
2091,1.82,1.82,2.23
2092,1.82,1.82,2.23
2093,1.82,1.82,2.23
2094,1.82,1.82,2.23
2095,1.82,1.82,2.23
2096,1.82,1.82,2.23
2097,1.8199999999999998,1.8199999999999998,2.23
2098,1.82,1.82,2.23
2099,1.82,1.82,2.23
2100,1.82,1.82,2.23
2101,1.82,1.82,2.23
2102,1.82,1.82,2.23
2103,1.82,1.82,2.23
2104,1.82,1.82,2.23
2105,1.82,1.82,2.23
2106,1.82,1.82,2.23
2107,1.82,1.82,2.23
2108,1.82,1.82,2.23
2109,1.82,1.82,2.23
2110,1.82,1.82,2.23
2111,1.82,1.82,2.23
2112,1.82,1.82,2.23
2113,1.82,1.82,2.23
2114,1.82,1.82,2.23
2115,1.82,1.82,2.23
2116,1.82,1.82,2.23
2117,1.82,1.82,2.23
2118,1.82,1.82,2.23
2119,1.82,1.82,2.23
2120,1.82,1.82,2.23
2121,1.82,1.82,2.23
2122,1.82,1.82,2.23
2123,1.82,1.82,2.23
2124,1.82,1.82,2.23
2125,1.82,1.82,2.23
2126,1.82,1.82,2.23
2127,1.82,1.82,2.23
2128,1.82,1.82,2.23
2129,1.82,1.82,2.23
2130,1.8199999999999998,1.8199999999999998,2.23
2131,1.82,1.82,2.23
2132,1.82,1.82,2.23
2133,1.82,1.82,2.23
2134,1.82,1.82,2.23
2135,1.82,1.82,2.23
2136,1.82,1.82,2.23
2137,1.82,1.82,2.23
2138,1.82,1.82,2.23
2139,1.82,1.82,2.23
2140,1.82,1.82,2.23
2141,1.82,1.82,2.23
2142,1.82,1.82,2.23
2143,1.82,1.82,2.23
2144,1.82,1.82,2.23
2145,1.82,1.82,2.23
2146,1.82,1.82,2.23
2147,1.82,1.82,2.23
2148,1.82,1.82,2.23
2149,1.82,1.82,2.23
2150,1.82,1.82,2.23
2151,1.82,1.82,2.23
2152,1.82,1.82,2.23
2153,1.82,1.82,2.23
2154,1.82,1.82,2.23
2155,1.82,1.82,2.23
2156,1.82,1.82,2.23
2157,1.82,1.82,2.23
2158,1.82,1.82,2.23
2159,1.82,1.82,2.23
2160,1.82,1.82,2.23
2161,1.82,1.82,2.23
2162,1.82,1.82,2.23
2163,1.82,1.82,2.23
2164,1.82,1.82,2.23
2165,1.82,1.82,2.23
2166,1.82,1.82,2.23
2167,1.82,1.82,2.23
2168,1.82,1.82,2.23
2169,1.82,1.82,2.23
2170,1.82,1.82,2.23
2171,1.82,1.82,2.23
2172,1.82,1.82,2.23
2173,1.82,1.82,2.23
2174,1.82,1.82,2.23
2175,1.82,1.82,2.23
2176,1.82,1.82,2.23
2177,1.82,1.82,2.23
2178,1.82,1.82,2.23
2179,1.82,1.82,2.23
2180,1.82,1.82,2.23
2181,1.82,1.82,2.23
2182,1.82,1.82,2.23
2183,1.82,1.82,2.23
2184,1.82,1.82,2.23
2185,1.82,1.82,2.23
2186,1.82,1.82,2.23
2187,1.82,1.82,2.23
2188,1.82,1.82,2.23
2189,1.82,1.82,2.23
2190,1.82,1.82,2.23
2191,1.82,1.82,2.23
2192,1.82,1.82,2.23
2193,1.858888888888889,1.858888888888889,2.2911111111111113
2194,1.89,1.89,2.34
2195,1.89,1.89,2.34
2196,1.89,1.89,2.34
2197,1.89,1.89,2.34
2198,1.89,1.89,2.34
2199,1.89,1.89,2.34
2200,1.89,1.89,2.34
2201,1.89,1.89,2.34
2202,1.89,1.89,2.34
2203,1.89,1.89,2.34
2204,1.89,1.89,2.34
2205,1.89,1.89,2.34
2206,1.89,1.89,2.34
2207,1.89,1.89,2.34
2208,1.89,1.89,2.34
2209,1.89,1.89,2.34
2210,1.8900000000000001,1.8900000000000001,2.34
2211,1.89,1.89,2.34
2212,1.89,1.89,2.34
2213,1.89,1.89,2.34
2214,1.89,1.89,2.34
2215,1.89,1.89,2.34
2216,1.89,1.89,2.34
2217,1.89,1.89,2.34
2218,1.89,1.89,2.34
2219,1.89,1.89,2.34
2220,1.89,1.89,2.34
2221,1.89,1.89,2.34
2222,1.89,1.89,2.34
2223,1.89,1.89,2.34
2224,1.89,1.89,2.34
2225,1.89,1.89,2.34
2226,1.89,1.89,2.34
2227,1.89,1.89,2.34
2228,1.89,1.89,2.34
2229,1.8899999999999997,1.8899999999999997,2.34
2230,1.89,1.89,2.34
2231,1.8899999999999997,1.8899999999999997,2.34
2232,1.89,1.89,2.34
2233,1.89,1.89,2.34
2234,1.89,1.89,2.34
2235,1.89,1.89,2.34
2236,1.89,1.89,2.34
2237,1.89,1.89,2.34
2238,1.89,1.89,2.34
2239,1.89,1.89,2.34
2240,1.89,1.89,2.34
2241,1.89,1.89,2.34
2242,1.89,1.89,2.34
2243,1.89,1.89,2.34
2244,1.89,1.89,2.34
2245,1.89,1.89,2.34
2246,1.89,1.89,2.34
2247,1.89,1.89,2.34
2248,1.89,1.89,2.34
2249,1.89,1.89,2.34
2250,1.89,1.89,2.34
2251,1.89,1.89,2.34
2252,1.89,1.89,2.34
2253,1.89,1.89,2.34
2254,1.8900000000000001,1.8900000000000001,2.34
2255,1.89,1.89,2.34
2256,1.89,1.89,2.34
2257,1.89,1.89,2.34
2258,1.89,1.89,2.34
2259,1.89,1.89,2.34
2260,1.89,1.89,2.34
2261,1.89,1.89,2.34
2262,1.89,1.89,2.34
2263,1.89,1.89,2.34
2264,1.89,1.89,2.34
2265,1.89,1.89,2.34
2266,1.89,1.89,2.34
2267,1.89,1.89,2.34
2268,1.89,1.89,2.34
2269,1.89,1.89,2.34
2270,1.89,1.89,2.34
2271,1.89,1.89,2.34
2272,1.8900000000000001,1.8900000000000001,2.34
2273,1.89,1.89,2.34
2274,1.89,1.89,2.34
2275,1.89,1.89,2.34
2276,1.89,1.89,2.34
2277,1.89,1.89,2.34
2278,1.89,1.89,2.34
2279,1.89,1.89,2.34
2280,1.89,1.89,2.34
2281,1.89,1.89,2.34
2282,1.89,1.89,2.34
2283,1.89,1.89,2.34
2284,1.89,1.89,2.34
2285,1.89,1.89,2.34
2286,1.89,1.89,2.34
2287,1.8900000000000001,1.8900000000000001,2.34
2288,1.89,1.89,2.34
2289,1.8899999999999997,1.8899999999999997,2.34
2290,1.89,1.89,2.34
2291,1.89,1.89,2.34
2292,1.89,1.89,2.34
2293,1.89,1.89,2.34
2294,1.89,1.89,2.34
2295,1.89,1.89,2.34
2296,1.89,1.89,2.34
2297,1.89,1.89,2.34
2298,1.89,1.89,2.34
2299,1.89,1.89,2.34
2300,1.89,1.89,2.34
2301,1.89,1.89,2.34
2302,1.89,1.89,2.34
2303,1.89,1.89,2.34
2304,1.89,1.89,2.34
2305,1.89,1.89,2.34
2306,1.89,1.89,2.34
2307,1.89,1.89,2.34
2308,1.89,1.89,2.34
2309,1.89,1.89,2.34
2310,1.89,1.89,2.34
2311,1.89,1.89,2.34
2312,1.89,1.89,2.34
2313,1.89,1.89,2.34
2314,1.8900000000000001,1.8900000000000001,2.34
2315,1.89,1.89,2.34
2316,1.89,1.89,2.34
2317,1.89,1.89,2.34
2318,1.89,1.89,2.34
2319,1.89,1.89,2.34
2320,1.89,1.89,2.34
2321,1.89,1.89,2.34
2322,1.89,1.89,2.34
2323,1.89,1.89,2.34
2324,1.89,1.89,2.34
2325,1.89,1.89,2.34
2326,1.89,1.89,2.34
2327,1.89,1.89,2.34
2328,1.89,1.89,2.34
2329,1.89,1.89,2.34
2330,1.89,1.89,2.34
2331,1.89,1.89,2.34
2332,1.89,1.89,2.34
2333,1.89,1.89,2.34
2334,1.89,1.89,2.34
2335,1.89,1.89,2.34
2336,1.89,1.89,2.34
2337,1.89,1.89,2.34
2338,1.89,1.89,2.34
2339,1.89,1.89,2.34
2340,1.89,1.89,2.34
2341,1.89,1.89,2.34
2342,1.89,1.89,2.34
2343,1.89,1.89,2.34
2344,1.89,1.89,2.34
2345,1.89,1.89,2.34
2346,1.89,1.89,2.34
2347,1.89,1.89,2.34
2348,1.89,1.89,2.34
2349,1.89,1.89,2.34
2350,1.89,1.89,2.34
2351,1.89,1.89,2.34
2352,1.89,1.89,2.34
2353,1.89,1.89,2.34
2354,1.89,1.89,2.34
2355,1.89,1.89,2.34
2356,1.89,1.89,2.34
2357,1.89,1.89,2.34
2358,1.89,1.89,2.34
2359,1.89,1.89,2.34
2360,1.89,1.89,2.34
2361,1.89,1.89,2.34
2362,1.89,1.89,2.34
2363,1.89,1.89,2.34
2364,1.8900000000000001,1.8900000000000001,2.34
2365,1.89,1.89,2.34
2366,1.89,1.89,2.34
2367,1.89,1.89,2.34
2368,1.89,1.89,2.34
2369,1.89,1.89,2.34
2370,1.89,1.89,2.34
2371,1.89,1.89,2.34
2372,1.89,1.89,2.34
2373,1.89,1.89,2.34
2374,1.89,1.89,2.34
2375,1.89,1.89,2.34
2376,1.89,1.89,2.34
2377,1.89,1.89,2.34
2378,1.89,1.89,2.34
2379,1.89,1.89,2.34
2380,1.89,1.89,2.34
2381,1.89,1.89,2.34
2382,1.89,1.89,2.34
2383,1.89,1.89,2.34
2384,1.89,1.89,2.34
2385,1.89,1.89,2.34
2386,1.89,1.89,2.34
2387,1.89,1.89,2.34
2388,1.89,1.89,2.34
2389,1.89,1.89,2.34
2390,1.89,1.89,2.34
2391,1.89,1.89,2.34
2392,1.89,1.89,2.34
2393,1.89,1.89,2.34
2394,1.89,1.89,2.34
2395,1.89,1.89,2.34
2396,1.89,1.89,2.34
2397,1.89,1.89,2.34
2398,1.8900000000000001,1.8900000000000001,2.3399999999999994
2399,1.89,1.89,2.34
2400,1.89,1.89,2.34
2401,1.89,1.89,2.34
2402,1.89,1.89,2.34
2403,1.89,1.89,2.34
2404,1.89,1.89,2.34
2405,1.89,1.89,2.34
2406,1.89,1.89,2.34
2407,1.89,1.89,2.34
2408,1.89,1.89,2.34
2409,1.89,1.89,2.34
2410,1.89,1.89,2.34
2411,1.8899999999999997,1.8899999999999997,2.34
2412,1.89,1.89,2.34
2413,1.89,1.89,2.34
2414,1.89,1.89,2.34
2415,1.89,1.89,2.34
2416,1.89,1.89,2.34
2417,1.89,1.89,2.34
2418,1.8899999999999997,1.8899999999999997,2.34
2419,1.89,1.89,2.34
2420,1.89,1.89,2.34
2421,1.89,1.89,2.34
2422,1.89,1.89,2.34
2423,1.89,1.89,2.34
2424,1.89,1.89,2.34
2425,1.89,1.89,2.34
2426,1.89,1.89,2.34
2427,1.89,1.89,2.34
2428,1.89,1.89,2.34
2429,1.89,1.89,2.34
2430,1.89,1.89,2.34
2431,1.89,1.89,2.34
2432,1.89,1.89,2.34
2433,1.89,1.89,2.34
2434,1.89,1.89,2.34
2435,1.89,1.89,2.34
2436,1.89,1.89,2.34
2437,1.89,1.89,2.34
2438,1.89,1.89,2.34
2439,1.89,1.89,2.34
2440,1.89,1.89,2.34
2441,1.89,1.89,2.34
2442,1.89,1.89,2.34
2443,1.89,1.89,2.34
2444,1.89,1.89,2.34
2445,1.89,1.89,2.34
2446,1.89,1.89,2.34
2447,1.8900000000000001,1.8900000000000001,2.34
2448,1.89,1.89,2.34
2449,1.89,1.89,2.34
2450,1.89,1.89,2.34
2451,1.89,1.89,2.34
2452,1.89,1.89,2.34
2453,1.89,1.89,2.34
2454,1.89,1.89,2.34
2455,1.89,1.89,2.34
2456,1.89,1.89,2.34
2457,1.89,1.89,2.34
2458,1.89,1.89,2.34
2459,1.89,1.89,2.34
2460,1.89,1.89,2.34
2461,1.89,1.89,2.34
2462,1.89,1.89,2.34
2463,1.89,1.89,2.34
2464,1.89,1.89,2.34
2465,1.89,1.89,2.34
2466,1.89,1.89,2.34
2467,1.89,1.89,2.34
2468,1.89,1.89,2.34
2469,1.89,1.89,2.34
2470,1.89,1.89,2.34
2471,1.89,1.89,2.34
2472,1.89,1.89,2.34
2473,1.89,1.89,2.34
2474,1.89,1.89,2.34
2475,1.89,1.89,2.34
2476,1.8900000000000001,1.8900000000000001,2.34
2477,1.89,1.89,2.34
2478,1.89,1.89,2.34
2479,1.89,1.89,2.34
2480,1.89,1.89,2.34
2481,1.89,1.89,2.34
2482,1.89,1.89,2.34
2483,1.89,1.89,2.34
2484,1.89,1.89,2.34
2485,1.89,1.89,2.34
2486,1.89,1.89,2.34
2487,1.89,1.89,2.34
2488,1.89,1.89,2.34
2489,1.89,1.89,2.34
2490,1.89,1.89,2.34
2491,1.8899999999999997,1.8899999999999997,2.3400000000000003
2492,1.89,1.89,2.34
2493,1.8899999999999997,1.8899999999999997,2.34
2494,1.89,1.89,2.34
2495,1.89,1.89,2.34
2496,1.89,1.89,2.34
2497,1.89,1.89,2.34
2498,1.89,1.89,2.34
2499,1.89,1.89,2.34
2500,1.89,1.89,2.34
2501,1.89,1.89,2.34
2502,1.89,1.89,2.34
2503,1.8900000000000001,1.8900000000000001,2.3400000000000007
2504,1.89,1.89,2.34
2505,1.89,1.89,2.34
2506,1.89,1.89,2.34
2507,1.89,1.89,2.34
2508,1.89,1.89,2.34
2509,1.89,1.89,2.34
2510,1.89,1.89,2.34
2511,1.89,1.89,2.34
2512,1.89,1.89,2.34
2513,1.89,1.89,2.34
2514,1.89,1.89,2.34
2515,1.89,1.89,2.34
2516,1.8899999999999997,1.8899999999999997,2.34
2517,1.89,1.89,2.34
2518,1.89,1.89,2.34
2519,1.89,1.89,2.34
2520,1.89,1.89,2.34
2521,1.89,1.89,2.34
2522,1.89,1.89,2.34
2523,1.7905882352941178,1.7905882352941178,2.164117647058823
2524,1.76,1.76,2.11
2525,1.76,1.76,2.11
2526,1.76,1.76,2.11
2527,1.76,1.76,2.11
2528,1.76,1.76,2.11
2529,1.7600000000000002,1.7600000000000002,2.11
2530,1.76,1.76,2.11
2531,1.7600000000000002,1.7600000000000002,2.11
2532,1.76,1.76,2.11
2533,1.76,1.76,2.11
2534,1.76,1.76,2.11
2535,1.76,1.76,2.11
2536,1.76,1.76,2.11
2537,1.76,1.76,2.11
2538,1.76,1.76,2.11
2539,1.76,1.76,2.11
2540,1.76,1.76,2.11
2541,1.76,1.76,2.11
2542,1.76,1.76,2.11
2543,1.76,1.76,2.11
2544,1.76,1.76,2.11
2545,1.76,1.76,2.11
2546,1.76,1.76,2.11
2547,1.76,1.76,2.11
2548,1.76,1.76,2.11
2549,1.76,1.76,2.11
2550,1.76,1.76,2.11
2551,1.76,1.76,2.11
2552,1.76,1.76,2.11
2553,1.76,1.76,2.11
2554,1.76,1.76,2.11
2555,1.76,1.76,2.11
2556,1.76,1.76,2.11
2557,1.76,1.76,2.11
2558,1.76,1.76,2.11
2559,1.76,1.76,2.11
2560,1.76,1.76,2.11
2561,1.76,1.76,2.11
2562,1.76,1.76,2.11
2563,1.76,1.76,2.11
2564,1.76,1.76,2.11
2565,1.76,1.76,2.11
2566,1.76,1.76,2.11
2567,1.76,1.76,2.11
2568,1.76,1.76,2.11
2569,1.76,1.76,2.11
2570,1.76,1.76,2.11
2571,1.76,1.76,2.11
2572,1.76,1.76,2.11
2573,1.76,1.76,2.11
2574,1.76,1.76,2.11
2575,1.76,1.76,2.11
2576,1.76,1.76,2.11
2577,1.76,1.76,2.11
2578,1.76,1.76,2.11
2579,1.76,1.76,2.11
2580,1.76,1.76,2.11
2581,1.76,1.76,2.11
2582,1.7600000000000002,1.7600000000000002,2.11
2583,1.76,1.76,2.11
2584,1.76,1.76,2.11
2585,1.76,1.76,2.11
2586,1.76,1.76,2.11
2587,1.76,1.76,2.11
2588,1.7600000000000005,1.7600000000000005,2.11
2589,1.76,1.76,2.11
2590,1.76,1.76,2.11
2591,1.76,1.76,2.11
2592,1.76,1.76,2.11
2593,1.76,1.76,2.11
2594,1.76,1.76,2.11
2595,1.76,1.76,2.11
2596,1.76,1.76,2.11
2597,1.76,1.76,2.11
2598,1.76,1.76,2.11
2599,1.7600000000000002,1.7600000000000002,2.11
2600,1.76,1.76,2.11
2601,1.76,1.76,2.11
2602,1.76,1.76,2.11
2603,1.76,1.76,2.11
2604,1.76,1.76,2.11
2605,1.76,1.76,2.11
2606,1.76,1.76,2.11
2607,1.76,1.76,2.11
2608,1.76,1.76,2.11
2609,1.76,1.76,2.11
2610,1.7600000000000002,1.7600000000000002,2.11
2611,1.76,1.76,2.11
2612,1.76,1.76,2.11
2613,1.76,1.76,2.11
2614,1.76,1.76,2.11
2615,1.76,1.76,2.11
2616,1.76,1.76,2.11
2617,1.76,1.76,2.11
2618,1.76,1.76,2.11
2619,1.7600000000000002,1.7600000000000002,2.11
2620,1.76,1.76,2.11
2621,1.76,1.76,2.11
2622,1.76,1.76,2.11
2623,1.76,1.76,2.11
2624,1.76,1.76,2.11
2625,1.76,1.76,2.11
2626,1.76,1.76,2.11
2627,1.7600000000000005,1.7600000000000005,2.11
2628,1.76,1.76,2.11
2629,1.7600000000000002,1.7600000000000002,2.11
2630,1.76,1.76,2.11
2631,1.76,1.76,2.11
2632,1.76,1.76,2.11
2633,1.76,1.76,2.11
2634,1.76,1.76,2.11
2635,1.76,1.76,2.11
2636,1.76,1.76,2.11
2637,1.7600000000000005,1.7600000000000005,2.11
2638,1.76,1.76,2.11
2639,1.7600000000000002,1.7600000000000002,2.11
2640,1.76,1.76,2.11
2641,1.76,1.76,2.11
2642,1.76,1.76,2.11
2643,1.76,1.76,2.11
2644,1.7600000000000005,1.7600000000000005,2.11
2645,1.76,1.76,2.11
2646,1.76,1.76,2.11
2647,1.76,1.76,2.11
2648,1.76,1.76,2.11
2649,1.76,1.76,2.11
2650,1.76,1.76,2.11
2651,1.76,1.76,2.11
2652,1.76,1.76,2.11
2653,1.76,1.76,2.11
2654,1.76,1.76,2.11
2655,1.76,1.76,2.11
2656,1.76,1.76,2.11
2657,1.76,1.76,2.11
2658,1.76,1.76,2.11
2659,1.76,1.76,2.11
2660,1.76,1.76,2.11
2661,1.76,1.76,2.11
2662,1.76,1.76,2.11
2663,1.7600000000000002,1.7600000000000002,2.11
2664,1.76,1.76,2.11
2665,1.7600000000000002,1.7600000000000002,2.11
2666,1.76,1.76,2.11
2667,1.76,1.76,2.11
2668,1.76,1.76,2.11
2669,1.76,1.76,2.11
2670,1.76,1.76,2.11
2671,1.7600000000000005,1.7600000000000005,2.11
2672,1.76,1.76,2.11
2673,1.76,1.76,2.11
2674,1.76,1.76,2.11
2675,1.7599999999999998,1.7599999999999998,2.11
2676,1.76,1.76,2.11
2677,1.76,1.76,2.11
2678,1.76,1.76,2.11
2679,1.76,1.76,2.11
2680,1.7600000000000005,1.7600000000000005,2.11
2681,1.76,1.76,2.11
2682,1.76,1.76,2.11
2683,1.76,1.76,2.11
2684,1.76,1.76,2.11
2685,1.76,1.76,2.11
2686,1.7599999999999998,1.7599999999999998,2.11
2687,1.76,1.76,2.11
2688,1.7600000000000005,1.7600000000000005,2.11
2689,1.76,1.76,2.11
2690,1.76,1.76,2.11
2691,1.76,1.76,2.11
2692,1.76,1.76,2.11
2693,1.76,1.76,2.11
2694,1.76,1.76,2.11
2695,1.76,1.76,2.11
2696,1.76,1.76,2.11
2697,1.76,1.76,2.11
2698,1.76,1.76,2.11
2699,1.76,1.76,2.11
2700,1.76,1.76,2.11
2701,1.7600000000000005,1.7600000000000005,2.11
2702,1.76,1.76,2.11
2703,1.76,1.76,2.11
2704,1.76,1.76,2.11
2705,1.76,1.76,2.11
2706,1.76,1.76,2.11
2707,1.7600000000000005,1.7600000000000005,2.11
2708,1.76,1.76,2.11
2709,1.76,1.76,2.11
2710,1.76,1.76,2.11
2711,1.76,1.76,2.11
2712,1.76,1.76,2.11
2713,1.76,1.76,2.11
2714,1.76,1.76,2.11
2715,1.76,1.76,2.11
2716,1.76,1.76,2.11
2717,1.76,1.76,2.11
2718,1.7600000000000005,1.7600000000000005,2.11
2719,1.76,1.76,2.11
2720,1.76,1.76,2.11
2721,1.76,1.76,2.11
2722,1.76,1.76,2.11
2723,1.76,1.76,2.11
2724,1.76,1.76,2.11
2725,1.76,1.76,2.11
2726,1.76,1.76,2.11
2727,1.76,1.76,2.11
2728,1.76,1.76,2.11
2729,1.76,1.76,2.11
2730,1.76,1.76,2.11
2731,1.76,1.76,2.11
2732,1.76,1.76,2.11
2733,1.76,1.76,2.11
2734,1.76,1.76,2.11
2735,1.76,1.76,2.11
2736,1.76,1.76,2.11
2737,1.76,1.76,2.11
2738,1.76,1.76,2.11
2739,1.76,1.76,2.11
2740,1.76,1.76,2.11
2741,1.76,1.76,2.11
2742,1.76,1.76,2.11
2743,1.76,1.76,2.11
2744,1.76,1.76,2.11
2745,1.76,1.76,2.11
2746,1.76,1.76,2.11
2747,1.76,1.76,2.11
2748,1.76,1.76,2.11
2749,1.76,1.76,2.11
2750,1.76,1.76,2.11
2751,1.76,1.76,2.11
2752,1.76,1.76,2.11
2753,1.76,1.76,2.11
2754,1.76,1.76,2.11
2755,1.76,1.76,2.11
2756,1.76,1.76,2.11
2757,1.76,1.76,2.11
2758,1.76,1.76,2.11
2759,1.76,1.76,2.11
2760,1.76,1.76,2.11
2761,1.76,1.76,2.11
2762,1.76,1.76,2.11
2763,1.76,1.76,2.11
2764,1.76,1.76,2.11
2765,1.76,1.76,2.11
2766,1.76,1.76,2.11
2767,1.76,1.76,2.11
2768,1.76,1.76,2.11
2769,1.76,1.76,2.11
2770,1.76,1.76,2.11
2771,1.76,1.76,2.11
2772,1.76,1.76,2.11
2773,1.76,1.76,2.11
2774,1.76,1.76,2.11
2775,1.76,1.76,2.11
2776,1.76,1.76,2.11
2777,1.76,1.76,2.11
2778,1.76,1.76,2.11
2779,1.7600000000000002,1.7600000000000002,2.11
2780,1.76,1.76,2.11
2781,1.76,1.76,2.11
2782,1.7546153846153845,1.7546153846153845,2.11
2783,1.75,1.75,2.11
2784,1.75,1.75,2.11
2785,1.75,1.75,2.11
2786,1.75,1.75,2.11
2787,1.75,1.75,2.11
2788,1.75,1.75,2.11
2789,1.75,1.75,2.11
2790,1.75,1.75,2.11
2791,1.75,1.75,2.11
2792,1.75,1.75,2.11
2793,1.75,1.75,2.11
2794,1.75,1.75,2.11
2795,1.75,1.75,2.11
2796,1.75,1.75,2.11
2797,1.75,1.75,2.11
2798,1.75,1.75,2.11
2799,1.75,1.75,2.11
2800,1.75,1.75,2.11
2801,1.75,1.75,2.11
2802,1.75,1.75,2.11
2803,1.75,1.75,2.11
2804,1.75,1.75,2.11
2805,1.75,1.75,2.11
2806,1.75,1.75,2.11
2807,1.75,1.75,2.11
2808,1.75,1.75,2.11
2809,1.75,1.75,2.11
2810,1.75,1.75,2.11
2811,1.75,1.75,2.11
2812,1.75,1.75,2.11
2813,1.75,1.75,2.11
2814,1.75,1.75,2.11
2815,1.75,1.75,2.11
2816,1.75,1.75,2.11
2817,1.75,1.75,2.11
2818,1.75,1.75,2.11
2819,1.75,1.75,2.11
2820,1.75,1.75,2.11
2821,1.75,1.75,2.11
2822,1.75,1.75,2.11
2823,1.75,1.75,2.11
2824,1.75,1.75,2.11
2825,1.75,1.75,2.11
2826,1.75,1.75,2.11
2827,1.75,1.75,2.11
2828,1.75,1.75,2.11
2829,1.75,1.75,2.11
2830,1.75,1.75,2.11
2831,1.75,1.75,2.11
2832,1.75,1.75,2.11
2833,1.75,1.75,2.11
2834,1.75,1.75,2.11
2835,1.75,1.75,2.11
2836,1.75,1.75,2.11
2837,1.75,1.75,2.11
2838,1.75,1.75,2.11
2839,1.75,1.75,2.11
2840,1.75,1.75,2.11
2841,1.75,1.75,2.11
2842,1.75,1.75,2.11
2843,1.75,1.75,2.11
2844,1.75,1.75,2.11
2845,1.75,1.75,2.11
2846,1.75,1.75,2.11
2847,1.75,1.75,2.11
2848,1.75,1.75,2.11
2849,1.75,1.75,2.11
2850,1.75,1.75,2.11
2851,1.75,1.75,2.11
2852,1.75,1.75,2.11
2853,1.75,1.75,2.11
2854,1.75,1.75,2.11
2855,1.75,1.75,2.11
2856,1.75,1.75,2.11
2857,1.75,1.75,2.11
2858,1.75,1.75,2.11
2859,1.75,1.75,2.11
2860,1.75,1.75,2.11
2861,1.75,1.75,2.11
2862,1.75,1.75,2.11
2863,1.75,1.75,2.11
2864,1.75,1.75,2.11
2865,1.75,1.75,2.11
2866,1.75,1.75,2.11
2867,1.75,1.75,2.11
2868,1.75,1.75,2.11
2869,1.75,1.75,2.11
2870,1.75,1.75,2.11
2871,1.75,1.75,2.11
2872,1.75,1.75,2.11
2873,1.75,1.75,2.11
2874,1.75,1.75,2.11
2875,1.75,1.75,2.11
2876,1.75,1.75,2.11
2877,1.75,1.75,2.11
2878,1.75,1.75,2.11
2879,1.75,1.75,2.11
2880,1.75,1.75,2.11
2881,1.75,1.75,2.11
2882,1.75,1.75,2.11
2883,1.75,1.75,2.11
2884,1.75,1.75,2.11
2885,1.75,1.75,2.11
2886,1.75,1.75,2.11
2887,1.75,1.75,2.11
2888,1.75,1.75,2.11
2889,1.75,1.75,2.11
2890,1.75,1.75,2.11
2891,1.75,1.75,2.11
2892,1.75,1.75,2.11
2893,1.75,1.75,2.11
2894,1.75,1.75,2.11
2895,1.75,1.75,2.11
2896,1.75,1.75,2.11
2897,1.75,1.75,2.11
2898,1.75,1.75,2.11
2899,1.75,1.75,2.11
2900,1.75,1.75,2.11
2901,1.75,1.75,2.11
2902,1.75,1.75,2.11
2903,1.75,1.75,2.11
2904,1.75,1.75,2.11
2905,1.75,1.75,2.11
2906,1.75,1.75,2.11
2907,1.75,1.75,2.11
2908,1.75,1.75,2.11
2909,1.75,1.75,2.11
2910,1.75,1.75,2.11
2911,1.75,1.75,2.11
2912,1.75,1.75,2.11
2913,1.75,1.75,2.11
2914,1.75,1.75,2.11
2915,1.75,1.75,2.11
2916,1.75,1.75,2.11
2917,1.75,1.75,2.11
2918,1.75,1.75,2.11
2919,1.75,1.75,2.11
2920,1.75,1.75,2.11
2921,1.75,1.75,2.11
2922,1.75,1.75,2.11
2923,1.75,1.75,2.11
2924,1.75,1.75,2.11
2925,1.75,1.75,2.11
2926,1.75,1.75,2.11
2927,1.75,1.75,2.11
2928,1.75,1.75,2.11
2929,1.75,1.75,2.11
2930,1.75,1.75,2.11
2931,1.75,1.75,2.11
2932,1.75,1.75,2.11
2933,1.75,1.75,2.11
2934,1.75,1.75,2.11
2935,1.75,1.75,2.11
2936,1.75,1.75,2.11
2937,1.75,1.75,2.11
2938,1.75,1.75,2.11
2939,1.75,1.75,2.11
2940,1.75,1.75,2.11
2941,1.75,1.75,2.11
2942,1.75,1.75,2.11
2943,1.75,1.75,2.11
2944,1.75,1.75,2.11
2945,1.75,1.75,2.11
2946,1.75,1.75,2.11
2947,1.75,1.75,2.11
2948,1.75,1.75,2.11
2949,1.75,1.75,2.11
2950,1.75,1.75,2.11
2951,1.75,1.75,2.11
2952,1.75,1.75,2.11
2953,1.75,1.75,2.11
2954,1.75,1.75,2.11
2955,1.75,1.75,2.11
2956,1.75,1.75,2.11
2957,1.75,1.75,2.11
2958,1.75,1.75,2.11
2959,1.75,1.75,2.11
2960,1.75,1.75,2.11
2961,1.75,1.75,2.11
2962,1.75,1.75,2.11
2963,1.75,1.75,2.11
2964,1.75,1.75,2.11
2965,1.75,1.75,2.11
2966,1.75,1.75,2.11
2967,1.75,1.75,2.11
2968,1.75,1.75,2.11
2969,1.75,1.75,2.11
2970,1.75,1.75,2.11
2971,1.75,1.75,2.11
2972,1.75,1.75,2.11
2973,1.75,1.75,2.11
2974,1.75,1.75,2.11
2975,1.75,1.75,2.11
2976,1.75,1.75,2.11
2977,1.75,1.75,2.11
2978,1.75,1.75,2.11
2979,1.75,1.75,2.11
2980,1.75,1.75,2.11
2981,1.75,1.75,2.11
2982,1.75,1.75,2.11
2983,1.75,1.75,2.11
2984,1.75,1.75,2.11
2985,1.75,1.75,2.11
2986,1.75,1.75,2.11
2987,1.75,1.75,2.11
2988,1.75,1.75,2.11
2989,1.75,1.75,2.11
2990,1.75,1.75,2.11
2991,1.6946153846153842,1.6946153846153842,1.971538461538461
2992,1.63,1.63,1.81
2993,1.63,1.63,1.81
2994,1.63,1.63,1.81
2995,1.6299999999999997,1.6299999999999997,1.8100000000000003
2996,1.63,1.63,1.81
2997,1.63,1.63,1.81
2998,1.63,1.63,1.81
2999,1.6299999999999992,1.6299999999999992,1.8100000000000005
3000,1.63,1.63,1.81
3001,1.6299999999999997,1.6299999999999997,1.8100000000000003
3002,1.63,1.63,1.81
3003,1.63,1.63,1.81
3004,1.63,1.63,1.81
3005,1.6299999999999994,1.6299999999999994,1.8099999999999994
3006,1.63,1.63,1.81
3007,1.63,1.63,1.81
3008,1.63,1.63,1.81
3009,1.63,1.63,1.81
3010,1.63,1.63,1.81
3011,1.63,1.63,1.81
3012,1.63,1.63,1.81
3013,1.63,1.63,1.81
3014,1.63,1.63,1.81
3015,1.63,1.63,1.8099999999999998
3016,1.63,1.63,1.81
3017,1.63,1.63,1.8099999999999998
3018,1.63,1.63,1.81
3019,1.63,1.63,1.81
3020,1.63,1.63,1.81
3021,1.6299999999999997,1.6299999999999997,1.81
3022,1.63,1.63,1.81
3023,1.6299999999999994,1.6299999999999994,1.8099999999999994
3024,1.63,1.63,1.81
3025,1.63,1.63,1.8099999999999998
3026,1.6299999999999994,1.6299999999999994,1.8099999999999994
3027,1.63,1.63,1.81
3028,1.63,1.63,1.81
3029,1.63,1.63,1.81
3030,1.63,1.63,1.81
3031,1.63,1.63,1.81
3032,1.63,1.63,1.81
3033,1.63,1.63,1.81
3034,1.63,1.63,1.81
3035,1.63,1.63,1.81
3036,1.63,1.63,1.81
3037,1.63,1.63,1.81
3038,1.63,1.63,1.81
3039,1.6299999999999994,1.6299999999999994,1.8099999999999994
3040,1.63,1.63,1.81
3041,1.63,1.63,1.81
3042,1.63,1.63,1.81
3043,1.63,1.63,1.81
3044,1.63,1.63,1.81
3045,1.63,1.63,1.8099999999999998
3046,1.63,1.63,1.81
3047,1.63,1.63,1.81
3048,1.63,1.63,1.81
3049,1.6299999999999994,1.6299999999999994,1.8099999999999996
3050,1.63,1.63,1.81
3051,1.63,1.63,1.81
3052,1.63,1.63,1.81
3053,1.63,1.63,1.81
3054,1.63,1.63,1.81
3055,1.63,1.63,1.81
3056,1.63,1.63,1.81
3057,1.63,1.63,1.81
3058,1.63,1.63,1.81
3059,1.63,1.63,1.81
3060,1.63,1.63,1.81
3061,1.63,1.63,1.8099999999999998
3062,1.63,1.63,1.81
3063,1.63,1.63,1.8099999999999998
3064,1.63,1.63,1.81
3065,1.63,1.63,1.81
3066,1.63,1.63,1.81
3067,1.63,1.63,1.81
3068,1.63,1.63,1.81
3069,1.63,1.63,1.81
3070,1.63,1.63,1.81
3071,1.63,1.63,1.81
3072,1.63,1.63,1.8099999999999998
3073,1.63,1.63,1.81
3074,1.63,1.63,1.81
3075,1.63,1.63,1.81
3076,1.63,1.63,1.81
3077,1.63,1.63,1.81
3078,1.63,1.63,1.81
3079,1.63,1.63,1.81
3080,1.63,1.63,1.81
3081,1.63,1.63,1.81
3082,1.63,1.63,1.8099999999999998
3083,1.63,1.63,1.81
3084,1.6299999999999997,1.6299999999999997,1.8099999999999996
3085,1.63,1.63,1.81
3086,1.63,1.63,1.81
3087,1.63,1.63,1.81
3088,1.63,1.63,1.81
3089,1.63,1.63,1.81
3090,1.63,1.63,1.81
3091,1.63,1.63,1.81
3092,1.63,1.63,1.81
3093,1.63,1.63,1.81
3094,1.63,1.63,1.81
3095,1.6299999999999994,1.6299999999999994,1.8099999999999996
3096,1.63,1.63,1.81
3097,1.63,1.63,1.8099999999999998
3098,1.63,1.63,1.81
3099,1.63,1.63,1.81
3100,1.63,1.63,1.81
3101,1.63,1.63,1.81
3102,1.6299999999999994,1.6299999999999994,1.8099999999999994
3103,1.63,1.63,1.81
3104,1.63,1.63,1.81
3105,1.63,1.63,1.81
3106,1.6299999999999997,1.6299999999999997,1.81
3107,1.63,1.63,1.81
3108,1.63,1.63,1.81
3109,1.63,1.63,1.81
3110,1.63,1.63,1.81
3111,1.63,1.63,1.81
3112,1.63,1.63,1.81
3113,1.6299999999999997,1.6299999999999997,1.8100000000000003
3114,1.63,1.63,1.81
3115,1.63,1.63,1.81
3116,1.63,1.63,1.81
3117,1.63,1.63,1.81
3118,1.63,1.63,1.81
3119,1.63,1.63,1.81
3120,1.63,1.63,1.81
3121,1.63,1.63,1.81
3122,1.63,1.63,1.81
3123,1.6299999999999997,1.6299999999999997,1.8100000000000003
3124,1.63,1.63,1.81
3125,1.63,1.63,1.81
3126,1.63,1.63,1.81
3127,1.63,1.63,1.81
3128,1.63,1.63,1.81
3129,1.63,1.63,1.81
3130,1.63,1.63,1.81
3131,1.63,1.63,1.81
3132,1.63,1.63,1.81
3133,1.63,1.63,1.81
3134,1.63,1.63,1.81
3135,1.6299999999999997,1.6299999999999997,1.8099999999999996
3136,1.63,1.63,1.81
3137,1.63,1.63,1.81
3138,1.63,1.63,1.81
3139,1.63,1.63,1.81
3140,1.63,1.63,1.8099999999999998
3141,1.63,1.63,1.81
3142,1.63,1.63,1.81
3143,1.63,1.63,1.81
3144,1.6299999999999997,1.6299999999999997,1.81
3145,1.63,1.63,1.81
3146,1.63,1.63,1.8099999999999998
3147,1.63,1.63,1.81
3148,1.63,1.63,1.81
3149,1.63,1.63,1.81
3150,1.63,1.63,1.81
3151,1.63,1.63,1.81
3152,1.63,1.63,1.81
3153,1.63,1.63,1.81
3154,1.63,1.63,1.81
3155,1.63,1.63,1.81
3156,1.63,1.63,1.81
3157,1.63,1.63,1.81
3158,1.63,1.63,1.81
3159,1.63,1.63,1.81
3160,1.63,1.63,1.81
3161,1.63,1.63,1.8099999999999998
3162,1.63,1.63,1.81
3163,1.63,1.63,1.81
3164,1.63,1.63,1.81
3165,1.63,1.63,1.8099999999999998
3166,1.63,1.63,1.81
3167,1.63,1.63,1.81
3168,1.63,1.63,1.81
3169,1.63,1.63,1.81
3170,1.63,1.63,1.81
3171,1.63,1.63,1.81
3172,1.6299999999999997,1.6299999999999997,1.8099999999999996
3173,1.63,1.63,1.81
3174,1.63,1.63,1.81
3175,1.6299999999999997,1.6299999999999997,1.8100000000000003
3176,1.63,1.63,1.81
3177,1.63,1.63,1.81
3178,1.6299999999999994,1.6299999999999994,1.8099999999999994
3179,1.63,1.63,1.81
3180,1.63,1.63,1.81
3181,1.63,1.63,1.81
3182,1.63,1.63,1.81
3183,1.63,1.63,1.81
3184,1.63,1.63,1.81
3185,1.63,1.63,1.81
3186,1.63,1.63,1.81
3187,1.63,1.63,1.81
3188,1.63,1.63,1.81
3189,1.63,1.63,1.81
3190,1.63,1.63,1.81
3191,1.63,1.63,1.81
3192,1.63,1.63,1.81
3193,1.63,1.63,1.81
3194,1.63,1.63,1.81
3195,1.63,1.63,1.81
3196,1.63,1.63,1.81
3197,1.6299999999999994,1.6299999999999994,1.8099999999999994
3198,1.63,1.63,1.81
3199,1.6300000000000001,1.6300000000000001,1.8100000000000005
3200,1.63,1.63,1.81
3201,1.63,1.63,1.81
3202,1.6299999999999994,1.6299999999999994,1.8100000000000003
3203,1.63,1.63,1.81
3204,1.63,1.63,1.81
3205,1.63,1.63,1.81
3206,1.63,1.63,1.81
3207,1.63,1.63,1.81
3208,1.63,1.63,1.81
3209,1.63,1.63,1.81
3210,1.63,1.63,1.81
3211,1.63,1.63,1.81
3212,1.6299999999999994,1.6299999999999994,1.8099999999999996
3213,1.6299999999999997,1.6299999999999997,1.81
3214,1.63,1.63,1.8099999999999998
3215,1.63,1.63,1.81
3216,1.6299999999999997,1.6299999999999997,1.81
3217,1.63,1.63,1.81
3218,1.63,1.63,1.81
3219,1.6299999999999994,1.6299999999999994,1.8099999999999994
3220,1.63,1.63,1.81
3221,1.63,1.63,1.81
3222,1.63,1.63,1.81
3223,1.63,1.63,1.81
3224,1.63,1.63,1.81
3225,1.63,1.63,1.81
3226,1.63,1.63,1.81
3227,1.63,1.63,1.81
3228,1.63,1.63,1.81
3229,1.63,1.63,1.8099999999999998
3230,1.63,1.63,1.81
3231,1.63,1.63,1.81
3232,1.63,1.63,1.81
3233,1.63,1.63,1.81
3234,1.63,1.63,1.81
3235,1.63,1.63,1.81
3236,2.78,2.78,2.74
3237,2.78,2.78,2.74
3238,2.78,2.78,2.74
3239,2.78,2.78,2.74
3240,2.78,2.78,2.74
3241,2.78,2.78,2.74
3242,2.78,2.78,2.74
3243,2.78,2.78,2.74
3244,2.78,2.78,2.74
3245,2.78,2.78,2.74
3246,2.78,2.78,2.74
3247,2.78,2.78,2.74
3248,2.78,2.78,2.74
3249,2.78,2.78,2.74
3250,2.78,2.78,2.74
3251,2.78,2.78,2.74
3252,2.78,2.78,2.74
3253,2.78,2.78,2.74
3254,2.78,2.78,2.74
3255,2.78,2.78,2.74
3256,2.78,2.78,2.74
3257,2.78,2.78,2.74
3258,2.78,2.78,2.74
3259,2.78,2.78,2.74
3260,2.78,2.78,2.74
3261,2.78,2.78,2.74
3262,2.78,2.78,2.74
3263,2.78,2.78,2.74
3264,2.78,2.78,2.74
3265,2.78,2.78,2.74
3266,2.78,2.78,2.74
3267,2.78,2.78,2.74
3268,2.78,2.78,2.74
3269,2.78,2.78,2.74
3270,2.78,2.78,2.74
3271,2.78,2.78,2.74
3272,2.78,2.78,2.74
3273,2.78,2.78,2.74
3274,2.78,2.78,2.74
3275,2.78,2.78,2.74
3276,2.78,2.78,2.74
3277,2.78,2.78,2.74
3278,2.78,2.78,2.74
3279,2.78,2.78,2.74
3280,2.78,2.78,2.74
3281,2.78,2.78,2.74
3282,2.78,2.78,2.74
3283,2.78,2.78,2.74
3284,2.78,2.78,2.74
3285,2.78,2.78,2.74
3286,2.7800000000000002,2.7800000000000002,2.740000000000001
3287,2.78,2.78,2.74
3288,2.78,2.78,2.74
3289,2.78,2.78,2.74
3290,2.78,2.78,2.74
3291,2.78,2.78,2.74
3292,2.7800000000000002,2.7800000000000002,2.7400000000000007
3293,2.78,2.78,2.74
3294,2.78,2.78,2.74
3295,2.78,2.78,2.74
3296,2.78,2.78,2.74
3297,2.78,2.78,2.74
3298,2.78,2.78,2.74
3299,2.78,2.78,2.74
3300,2.78,2.78,2.74
3301,2.78,2.78,2.74
3302,2.78,2.78,2.74
3303,2.78,2.78,2.74
3304,2.78,2.78,2.74
3305,2.78,2.78,2.74
3306,2.78,2.78,2.74
3307,2.78,2.78,2.74
3308,2.78,2.78,2.74
3309,2.78,2.78,2.74
3310,2.78,2.78,2.74
3311,2.78,2.78,2.74
3312,2.78,2.78,2.74
3313,2.78,2.78,2.74
3314,2.78,2.78,2.74
3315,2.78,2.78,2.74
3316,2.78,2.78,2.74
3317,2.78,2.78,2.74
3318,2.78,2.78,2.74
3319,2.78,2.78,2.74
3320,2.78,2.78,2.74
3321,2.78,2.78,2.74
3322,2.78,2.78,2.74
3323,2.78,2.78,2.74
3324,2.78,2.78,2.74
3325,2.78,2.78,2.74
3326,2.78,2.78,2.74
3327,2.78,2.78,2.74
3328,2.78,2.78,2.74
3329,2.78,2.78,2.74
3330,2.78,2.78,2.74
3331,2.78,2.78,2.74
3332,2.78,2.78,2.74
3333,2.78,2.78,2.74
3334,2.7800000000000002,2.7800000000000002,2.7400000000000007
3335,2.78,2.78,2.74
3336,2.78,2.78,2.74
3337,2.78,2.78,2.74
3338,2.78,2.78,2.74
3339,2.78,2.78,2.74
3340,2.78,2.78,2.74
3341,2.78,2.78,2.74
3342,2.78,2.78,2.74
3343,2.7800000000000002,2.7800000000000002,2.740000000000001
3344,2.78,2.78,2.74
3345,2.78,2.78,2.74
3346,2.78,2.78,2.74
3347,2.78,2.78,2.74
3348,2.78,2.78,2.74
3349,2.78,2.78,2.74
3350,2.78,2.78,2.74
3351,2.78,2.78,2.74
3352,2.7800000000000002,2.7800000000000002,2.740000000000001
3353,2.78,2.78,2.74
3354,2.78,2.78,2.74
3355,2.78,2.78,2.74
3356,2.78,2.78,2.74
3357,2.78,2.78,2.74
3358,2.78,2.78,2.74
3359,2.78,2.78,2.74
3360,2.78,2.78,2.74
3361,2.78,2.78,2.74
3362,2.78,2.78,2.74
3363,2.78,2.78,2.74
3364,2.78,2.78,2.74
3365,2.78,2.78,2.74
3366,2.78,2.78,2.74
3367,2.78,2.78,2.74
3368,2.78,2.78,2.74
3369,2.78,2.78,2.74
3370,2.78,2.78,2.74
3371,2.78,2.78,2.74
3372,2.78,2.78,2.74
3373,2.78,2.78,2.74
3374,2.78,2.78,2.74
3375,2.78,2.78,2.74
3376,2.78,2.78,2.74
3377,2.78,2.78,2.74
3378,2.78,2.78,2.74
3379,2.78,2.78,2.74
3380,2.78,2.78,2.74
3381,2.78,2.78,2.74
3382,2.78,2.78,2.74
3383,2.78,2.78,2.74
3384,2.78,2.78,2.7400000000000007
3385,2.78,2.78,2.74
3386,2.78,2.78,2.74
3387,2.78,2.78,2.74
3388,2.78,2.78,2.74
3389,2.78,2.78,2.74
3390,2.78,2.78,2.74
3391,2.78,2.78,2.74
3392,2.78,2.78,2.74
3393,2.78,2.78,2.74
3394,2.78,2.78,2.74
3395,2.78,2.78,2.7400000000000007
3396,2.78,2.78,2.74
3397,2.78,2.78,2.74
3398,2.78,2.78,2.74
3399,2.78,2.78,2.74
3400,2.78,2.78,2.74
3401,2.78,2.78,2.74
3402,2.7800000000000002,2.7800000000000002,2.7399999999999998
3403,2.78,2.78,2.74
3404,2.78,2.78,2.74
3405,2.78,2.78,2.74
3406,2.78,2.78,2.74
3407,2.78,2.78,2.74
3408,2.78,2.78,2.74
3409,2.78,2.78,2.74
3410,2.78,2.78,2.74
3411,2.78,2.78,2.74
3412,2.78,2.78,2.74
3413,2.78,2.78,2.74
3414,2.78,2.78,2.74
3415,2.78,2.78,2.74
3416,2.78,2.78,2.74
3417,2.78,2.78,2.74
3418,2.78,2.78,2.74
3419,2.78,2.78,2.74
3420,2.78,2.78,2.74
3421,2.78,2.78,2.74
3422,2.78,2.78,2.74
3423,2.78,2.78,2.74
3424,2.78,2.78,2.74
3425,2.78,2.78,2.74
3426,2.78,2.78,2.74
3427,2.78,2.78,2.74
3428,2.78,2.78,2.74
3429,2.78,2.78,2.74
3430,2.78,2.78,2.74
3431,2.78,2.78,2.74
3432,2.78,2.78,2.74
3433,2.78,2.78,2.74
3434,2.7800000000000002,2.7800000000000002,2.7400000000000007
3435,2.78,2.78,2.74
3436,2.78,2.78,2.74
3437,2.78,2.78,2.74
3438,2.78,2.78,2.74
3439,2.78,2.78,2.74
3440,2.78,2.78,2.74
3441,2.78,2.78,2.74
3442,2.78,2.78,2.74
3443,2.78,2.78,2.74
3444,2.78,2.78,2.74
3445,2.78,2.78,2.74
3446,2.78,2.78,2.74
3447,2.78,2.78,2.74
3448,2.78,2.78,2.74
3449,2.78,2.78,2.74
3450,2.78,2.78,2.74
3451,2.78,2.78,2.74
3452,2.78,2.78,2.74
3453,2.78,2.78,2.74
3454,2.78,2.78,2.74
3455,2.78,2.78,2.74
3456,2.78,2.78,2.74
3457,2.78,2.78,2.74
3458,2.78,2.78,2.74
3459,2.78,2.78,2.74
3460,2.78,2.78,2.74
3461,2.78,2.78,2.74
3462,2.78,2.78,2.74
3463,2.78,2.78,2.74
3464,2.78,2.78,2.74
3465,2.78,2.78,2.74
3466,2.78,2.78,2.74
3467,2.78,2.78,2.74
3468,2.78,2.78,2.74
3469,2.78,2.78,2.74
3470,2.78,2.78,2.74
3471,2.78,2.78,2.74
3472,2.78,2.78,2.74
3473,2.78,2.78,2.74
3474,2.7800000000000002,2.7800000000000002,2.7399999999999998
3475,2.78,2.78,2.74
3476,2.7800000000000002,2.7800000000000002,2.7399999999999998
3477,2.78,2.78,2.74
3478,2.78,2.78,2.74
3479,2.78,2.78,2.74
3480,2.78,2.78,2.74
3481,2.78,2.78,2.74
3482,2.78,2.78,2.74
3483,2.78,2.78,2.74
3484,2.78,2.78,2.74
3485,2.78,2.78,2.74
3486,2.78,2.78,2.74
3487,2.78,2.78,2.74
3488,2.78,2.78,2.74
3489,2.78,2.78,2.74
3490,2.78,2.78,2.74
3491,2.78,2.78,2.74
3492,2.78,2.78,2.74
3493,2.78,2.78,2.74
3494,2.78,2.78,2.74
3495,2.7800000000000002,2.7800000000000002,2.7399999999999998
3496,2.78,2.78,2.74
3497,2.78,2.78,2.74
3498,2.78,2.78,2.74
3499,2.78,2.78,2.74
3500,2.7800000000000002,2.7800000000000002,2.740000000000001
3501,2.78,2.78,2.74
3502,2.78,2.78,2.74
3503,2.78,2.78,2.74
3504,2.7800000000000002,2.7800000000000002,2.7399999999999998
3505,2.78,2.78,2.74
3506,3.78,3.78,4.28
3507,3.78,3.78,4.28
3508,3.78,3.78,4.28
3509,3.78,3.78,4.28
3510,3.78,3.78,4.28
3511,3.78,3.78,4.28
3512,3.78,3.78,4.28
3513,3.78,3.78,4.28
3514,3.78,3.78,4.28
3515,3.78,3.78,4.28
3516,3.78,3.78,4.28
3517,3.78,3.78,4.28
3518,3.78,3.78,4.28
3519,3.78,3.78,4.28
3520,3.78,3.78,4.28
3521,3.78,3.78,4.28
3522,3.78,3.78,4.28
3523,3.78,3.78,4.28
3524,3.78,3.78,4.28
3525,3.78,3.78,4.28
3526,3.78,3.78,4.28
3527,3.78,3.78,4.28
3528,3.7800000000000002,3.7800000000000002,4.28
3529,3.78,3.78,4.28
3530,3.78,3.78,4.28
3531,3.78,3.78,4.28
3532,3.78,3.78,4.28
3533,3.78,3.78,4.28
3534,3.78,3.78,4.28
3535,3.78,3.78,4.28
3536,3.78,3.78,4.28
3537,3.78,3.78,4.28
3538,3.78,3.78,4.28
3539,3.78,3.78,4.28
3540,3.78,3.78,4.28
3541,3.78,3.78,4.28
3542,3.78,3.78,4.28
3543,3.78,3.78,4.28
3544,3.78,3.78,4.28
3545,3.78,3.78,4.28
3546,3.78,3.78,4.28
3547,3.78,3.78,4.28
3548,3.78,3.78,4.28
3549,3.78,3.78,4.28
3550,3.78,3.78,4.28
3551,3.78,3.78,4.28
3552,3.78,3.78,4.28
3553,3.78,3.78,4.28
3554,3.78,3.78,4.28
3555,3.78,3.78,4.28
3556,3.78,3.78,4.28
3557,3.78,3.78,4.28
3558,3.78,3.78,4.28
3559,3.78,3.78,4.28
3560,3.78,3.78,4.28
3561,3.78,3.78,4.28
3562,3.78,3.78,4.28
3563,3.78,3.78,4.28
3564,3.78,3.78,4.28
3565,3.78,3.78,4.28
3566,3.78,3.78,4.28
3567,3.78,3.78,4.28
3568,3.78,3.78,4.28
3569,3.78,3.78,4.28
3570,3.78,3.78,4.28
3571,3.78,3.78,4.28
3572,3.78,3.78,4.28
3573,3.78,3.78,4.28
3574,3.78,3.78,4.28
3575,3.78,3.78,4.28
3576,3.78,3.78,4.28
3577,3.78,3.78,4.28
3578,3.78,3.78,4.28
3579,3.78,3.78,4.28
3580,3.78,3.78,4.28
3581,3.78,3.78,4.28
3582,3.78,3.78,4.28
3583,3.78,3.78,4.28
3584,3.78,3.78,4.28
3585,3.78,3.78,4.28
3586,3.78,3.78,4.28
3587,3.78,3.78,4.28
3588,3.78,3.78,4.28
3589,3.78,3.78,4.28
3590,3.78,3.78,4.28
3591,3.78,3.78,4.28
3592,3.78,3.78,4.28
3593,3.78,3.78,4.28
3594,3.78,3.78,4.28
3595,3.78,3.78,4.28
3596,3.78,3.78,4.28
3597,3.78,3.78,4.28
3598,3.78,3.78,4.28
3599,3.78,3.78,4.28
3600,3.78,3.78,4.28
3601,3.78,3.78,4.28
3602,3.78,3.78,4.28
3603,3.78,3.78,4.28
3604,3.78,3.78,4.28
3605,3.78,3.78,4.28
3606,3.78,3.78,4.28
3607,3.78,3.78,4.28
3608,3.78,3.78,4.28
3609,3.78,3.78,4.28
3610,3.78,3.78,4.28
3611,3.78,3.78,4.28
3612,3.78,3.78,4.28
3613,3.78,3.78,4.28
3614,3.78,3.78,4.28
3615,3.78,3.78,4.28
3616,3.78,3.78,4.28
3617,3.78,3.78,4.28
3618,3.78,3.78,4.28
3619,3.78,3.78,4.28
3620,3.78,3.78,4.28
3621,3.78,3.78,4.28
3622,3.78,3.78,4.28
3623,3.78,3.78,4.28
3624,3.78,3.78,4.28
3625,3.78,3.78,4.28
3626,3.78,3.78,4.28
3627,3.78,3.78,4.28
3628,3.78,3.78,4.28
3629,3.78,3.78,4.28
3630,3.78,3.78,4.28
3631,3.78,3.78,4.28
3632,3.78,3.78,4.28
3633,3.78,3.78,4.28
3634,3.78,3.78,4.28
3635,3.78,3.78,4.28
3636,3.78,3.78,4.28
3637,3.78,3.78,4.28
3638,3.78,3.78,4.28
3639,3.78,3.78,4.28
3640,3.78,3.78,4.28
3641,3.78,3.78,4.28
3642,3.78,3.78,4.28
3643,3.78,3.78,4.28
3644,3.78,3.78,4.28
3645,3.78,3.78,4.28
3646,3.78,3.78,4.28
3647,3.78,3.78,4.28
3648,3.78,3.78,4.28
3649,3.78,3.78,4.28
3650,3.78,3.78,4.28
3651,3.78,3.78,4.28
3652,3.78,3.78,4.28
3653,3.78,3.78,4.28
3654,3.78,3.78,4.28
3655,3.78,3.78,4.28
3656,3.78,3.78,4.28
3657,3.78,3.78,4.28
3658,3.78,3.78,4.28
3659,3.78,3.78,4.28
3660,3.78,3.78,4.28
3661,3.78,3.78,4.28
3662,3.78,3.78,4.28
3663,3.78,3.78,4.28
3664,3.78,3.78,4.28
3665,3.78,3.78,4.28
3666,3.78,3.78,4.28
3667,3.78,3.78,4.28
3668,3.78,3.78,4.28
3669,3.78,3.78,4.28
3670,3.78,3.78,4.28
3671,3.78,3.78,4.28
3672,3.78,3.78,4.28
3673,3.78,3.78,4.28
3674,3.78,3.78,4.28
3675,3.78,3.78,4.28
3676,3.78,3.78,4.28
3677,3.78,3.78,4.28
3678,3.78,3.78,4.28
3679,3.78,3.78,4.28
3680,3.78,3.78,4.28
3681,3.78,3.78,4.28
3682,3.78,3.78,4.28
3683,3.78,3.78,4.28
3684,3.78,3.78,4.28
3685,3.78,3.78,4.28
3686,3.78,3.78,4.28
3687,3.78,3.78,4.28
3688,3.78,3.78,4.28
3689,3.78,3.78,4.28
3690,3.78,3.78,4.28
3691,3.78,3.78,4.28
3692,3.78,3.78,4.28
3693,3.78,3.78,4.28
3694,3.78,3.78,4.28
3695,3.78,3.78,4.28
3696,3.78,3.78,4.28
3697,3.78,3.78,4.28
3698,3.78,3.78,4.28
3699,3.78,3.78,4.28
3700,3.78,3.78,4.28
3701,3.78,3.78,4.28
3702,3.78,3.78,4.28
3703,3.78,3.78,4.28
3704,3.78,3.78,4.28
3705,3.78,3.78,4.28
3706,3.78,3.78,4.28
3707,3.78,3.78,4.28
3708,3.78,3.78,4.28
3709,3.78,3.78,4.28
3710,3.78,3.78,4.28
3711,3.78,3.78,4.28
3712,3.78,3.78,4.28
3713,3.78,3.78,4.28
3714,3.78,3.78,4.28
3715,3.78,3.78,4.28
3716,3.78,3.78,4.28
3717,3.78,3.78,4.28
3718,3.78,3.78,4.28
3719,3.78,3.78,4.28
3720,3.78,3.78,4.28
3721,3.78,3.78,4.28
3722,3.78,3.78,4.28
3723,3.78,3.78,4.28
3724,3.78,3.78,4.28
3725,3.78,3.78,4.28
3726,3.78,3.78,4.28
3727,3.78,3.78,4.28
3728,3.78,3.78,4.28
3729,3.78,3.78,4.28
3730,3.78,3.78,4.28
3731,3.78,3.78,4.28
3732,3.78,3.78,4.28
3733,3.78,3.78,4.28
3734,3.78,3.78,4.28
3735,3.78,3.78,4.28
3736,3.78,3.78,4.28
3737,3.78,3.78,4.28
3738,3.78,3.78,4.28
3739,3.78,3.78,4.28
3740,3.78,3.78,4.28
3741,3.78,3.78,4.28
3742,3.78,3.78,4.28
3743,3.78,3.78,4.28
3744,3.78,3.78,4.28
3745,3.78,3.78,4.28
3746,3.78,3.78,4.28
3747,3.78,3.78,4.28
3748,3.78,3.78,4.28
3749,3.78,3.78,4.28
3750,3.78,3.78,4.28
3751,3.78,3.78,4.28
3752,3.78,3.78,4.28
3753,3.78,3.78,4.28
3754,3.78,3.78,4.28
3755,3.78,3.78,4.28
3756,3.78,3.78,4.28
3757,3.78,3.78,4.28
3758,3.78,3.78,4.28
3759,3.78,3.78,4.28
3760,3.78,3.78,4.28
3761,3.78,3.78,4.28
3762,3.78,3.78,4.28
3763,3.78,3.78,4.28
3764,3.78,3.78,4.28
3765,3.78,3.78,4.28
3766,3.78,3.78,4.28
3767,3.78,3.78,4.28
3768,3.78,3.78,4.28
3769,3.78,3.78,4.28
3770,3.78,3.78,4.28
3771,3.78,3.78,4.28
3772,3.78,3.78,4.28
3773,3.78,3.78,4.28
3774,3.78,3.78,4.28
3775,3.78,3.78,4.28
3776,3.78,3.78,4.28
3777,3.78,3.78,4.28
3778,3.78,3.78,4.28
3779,3.78,3.78,4.28
3780,3.78,3.78,4.28
3781,3.78,3.78,4.28
3782,3.78,3.78,4.28
3783,3.78,3.78,4.28
3784,3.78,3.78,4.28
3785,3.78,3.78,4.28
3786,3.78,3.78,4.28
3787,3.78,3.78,4.28
3788,3.78,3.78,4.28
3789,3.78,3.78,4.28
3790,3.78,3.78,4.28
3791,3.78,3.78,4.28
3792,3.78,3.78,4.28
3793,3.78,3.78,4.28
3794,3.78,3.78,4.28
3795,3.78,3.78,4.28
3796,3.78,3.78,4.28
3797,3.78,3.78,4.28
3798,3.78,3.78,4.28
3799,3.78,3.78,4.28
3800,3.78,3.78,4.28
3801,3.78,3.78,4.28
3802,3.78,3.78,4.28
3803,3.78,3.78,4.28
3804,3.78,3.78,4.28
3805,3.78,3.78,4.28
3806,3.78,3.78,4.28
3807,3.78,3.78,4.28
3808,3.78,3.78,4.28
3809,3.78,3.78,4.28
3810,3.78,3.78,4.28
3811,3.78,3.78,4.28
3812,3.78,3.78,4.28
3813,3.78,3.78,4.28
3814,3.78,3.78,4.28
3815,3.78,3.78,4.28
3816,3.78,3.78,4.28
3817,3.78,3.78,4.28
3818,3.78,3.78,4.28
3819,3.78,3.78,4.28
3820,3.78,3.78,4.28
3821,3.78,3.78,4.28
3822,3.78,3.78,4.28
3823,3.78,3.78,4.28
3824,3.78,3.78,4.28
3825,3.78,3.78,4.28
3826,3.78,3.78,4.28
3827,3.78,3.78,4.28
3828,3.78,3.78,4.28
3829,3.78,3.78,4.28
3830,3.78,3.78,4.28
3831,3.78,3.78,4.28
3832,3.78,3.78,4.28
3833,3.78,3.78,4.28
3834,3.78,3.78,4.28
3835,3.78,3.78,4.28
3836,3.78,3.78,4.28
3837,3.78,3.78,4.28
3838,3.78,3.78,4.28
3839,3.78,3.78,4.28
3840,3.78,3.78,4.28
3841,3.78,3.78,4.28
3842,3.78,3.78,4.28
3843,3.78,3.78,4.28
3844,3.78,3.78,4.28
3845,3.78,3.78,4.28
3846,3.78,3.78,4.28
3847,3.7799999999999994,3.7799999999999994,4.28
3848,3.78,3.78,4.28
3849,3.78,3.78,4.28
3850,3.78,3.78,4.28
3851,3.78,3.78,4.28
3852,3.78,3.78,4.28
3853,3.78,3.78,4.28
3854,3.78,3.78,4.28
3855,3.78,3.78,4.28
3856,3.78,3.78,4.28
3857,3.78,3.78,4.28
3858,3.78,3.78,4.28
3859,3.78,3.78,4.28
3860,3.78,3.78,4.28
3861,3.78,3.78,4.28
3862,3.78,3.78,4.28
3863,3.78,3.78,4.28
3864,3.78,3.78,4.28
3865,3.78,3.78,4.28
3866,3.78,3.78,4.28
3867,3.78,3.78,4.28
3868,3.78,3.78,4.28
3869,3.78,3.78,4.28
3870,3.78,3.78,4.28
3871,3.78,3.78,4.28
3872,3.78,3.78,4.28
3873,3.78,3.78,4.28
3874,3.78,3.78,4.28
3875,3.78,3.78,4.28
3876,3.78,3.78,4.28
3877,3.78,3.78,4.28
3878,3.78,3.78,4.28
3879,3.78,3.78,4.28
3880,3.7800000000000002,3.7800000000000002,4.28
3881,3.78,3.78,4.28
3882,3.78,3.78,4.28
3883,3.78,3.78,4.28
3884,3.78,3.78,4.28
3885,3.78,3.78,4.28
3886,3.78,3.78,4.28
3887,3.7800000000000002,3.7800000000000002,4.28
3888,3.78,3.78,4.28
3889,3.78,3.78,4.28
3890,3.78,3.78,4.28
3891,3.78,3.78,4.28
3892,3.78,3.78,4.28
3893,3.78,3.78,4.28
3894,3.78,3.78,4.28
3895,3.78,3.78,4.28
3896,3.78,3.78,4.28
3897,3.78,3.78,4.28
3898,3.78,3.78,4.28
3899,3.78,3.78,4.28
3900,3.78,3.78,4.28
3901,3.78,3.78,4.28
3902,3.78,3.78,4.28
