natural_gas,natural_gas_ccs,nuclear,solar_pv,onshore_wind,fixed_offshore_wind,float_offshore_wind,battery,Time_Index
1.0,1.0,1.0,0.0,0.4379,0.7539,0.7539,1.0,1
1.0,1.0,1.0,0.0,0.5220333333333333,0.5515333333333333,0.5515333333333333,1.0,2
1.0,1.0,1.0,0.0106,0.3226,0.23,0.23,1.0,3
1.0,1.0,1.0,0.132354,0.19,0.1967,0.1967,1.0,4
1.0,1.0,1.0,0.328015,0.099,0.1741,0.1741,1.0,5
1.0,1.0,1.0,0.5478553333333332,0.045566666666666665,0.16886666666666664,0.16886666666666664,1.0,6
1.0,1.0,1.0,0.395351,0.064,0.2183,0.2183,1.0,7
1.0,1.0,1.0,0.257541,0.1152,0.3286,0.3286,1.0,8
1.0,1.0,1.0,0.09329,0.1474,0.4628,0.4628,1.0,9
1.0,1.0,1.0,0.00631564705882353,0.4296764705882353,0.8492823529411764,0.8492823529411764,1.0,10
1.0,1.0,1.0,0.213239,0.4665,0.8896,0.8896,1.0,11
1.0,1.0,1.0,0.34616399999999997,0.40886666666666666,0.8950666666666667,0.8950666666666667,1.0,12
1.0,1.0,1.0,0.278584,0.6075,0.9033,0.9033,1.0,13
1.0,1.0,1.0,0.17026,0.4939,0.9009,0.9009,1.0,14
1.0,1.0,1.0,0.011544611111111111,0.7286222222222221,0.7536111111111111,0.7536111111111111,1.0,15
1.0,1.0,1.0,0.338389,0.4898,0.6107,0.6107,1.0,16
1.0,1.0,1.0,0.48444,0.522,0.5790000000000001,0.5790000000000001,1.0,17
1.0,1.0,1.0,0.352403,0.5939,0.5958,0.5958,1.0,18
1.0,1.0,1.0,0.222918,0.6467,0.6241,0.6241,1.0,19
1.0,1.0,1.0,0.007192058823529412,0.7100352941176469,0.8064941176470587,0.8064941176470587,1.0,20
1.0,1.0,1.0,0.104363,0.5348,0.6187,0.6187,1.0,21
1.0,1.0,1.0,0.29577825,0.44535,0.50145,0.50145,1.0,22
1.0,1.0,1.0,0.231042,0.33465,0.3569,0.3569,1.0,23
1.0,1.0,1.0,0.072045,0.2908,0.284,0.284,1.0,24
1.0,1.0,1.0,0.002131,0.3376333333333333,0.3448333333333333,0.3448333333333333,1.0,25
1.0,1.0,1.0,0.0,0.3333,0.4868,0.4868,1.0,26
1.0,1.0,1.0,0.0,0.46764999999999995,0.7452624999999999,0.7452624999999999,1.0,27
1.0,1.0,1.0,0.0,0.3792,0.5803,0.5803,1.0,28
1.0,1.0,1.0,0.0009303333333333334,0.3907666666666667,0.42573333333333335,0.42573333333333335,1.0,29
1.0,1.0,1.0,0.074035,0.22010000000000002,0.39370000000000005,0.39370000000000005,1.0,30
1.0,1.0,1.0,0.2462125,0.215,0.41515,0.41515,1.0,31
1.0,1.0,1.0,0.244795,0.3334,0.4198,0.4198,1.0,32
1.0,1.0,1.0,0.168974,0.4032,0.4838,0.4838,1.0,33
1.0,1.0,1.0,0.117418,0.5234,0.5401,0.5401,1.0,34
1.0,1.0,1.0,0.004989076923076923,0.5819000000000001,0.5725769230769231,0.5725769230769231,1.0,35
1.0,1.0,1.0,0.0,0.3111,0.3228,0.3228,1.0,36
1.0,1.0,1.0,0.0018683333333333332,0.20453333333333332,0.26853333333333335,0.26853333333333335,1.0,37
1.0,1.0,1.0,0.07248,0.196,0.3736,0.3736,1.0,38
1.0,1.0,1.0,0.207934,0.1683,0.4916,0.4916,1.0,39
1.0,1.0,1.0,0.07414386363636363,0.14635909090909094,0.7230090909090909,0.7230090909090909,1.0,40
1.0,1.0,1.0,0.094072,0.0684,0.4954,0.4954,1.0,41
1.0,1.0,1.0,0.256919,0.0371,0.5456,0.5456,1.0,42
1.0,1.0,1.0,0.41483,0.0712,0.5623,0.5623,1.0,43
1.0,1.0,1.0,0.5415365,0.0912,0.59905,0.59905,1.0,44
1.0,1.0,1.0,0.436413,0.0494,0.6111,0.6111,1.0,45
1.0,1.0,1.0,0.25339,0.0554,0.6263,0.6263,1.0,46
1.0,1.0,1.0,0.095325,0.0765,0.6466,0.6466,1.0,47
1.0,1.0,1.0,0.0010488125,0.45606874999999997,0.65895,0.65895,1.0,48
1.0,1.0,1.0,0.104374,0.4357,0.3986,0.3986,1.0,49
1.0,1.0,1.0,0.220517,0.3906,0.3867,0.3867,1.0,50
1.0,1.0,1.0,0.314449,0.38775,0.2755,0.2755,1.0,51
1.0,1.0,1.0,0.181068,0.3393,0.26,0.26,1.0,52
1.0,1.0,1.0,0.059437,0.3315,0.2894,0.2894,1.0,53
1.0,1.0,1.0,0.002593,0.3577,0.3216,0.3216,1.0,54
1.0,1.0,1.0,0.0,0.4793923076923078,0.4486538461538462,0.4486538461538462,1.0,55
1.0,1.0,1.0,0.16232263636363636,0.1651909090909091,0.09483636363636365,0.09483636363636365,1.0,56
1.0,1.0,1.0,0.0,0.3498,0.09515000000000001,0.09515000000000001,1.0,57
1.0,1.0,1.0,0.0,0.546725,0.1725,0.1725,1.0,58
1.0,1.0,1.0,0.0,0.5039428571428571,0.18352857142857143,0.18352857142857143,1.0,59
1.0,1.0,1.0,0.05181975,0.5344,0.329125,0.329125,1.0,60
1.0,1.0,1.0,0.166445,0.5149,0.5071,0.5071,1.0,61
1.0,1.0,1.0,0.315191,0.42300000000000004,0.6468333333333333,0.6468333333333333,1.0,62
1.0,1.0,1.0,0.17197,0.2977,0.6991,0.6991,1.0,63
1.0,1.0,1.0,0.0045469333333333336,0.6453333333333332,0.6900666666666667,0.6900666666666667,1.0,64
1.0,1.0,1.0,0.1389522,0.31814,0.19590000000000002,0.19590000000000002,1.0,65
1.0,1.0,1.0,0.46437799999999996,0.09559999999999999,0.07865,0.07865,1.0,66
1.0,1.0,1.0,0.0688557,0.1305,0.1072,0.1072,1.0,67
1.0,1.0,1.0,0.0,0.1557,0.3304,0.3304,1.0,68
1.0,1.0,1.0,0.0,0.1713,0.4299,0.4299,1.0,69
1.0,1.0,1.0,0.012496333333333333,0.33151515151515154,0.8034212121212122,0.8034212121212122,1.0,70
1.0,1.0,1.0,0.2103522,0.26602,0.907,0.907,1.0,71
1.0,1.0,1.0,0.00823238888888889,0.7535722222222223,0.9079388888888889,0.9079388888888889,1.0,72
1.0,1.0,1.0,0.178785,0.7849,0.901,0.901,1.0,73
1.0,1.0,1.0,0.335731,0.7415,0.8932,0.8932,1.0,74
1.0,1.0,1.0,0.470343,0.7129,0.8826,0.8826,1.0,75
1.0,1.0,1.0,0.570042,0.6593,0.882,0.882,1.0,76
1.0,1.0,1.0,0.460782,0.7192,0.8639,0.8639,1.0,77
1.0,1.0,1.0,0.340625,0.6795,0.8511,0.8511,1.0,78
1.0,1.0,1.0,0.03399189473684211,0.7453684210526316,0.8439578947368422,0.8439578947368422,1.0,79
1.0,1.0,1.0,0.5238305000000001,0.6513500000000001,0.784,0.784,1.0,80
1.0,1.0,1.0,0.06137655555555556,0.7606111111111111,0.7339,0.7339,1.0,81
1.0,1.0,1.0,0.005093,0.667,0.24205000000000002,0.24205000000000002,1.0,82
1.0,1.0,1.0,0.134161,0.5445,0.1441,0.1441,1.0,83
1.0,1.0,1.0,0.325662,0.3861,0.0907,0.0907,1.0,84
1.0,1.0,1.0,0.517002,0.18267500000000003,0.0344,0.0344,1.0,85
1.0,1.0,1.0,0.249583,0.1828,0.1073,0.1073,1.0,86
1.0,1.0,1.0,0.092988,0.2251,0.2452,0.2452,1.0,87
1.0,1.0,1.0,0.027987150000000006,0.4713025,0.8401099999999999,0.8401099999999999,1.0,88
1.0,1.0,1.0,0.145764,0.85,0.9085,0.9085,1.0,89
1.0,1.0,1.0,0.333306,0.8332,0.9079,0.9079,1.0,90
1.0,1.0,1.0,0.52847575,0.8681,0.9053749999999999,0.9053749999999999,1.0,91
1.0,1.0,1.0,0.328542,0.8756,0.9049,0.9049,1.0,92
1.0,1.0,1.0,0.12704,0.8693,0.9062,0.9062,1.0,93
1.0,1.0,1.0,0.0007866,0.74122,0.7756799999999999,0.7756799999999999,1.0,94
1.0,1.0,1.0,0.011419,0.2188,0.4167,0.4167,1.0,95
1.0,1.0,1.0,0.129585,0.1466,0.3298,0.3298,1.0,96
1.0,1.0,1.0,0.262988,0.1189,0.2512,0.2512,1.0,97
1.0,1.0,1.0,0.417347,0.0603,0.209,0.209,1.0,98
1.0,1.0,1.0,0.519757,0.08716666666666667,0.10409999999999998,0.10409999999999998,1.0,99
1.0,1.0,1.0,0.14056333333333335,0.15526666666666666,0.0734,0.0734,1.0,100
1.0,1.0,1.0,0.0,0.2514,0.1661,0.1661,1.0,101
1.0,1.0,1.0,0.005669866666666666,0.42908666666666667,0.7049866666666667,0.7049866666666667,1.0,102
1.0,1.0,1.0,0.186361,0.4632,0.7802,0.7802,1.0,103
1.0,1.0,1.0,0.37582020000000005,0.42693999999999993,0.7168000000000001,0.7168000000000001,1.0,104
1.0,1.0,1.0,0.010659142857142857,0.6867,0.4048,0.4048,1.0,105
1.0,1.0,1.0,0.0,0.4175,0.1167,0.1167,1.0,106
1.0,1.0,1.0,0.0,0.3209,0.0906,0.0906,1.0,107
1.0,1.0,1.0,0.003787,0.2052,0.1211,0.1211,1.0,108
1.0,1.0,1.0,0.019032,0.13455,0.2673,0.2673,1.0,109
1.0,1.0,1.0,0.01281380952380952,0.27938095238095234,0.7285238095238095,0.7285238095238095,1.0,110
1.0,1.0,1.0,0.009483,0.3693,0.6377,0.6377,1.0,111
1.0,1.0,1.0,0.089403,0.2127,0.621,0.621,1.0,112
1.0,1.0,1.0,0.259492,0.1339,0.567,0.567,1.0,113
1.0,1.0,1.0,0.43398749999999997,0.061149999999999996,0.5264,0.5264,1.0,114
1.0,1.0,1.0,0.358651,0.06885,0.393,0.393,1.0,115
1.0,1.0,1.0,0.030580222222222224,0.19770000000000001,0.21897777777777777,0.21897777777777777,1.0,116
1.0,1.0,1.0,0.033685441176470585,0.4845882352941177,0.7107117647058825,0.7107117647058825,1.0,117
1.0,1.0,1.0,0.189685,0.2798,0.6988,0.6988,1.0,118
1.0,1.0,1.0,0.389066,0.2823,0.5294,0.5294,1.0,119
1.0,1.0,1.0,0.50917,0.3614,0.5127,0.5127,1.0,120
1.0,1.0,1.0,0.575841,0.2889,0.4583,0.4583,1.0,121
1.0,1.0,1.0,0.502902,0.369,0.4589,0.4589,1.0,122
1.0,1.0,1.0,0.34852,0.4453,0.5048,0.5048,1.0,123
1.0,1.0,1.0,0.17077,0.4478,0.5515,0.5515,1.0,124
1.0,1.0,1.0,0.018304166666666667,0.6081666666666667,0.6973388888888887,0.6973388888888887,1.0,125
1.0,1.0,1.0,0.271339,0.6693,0.6571,0.6571,1.0,126
1.0,1.0,1.0,0.29913,0.5623333333333334,0.5773666666666667,0.5773666666666667,1.0,127
1.0,1.0,1.0,0.208315,0.6686,0.6062,0.6062,1.0,128
1.0,1.0,1.0,0.057663000000000006,0.76685,0.64315,0.64315,1.0,129
1.0,1.0,1.0,0.0,0.7156230769230769,0.39487692307692307,0.39487692307692307,1.0,130
1.0,1.0,1.0,0.006215,0.6209,0.20075,0.20075,1.0,131
1.0,1.0,1.0,0.099358,0.5176,0.1621,0.1621,1.0,132
1.0,1.0,1.0,0.201954,0.3668,0.1358,0.1358,1.0,133
1.0,1.0,1.0,0.09199253846153847,0.14473076923076925,0.0989,0.0989,1.0,134
1.0,1.0,1.0,0.0,0.2398,0.356,0.356,1.0,135
1.0,1.0,1.0,0.0,0.3026,0.4719,0.4719,1.0,136
1.0,1.0,1.0,0.011073774193548389,0.5862548387096774,0.8591548387096777,0.8591548387096777,1.0,137
1.0,1.0,1.0,0.103155,0.7898,0.5553,0.5553,1.0,138
1.0,1.0,1.0,0.205142,0.7297,0.4162,0.4162,1.0,139
1.0,1.0,1.0,0.271488,0.6198,0.2911,0.2911,1.0,140
1.0,1.0,1.0,0.256886,0.5469,0.2088,0.2088,1.0,141
1.0,1.0,1.0,0.333682,0.355,0.1347,0.1347,1.0,142
1.0,1.0,1.0,0.319994,0.2329,0.0866,0.0866,1.0,143
1.0,1.0,1.0,0.296841,0.1211,0.1222,0.1222,1.0,144
1.0,1.0,1.0,0.13389,0.1148,0.1745,0.1745,1.0,145
1.0,1.0,1.0,0.026019,0.1458,0.2614,0.2614,1.0,146
1.0,1.0,1.0,0.0011744666666666666,0.5281733333333333,0.8436800000000001,0.8436800000000001,1.0,147
1.0,1.0,1.0,0.185979,0.8375,0.8207,0.8207,1.0,148
1.0,1.0,1.0,0.360013,0.8417,0.8071,0.8071,1.0,149
1.0,1.0,1.0,0.52492575,0.833225,0.7278,0.7278,1.0,150
1.0,1.0,1.0,0.326992,0.7673,0.6536,0.6536,1.0,151
1.0,1.0,1.0,0.125481,0.68,0.7101,0.7101,1.0,152
1.0,1.0,1.0,0.019807944444444444,0.5417111111111111,0.7666166666666667,0.7666166666666667,1.0,153
1.0,1.0,1.0,0.348015,0.515,0.8058,0.8058,1.0,154
1.0,1.0,1.0,0.4945866666666667,0.5067333333333334,0.7077,0.7077,1.0,155
1.0,1.0,1.0,0.31514,0.5496,0.6959,0.6959,1.0,156
1.0,1.0,1.0,0.022857666666666665,0.5880166666666666,0.6919333333333334,0.6919333333333334,1.0,157
1.0,1.0,1.0,0.0,0.6411,0.5001,0.5001,1.0,158
1.0,1.0,1.0,0.0,0.5953,0.4426,0.4426,1.0,159
1.0,1.0,1.0,0.0,0.57296,0.25786000000000003,0.25786000000000003,1.0,160
1.0,1.0,1.0,0.0,0.2291,0.2085,0.2085,1.0,161
1.0,1.0,1.0,0.0,0.0997,0.2974,0.2974,1.0,162
1.0,1.0,1.0,0.0,0.1136,0.4254,0.4254,1.0,163
1.0,1.0,1.0,0.11955486666666668,0.11298666666666667,0.6592266666666666,0.6592266666666666,1.0,164
1.0,1.0,1.0,0.0,0.2258,0.6941,0.6941,1.0,165
1.0,1.0,1.0,0.0,0.1757,0.7345,0.7345,1.0,166
1.0,1.0,1.0,0.03463458928571428,0.20573035714285717,0.6218142857142854,0.6218142857142854,1.0,167
1.0,1.0,1.0,0.145344,0.4101,0.7039,0.7039,1.0,168
1.0,1.0,1.0,0.309987,0.3639,0.6489,0.6489,1.0,169
1.0,1.0,1.0,0.555137,0.3886,0.5834,0.5834,1.0,170
1.0,1.0,1.0,0.5587983333333334,0.3675,0.41829999999999995,0.41829999999999995,1.0,171
1.0,1.0,1.0,0.462815,0.3287,0.3391,0.3391,1.0,172
1.0,1.0,1.0,0.263675,0.3277,0.3131,0.3131,1.0,173
1.0,1.0,1.0,0.010038058823529412,0.39417058823529405,0.45691764705882354,0.45691764705882354,1.0,174
1.0,1.0,1.0,0.235856,0.3698,0.4241,0.4241,1.0,175
1.0,1.0,1.0,0.4564,0.42186666666666667,0.4619666666666667,0.4619666666666667,1.0,176
1.0,1.0,1.0,0.318187,0.466,0.4439,0.4439,1.0,177
1.0,1.0,1.0,0.027485736842105268,0.5203315789473685,0.41847894736842106,0.41847894736842106,1.0,178
1.0,1.0,1.0,0.4582813333333333,0.3156666666666667,0.15736666666666665,0.15736666666666665,1.0,179
1.0,1.0,1.0,0.02324033333333333,0.6680611111111111,0.3864444444444445,0.3864444444444445,1.0,180
1.0,1.0,1.0,0.387625,0.6881,0.8011,0.8011,1.0,181
1.0,1.0,1.0,0.1371945909090909,0.6765954545454546,0.7809,0.7809,1.0,182
1.0,1.0,1.0,0.179851,0.4402,0.4055,0.4055,1.0,183
1.0,1.0,1.0,0.392039,0.520475,0.30245,0.30245,1.0,184
1.0,1.0,1.0,0.06344206382978723,0.4076085106382979,0.24736382978723404,0.24736382978723404,1.0,185
1.0,1.0,1.0,0.629288,0.1936,0.1664,0.1664,1.0,186
1.0,1.0,1.0,0.465175,0.1915,0.1446,0.1446,1.0,187
1.0,1.0,1.0,0.03251883333333333,0.33212777777777774,0.2292166666666667,0.2292166666666667,1.0,188
1.0,1.0,1.0,0.452339,0.2862,0.2596,0.2596,1.0,189
1.0,1.0,1.0,0.563489,0.2302,0.3802,0.3802,1.0,190
1.0,1.0,1.0,0.700234,0.2219,0.4417,0.4417,1.0,191
1.0,1.0,1.0,0.626808,0.2049,0.5536,0.5536,1.0,192
1.0,1.0,1.0,0.497003,0.2063,0.6002,0.6002,1.0,193
1.0,1.0,1.0,0.321564,0.1993,0.6131,0.6131,1.0,194
1.0,1.0,1.0,0.05205734239130436,0.3687467391304349,0.461317391304348,0.461317391304348,1.0,195
1.0,1.0,1.0,0.076417,0.5482,0.6922,0.6922,1.0,196
1.0,1.0,1.0,0.278105,0.4609,0.6545,0.6545,1.0,197
1.0,1.0,1.0,0.479613,0.4217,0.669,0.669,1.0,198
1.0,1.0,1.0,0.628258,0.45885,0.5665,0.5665,1.0,199
1.0,1.0,1.0,0.614617,0.5123,0.4037,0.4037,1.0,200
1.0,1.0,1.0,0.440285,0.455,0.3916,0.3916,1.0,201
1.0,1.0,1.0,0.333399,0.4986,0.411,0.411,1.0,202
1.0,1.0,1.0,0.170426,0.5353,0.5607,0.5607,1.0,203
1.0,1.0,1.0,0.0086734375,0.7111625,0.4734375,0.4734375,1.0,204
1.0,1.0,1.0,0.300489,0.6865,0.4033,0.4033,1.0,205
1.0,1.0,1.0,0.3388548571428572,0.5936428571428571,0.23471428571428568,0.23471428571428568,1.0,206
1.0,1.0,1.0,0.092146,0.6258,0.1902,0.1902,1.0,207
1.0,1.0,1.0,0.00987975,0.64791875,0.5523750000000001,0.5523750000000001,1.0,208
1.0,1.0,1.0,0.311142,0.4739,0.7262,0.7262,1.0,209
1.0,1.0,1.0,0.466356,0.51495,0.706,0.706,1.0,210
1.0,1.0,1.0,0.6263656666666666,0.5698333333333333,0.6490333333333332,0.6490333333333332,1.0,211
1.0,1.0,1.0,0.335896,0.5799,0.6968,0.6968,1.0,212
1.0,1.0,1.0,0.025987176470588236,0.5339705882352942,0.5311,0.5311,1.0,213
1.0,1.0,1.0,0.428147,0.109,0.0213,0.0213,1.0,214
1.0,1.0,1.0,0.619779,0.049966666666666666,0.04513333333333333,0.04513333333333333,1.0,215
1.0,1.0,1.0,0.04851785714285714,0.29027619047619047,0.5632238095238096,0.5632238095238096,1.0,216
1.0,1.0,1.0,0.331523,0.129,0.4489,0.4489,1.0,217
1.0,1.0,1.0,0.481425,0.1443,0.42,0.42,1.0,218
1.0,1.0,1.0,0.564838,0.1564,0.4917,0.4917,1.0,219
1.0,1.0,1.0,0.469507,0.1706,0.6037,0.6037,1.0,220
1.0,1.0,1.0,0.312643,0.128,0.7401,0.7401,1.0,221
1.0,1.0,1.0,0.025857,0.30282105263157894,0.8010684210526315,0.8010684210526315,1.0,222
1.0,1.0,1.0,0.288567,0.0758,0.7157,0.7157,1.0,223
1.0,1.0,1.0,0.434295,0.17877500000000002,0.724025,0.724025,1.0,224
1.0,1.0,1.0,0.296129,0.3273,0.7779,0.7779,1.0,225
1.0,1.0,1.0,0.038740734374999995,0.5690203125,0.7508812499999998,0.7508812499999998,1.0,226
1.0,1.0,1.0,0.316443,0.837,0.9054,0.9054,1.0,227
1.0,1.0,1.0,0.446539,0.8562,0.9025,0.9025,1.0,228
1.0,1.0,1.0,0.6268075,0.849825,0.8566999999999999,0.8566999999999999,1.0,229
1.0,1.0,1.0,0.533568,0.8162,0.748,0.748,1.0,230
1.0,1.0,1.0,0.272578,0.7726,0.6802,0.6802,1.0,231
1.0,1.0,1.0,0.03290841463414635,0.3302292682926829,0.5739585365853659,0.5739585365853659,1.0,232
1.0,1.0,1.0,0.389673,0.3998,0.8653,0.8653,1.0,233
1.0,1.0,1.0,0.562814,0.4224,0.7979,0.7979,1.0,234
1.0,1.0,1.0,0.701636,0.4034,0.7412,0.7412,1.0,235
1.0,1.0,1.0,0.765513,0.4177,0.6531,0.6531,1.0,236
1.0,1.0,1.0,0.696977,0.4225,0.5254,0.5254,1.0,237
1.0,1.0,1.0,0.555072,0.4226,0.4596,0.4596,1.0,238
1.0,1.0,1.0,0.334349,0.426,0.3926,0.3926,1.0,239
1.0,1.0,1.0,0.015979875,0.319325,0.26466249999999997,0.26466249999999997,1.0,240
1.0,1.0,1.0,0.02602303225806452,0.25353870967741937,0.42687419354838707,0.42687419354838707,1.0,241
1.0,1.0,1.0,0.1771414,0.41811999999999994,0.85204,0.85204,1.0,242
1.0,1.0,1.0,0.206818,0.3659,0.6503,0.6503,1.0,243
1.0,1.0,1.0,0.11314408333333333,0.24129999999999996,0.5879208333333334,0.5879208333333334,1.0,244
1.0,1.0,1.0,0.287912,0.0914,0.0647,0.0647,1.0,245
1.0,1.0,1.0,0.03390766666666666,0.4648791666666667,0.6335041666666668,0.6335041666666668,1.0,246
1.0,1.0,1.0,0.2539415,0.32175,0.8963000000000001,0.8963000000000001,1.0,247
1.0,1.0,1.0,0.0116395,0.67090625,0.7500125,0.7500125,1.0,248
1.0,1.0,1.0,0.081824,0.4944,0.268,0.268,1.0,249
1.0,1.0,1.0,0.063802,0.42001739130434784,0.5202173913043479,0.5202173913043479,1.0,250
1.0,1.0,1.0,0.305468,0.3505,0.6356,0.6356,1.0,251
1.0,1.0,1.0,0.588317,0.2961,0.6773,0.6773,1.0,252
1.0,1.0,1.0,0.74986,0.26237499999999997,0.6750750000000001,0.6750750000000001,1.0,253
1.0,1.0,1.0,0.539716,0.2437,0.5664,0.5664,1.0,254
1.0,1.0,1.0,0.382157,0.264,0.4655,0.4655,1.0,255
1.0,1.0,1.0,0.010088399999999999,0.37786666666666674,0.6263466666666667,0.6263466666666667,1.0,256
1.0,1.0,1.0,0.161696,0.3242,0.6575,0.6575,1.0,257
1.0,1.0,1.0,0.407993,0.3085,0.6568,0.6568,1.0,258
1.0,1.0,1.0,0.584346,0.2052,0.6196,0.6196,1.0,259
1.0,1.0,1.0,0.68352,0.165,0.5151,0.5151,1.0,260
1.0,1.0,1.0,0.7634983333333333,0.18623333333333333,0.36579999999999996,0.36579999999999996,1.0,261
1.0,1.0,1.0,0.59941,0.2072,0.2556,0.2556,1.0,262
1.0,1.0,1.0,0.04199235294117647,0.31195294117647054,0.28671764705882347,0.28671764705882347,1.0,263
1.0,1.0,1.0,0.318388,0.5415,0.7571,0.7571,1.0,264
1.0,1.0,1.0,0.511726,0.4829,0.8323,0.8323,1.0,265
1.0,1.0,1.0,0.7609067500000001,0.5267999999999999,0.907125,0.907125,1.0,266
1.0,1.0,1.0,0.616128,0.481,0.9162,0.9162,1.0,267
1.0,1.0,1.0,0.40448,0.4814,0.9171,0.9171,1.0,268
1.0,1.0,1.0,0.019789125,0.7331125000000002,0.9152249999999998,0.9152249999999998,1.0,269
1.0,1.0,1.0,0.318961,0.6271,0.9114,0.9114,1.0,270
1.0,1.0,1.0,0.549176,0.6279,0.909,0.909,1.0,271
1.0,1.0,1.0,0.65977475,0.6912,0.9067250000000001,0.9067250000000001,1.0,272
1.0,1.0,1.0,0.470171,0.8131,0.9066,0.9066,1.0,273
1.0,1.0,1.0,0.057484714285714285,0.8646142857142857,0.8795142857142857,0.8795142857142857,1.0,274
1.0,1.0,1.0,0.0,0.8843,0.7791,0.7791,1.0,275
1.0,1.0,1.0,0.0367268,0.85449,0.7575799999999999,0.7575799999999999,1.0,276
1.0,1.0,1.0,0.40925,0.7382,0.8381,0.8381,1.0,277
1.0,1.0,1.0,0.557449,0.6834,0.7055,0.7055,1.0,278
1.0,1.0,1.0,0.608063,0.6908,0.4996,0.4996,1.0,279
1.0,1.0,1.0,0.632126,0.6091,0.3616,0.3616,1.0,280
1.0,1.0,1.0,0.564107,0.5289,0.2847,0.2847,1.0,281
1.0,1.0,1.0,0.433117,0.4659,0.2439,0.2439,1.0,282
1.0,1.0,1.0,0.09013990476190477,0.30410714285714285,0.26300714285714283,0.26300714285714283,1.0,283
1.0,1.0,1.0,0.291039,0.4718,0.5353,0.5353,1.0,284
1.0,1.0,1.0,0.518172,0.3881,0.6414,0.6414,1.0,285
1.0,1.0,1.0,0.7724467500000001,0.28105,0.7973750000000001,0.7973750000000001,1.0,286
1.0,1.0,1.0,0.607274,0.2752,0.8812,0.8812,1.0,287
1.0,1.0,1.0,0.396852,0.2909,0.8715,0.8715,1.0,288
1.0,1.0,1.0,0.162014,0.2544,0.8913,0.8913,1.0,289
1.0,1.0,1.0,0.11030909756097564,0.2679243902439024,0.6911268292682928,0.6911268292682928,1.0,290
1.0,1.0,1.0,0.242784,0.3317,0.7904,0.7904,1.0,291
1.0,1.0,1.0,0.47237224999999994,0.344725,0.8140749999999999,0.8140749999999999,1.0,292
1.0,1.0,1.0,0.321187,0.2772,0.815,0.815,1.0,293
1.0,1.0,1.0,0.09254775324675325,0.1729597402597402,0.297438961038961,0.297438961038961,1.0,294
1.0,1.0,1.0,0.0,0.6262,0.4751,0.4751,1.0,295
1.0,1.0,1.0,0.11766616666666667,0.27586666666666665,0.2571166666666666,0.2571166666666666,1.0,296
1.0,1.0,1.0,0.153283,0.144,0.078,0.078,1.0,297
1.0,1.0,1.0,0.005878,0.5705214285714285,0.14858571428571427,0.14858571428571427,1.0,298
1.0,1.0,1.0,0.193407,0.6001,0.2981,0.2981,1.0,299
1.0,1.0,1.0,0.333478,0.5892,0.319,0.319,1.0,300
1.0,1.0,1.0,0.526049,0.5413,0.3278,0.3278,1.0,301
1.0,1.0,1.0,0.664107,0.5714,0.3422,0.3422,1.0,302
1.0,1.0,1.0,0.7626396666666667,0.61,0.4258333333333333,0.4258333333333333,1.0,303
1.0,1.0,1.0,0.59075,0.5776,0.4814,0.4814,1.0,304
1.0,1.0,1.0,0.38628,0.619,0.5064,0.5064,1.0,305
1.0,1.0,1.0,0.193498,0.6074,0.5274,0.5274,1.0,306
1.0,1.0,1.0,0.12343126315789472,0.3489368421052631,0.27770263157894737,0.27770263157894737,1.0,307
1.0,1.0,1.0,0.208712,0.4317,0.1032,0.1032,1.0,308
1.0,1.0,1.0,0.414176,0.3451,0.1233,0.1233,1.0,309
1.0,1.0,1.0,0.7123664,0.37034,0.13212,0.13212,1.0,310
1.0,1.0,1.0,0.584696,0.4425,0.1562,0.1562,1.0,311
1.0,1.0,1.0,0.058403333333333335,0.6064444444444443,0.20609999999999998,0.20609999999999998,1.0,312
1.0,1.0,1.0,0.6311231666666667,0.36133333333333334,0.14265,0.14265,1.0,313
1.0,1.0,1.0,0.04088,0.61928125,0.27895,0.27895,1.0,314
1.0,1.0,1.0,0.212217,0.747,0.2627,0.2627,1.0,315
1.0,1.0,1.0,0.38858,0.7175,0.2367,0.2367,1.0,316
1.0,1.0,1.0,0.573408,0.6075,0.2218,0.2218,1.0,317
1.0,1.0,1.0,0.71208575,0.57185,0.20482499999999998,0.20482499999999998,1.0,318
1.0,1.0,1.0,0.584531,0.5245,0.3016,0.3016,1.0,319
1.0,1.0,1.0,0.393988,0.5473,0.3517,0.3517,1.0,320
1.0,1.0,1.0,0.07628466666666667,0.4647666666666666,0.5590666666666667,0.5590666666666667,1.0,321
1.0,1.0,1.0,0.0,0.6231,0.728,0.728,1.0,322
1.0,1.0,1.0,0.010057749999999999,0.766325,0.5298083333333334,0.5298083333333334,1.0,323
1.0,1.0,1.0,0.263529,0.8069,0.2448,0.2448,1.0,324
1.0,1.0,1.0,0.446792,0.8217,0.2342,0.2342,1.0,325
1.0,1.0,1.0,0.7201440000000001,0.81555,0.194025,0.194025,1.0,326
1.0,1.0,1.0,0.520218,0.8188,0.1473,0.1473,1.0,327
1.0,1.0,1.0,0.378619,0.8332,0.1562,0.1562,1.0,328
1.0,1.0,1.0,0.189377,0.8081,0.1907,0.1907,1.0,329
1.0,1.0,1.0,0.005665142857142857,0.5511571428571428,0.3322357142857143,0.3322357142857143,1.0,330
1.0,1.0,1.0,0.185733,0.339,0.2215,0.2215,1.0,331
1.0,1.0,1.0,0.08500545098039215,0.40433921568627446,0.36658627450980397,0.36658627450980397,1.0,332
1.0,1.0,1.0,0.495134,0.8553,0.9027,0.9027,1.0,333
1.0,1.0,1.0,0.7260840000000001,0.8462999999999999,0.9001000000000001,0.9001000000000001,1.0,334
1.0,1.0,1.0,0.474204,0.8449,0.9027,0.9027,1.0,335
1.0,1.0,1.0,0.0381959375,0.83220625,0.9032062500000002,0.9032062500000002,1.0,336
1.0,1.0,1.0,0.490575,0.8512,0.8961,0.8961,1.0,337
1.0,1.0,1.0,0.708918,0.8641,0.8717,0.8717,1.0,338
1.0,1.0,1.0,0.8390445,0.8522500000000001,0.7845,0.7845,1.0,339
1.0,1.0,1.0,0.693354,0.8445,0.7175,0.7175,1.0,340
1.0,1.0,1.0,0.472614,0.8382,0.6798,0.6798,1.0,341
1.0,1.0,1.0,0.231178,0.7983,0.6054,0.6054,1.0,342
1.0,1.0,1.0,0.0124505,0.7384,0.5422,0.5422,1.0,343
1.0,1.0,1.0,0.0,0.6519,0.4639,0.4639,1.0,344
1.0,1.0,1.0,0.050785842105263164,0.2777157894736842,0.5714017543859649,0.5714017543859649,1.0,345
1.0,1.0,1.0,0.274507,0.71,0.6114,0.6114,1.0,346
1.0,1.0,1.0,0.529978,0.712,0.5953,0.5953,1.0,347
1.0,1.0,1.0,0.736332,0.663,0.5309,0.5309,1.0,348
1.0,1.0,1.0,0.8261247500000001,0.643475,0.402375,0.402375,1.0,349
1.0,1.0,1.0,0.5713415,0.6621,0.2835,0.2835,1.0,350
1.0,1.0,1.0,0.229308,0.637,0.2572,0.2572,1.0,351
1.0,1.0,1.0,0.008596333333333333,0.45775000000000005,0.18639999999999998,0.18639999999999998,1.0,352
1.0,1.0,1.0,0.05631900000000001,0.13573749999999998,0.37647500000000006,0.37647500000000006,1.0,353
1.0,1.0,1.0,0.244001,0.1004,0.18,0.18,1.0,354
1.0,1.0,1.0,0.1451175925925926,0.1064962962962963,0.18938518518518524,0.18938518518518524,1.0,355
1.0,1.0,1.0,0.597167,0.3456,0.487,0.487,1.0,356
1.0,1.0,1.0,0.6288866666666667,0.5781333333333334,0.4837666666666666,0.4837666666666666,1.0,357
1.0,1.0,1.0,0.429459,0.5774,0.5639,0.5639,1.0,358
1.0,1.0,1.0,0.0274478,0.5627666666666667,0.6688066666666667,0.6688066666666667,1.0,359
1.0,1.0,1.0,0.318021,0.6843,0.6463,0.6463,1.0,360
1.0,1.0,1.0,0.561068,0.6562,0.6332,0.6332,1.0,361
1.0,1.0,1.0,0.73208,0.7153,0.6458,0.6458,1.0,362
1.0,1.0,1.0,0.83611675,0.742675,0.500575,0.500575,1.0,363
1.0,1.0,1.0,0.680953,0.6984,0.3393,0.3393,1.0,364
1.0,1.0,1.0,0.472808,0.6669,0.2433,0.2433,1.0,365
1.0,1.0,1.0,0.241195,0.6515,0.217,0.217,1.0,366
1.0,1.0,1.0,0.029708533333333335,0.45168666666666674,0.2094866666666667,0.2094866666666667,1.0,367
1.0,1.0,1.0,0.495473,0.3577,0.1333,0.1333,1.0,368
1.0,1.0,1.0,0.748989,0.4565,0.147975,0.147975,1.0,369
1.0,1.0,1.0,0.675213,0.6591,0.1549,0.1549,1.0,370
1.0,1.0,1.0,0.46322050000000004,0.6674,0.22525,0.22525,1.0,371
1.0,1.0,1.0,0.193046,0.6469,0.371,0.371,1.0,372
1.0,1.0,1.0,0.004767615384615385,0.7538538461538462,0.6833230769230769,0.6833230769230769,1.0,373
1.0,1.0,1.0,0.082969,0.8199,0.6994,0.6994,1.0,374
1.0,1.0,1.0,0.286127,0.8009,0.6584,0.6584,1.0,375
1.0,1.0,1.0,0.489076,0.7798,0.5569,0.5569,1.0,376
1.0,1.0,1.0,0.6401566,0.7816799999999999,0.32402000000000003,0.32402000000000003,1.0,377
1.0,1.0,1.0,0.507246,0.7706,0.2091,0.2091,1.0,378
1.0,1.0,1.0,0.397013,0.82,0.214,0.214,1.0,379
1.0,1.0,1.0,0.212927,0.7759,0.2459,0.2459,1.0,380
1.0,1.0,1.0,0.011747785714285714,0.6876142857142857,0.33099285714285714,0.33099285714285714,1.0,381
1.0,1.0,1.0,0.271426,0.5649,0.2337,0.2337,1.0,382
1.0,1.0,1.0,0.485615,0.5327,0.2268,0.2268,1.0,383
1.0,1.0,1.0,0.7706555,0.5058666666666667,0.16241666666666668,0.16241666666666668,1.0,384
1.0,1.0,1.0,0.486487,0.5654,0.1214,0.1214,1.0,385
1.0,1.0,1.0,0.244625,0.5372,0.1173,0.1173,1.0,386
1.0,1.0,1.0,0.011814,0.31935,0.3114214285714286,0.3114214285714286,1.0,387
1.0,1.0,1.0,0.295616,0.2033,0.3897,0.3897,1.0,388
1.0,1.0,1.0,0.7168728,0.24022000000000002,0.29810000000000003,0.29810000000000003,1.0,389
1.0,1.0,1.0,0.621433,0.2792,0.19,0.19,1.0,390
1.0,1.0,1.0,0.05534655555555555,0.3891055555555556,0.1912388888888889,0.1912388888888889,1.0,391
1.0,1.0,1.0,0.4034964285714286,0.7083571428571428,0.42652857142857137,0.42652857142857137,1.0,392
1.0,1.0,1.0,0.271122,0.7719,0.5328,0.5328,1.0,393
1.0,1.0,1.0,0.026585687500000003,0.52886875,0.7742875,0.7742875,1.0,394
1.0,1.0,1.0,0.41235462500000003,0.2262375,0.8138624999999999,0.8138624999999999,1.0,395
1.0,1.0,1.0,0.160964,0.2183,0.885,0.885,1.0,396
1.0,1.0,1.0,0.19723302127659567,0.23300425531914895,0.3619638297872342,0.3619638297872342,1.0,397
1.0,1.0,1.0,0.480872,0.3797,0.1334,0.1334,1.0,398
1.0,1.0,1.0,0.03246846666666667,0.42921333333333345,0.49992000000000003,0.49992000000000003,1.0,399
1.0,1.0,1.0,0.339032,0.6813,0.2637,0.2637,1.0,400
1.0,1.0,1.0,0.571393,0.6508,0.245,0.245,1.0,401
1.0,1.0,1.0,0.805009,0.63515,0.284575,0.284575,1.0,402
1.0,1.0,1.0,0.716758,0.7276,0.4198,0.4198,1.0,403
1.0,1.0,1.0,0.50765,0.6962,0.4803,0.4803,1.0,404
1.0,1.0,1.0,0.340568,0.6013,0.5753,0.5753,1.0,405
1.0,1.0,1.0,0.172868,0.4718,0.6521,0.6521,1.0,406
1.0,1.0,1.0,0.004706384615384616,0.2360615384615385,0.7658153846153847,0.7658153846153847,1.0,407
1.0,1.0,1.0,0.100489,0.2635,0.7608,0.7608,1.0,408
1.0,1.0,1.0,0.277638,0.2995,0.7587,0.7587,1.0,409
1.0,1.0,1.0,0.494624,0.179,0.761,0.761,1.0,410
1.0,1.0,1.0,0.699285,0.159,0.7087,0.7087,1.0,411
1.0,1.0,1.0,0.7692420000000001,0.19146666666666667,0.6339,0.6339,1.0,412
1.0,1.0,1.0,0.484646,0.2449,0.6301,0.6301,1.0,413
1.0,1.0,1.0,0.06192538888888889,0.2780555555555556,0.5249777777777779,0.5249777777777779,1.0,414
1.0,1.0,1.0,0.526302,0.2098,0.7264,0.7264,1.0,415
1.0,1.0,1.0,0.676693,0.2618,0.7585500000000001,0.7585500000000001,1.0,416
1.0,1.0,1.0,0.7738495,0.40905,0.71565,0.71565,1.0,417
1.0,1.0,1.0,0.729145,0.5011,0.6614,0.6614,1.0,418
1.0,1.0,1.0,0.579449,0.4736,0.6184,0.6184,1.0,419
1.0,1.0,1.0,0.389854,0.4986,0.7,0.7,1.0,420
1.0,1.0,1.0,0.213419,0.5324,0.7734,0.7734,1.0,421
1.0,1.0,1.0,0.03645406666666666,0.5068466666666667,0.7146600000000001,0.7146600000000001,1.0,422
1.0,1.0,1.0,0.557176,0.5208,0.3261,0.3261,1.0,423
1.0,1.0,1.0,0.8261662500000001,0.49779999999999996,0.23675,0.23675,1.0,424
1.0,1.0,1.0,0.782187,0.6054,0.1048,0.1048,1.0,425
1.0,1.0,1.0,0.632733,0.6399,0.0912,0.0912,1.0,426
1.0,1.0,1.0,0.461531,0.6534,0.1193,0.1193,1.0,427
1.0,1.0,1.0,0.240063,0.6134,0.1628,0.1628,1.0,428
1.0,1.0,1.0,0.006907615384615385,0.6120384615384615,0.6758384615384615,0.6758384615384615,1.0,429
1.0,1.0,1.0,0.140637,0.54,0.5893,0.5893,1.0,430
1.0,1.0,1.0,0.339227,0.4262,0.4879,0.4879,1.0,431
1.0,1.0,1.0,0.570129,0.3928,0.3691,0.3691,1.0,432
1.0,1.0,1.0,0.22035940909090906,0.19354545454545455,0.10812272727272729,0.10812272727272729,1.0,433
1.0,1.0,1.0,0.272935,0.2225,0.0453,0.0453,1.0,434
1.0,1.0,1.0,0.36234856666666654,0.28379333333333334,0.25451666666666667,0.25451666666666667,1.0,435
1.0,1.0,1.0,0.640461,0.1981,0.4211,0.4211,1.0,436
1.0,1.0,1.0,0.05289325,0.38492499999999996,0.7756875,0.7756875,1.0,437
1.0,1.0,1.0,0.14946,0.3724,0.7454,0.7454,1.0,438
1.0,1.0,1.0,0.244723,0.344,0.6444,0.6444,1.0,439
1.0,1.0,1.0,0.337707,0.2788,0.5809,0.5809,1.0,440
1.0,1.0,1.0,0.584516,0.2199,0.5821,0.5821,1.0,441
1.0,1.0,1.0,0.7046756666666667,0.19779999999999998,0.5228666666666667,0.5228666666666667,1.0,442
1.0,1.0,1.0,0.547196,0.1528,0.5705,0.5705,1.0,443
1.0,1.0,1.0,0.0535504,0.5214384615384614,0.6847799999999998,0.6847799999999998,1.0,444
1.0,1.0,1.0,0.50089625,0.41305000000000003,0.7214750000000001,0.7214750000000001,1.0,445
1.0,1.0,1.0,0.6309629999999999,0.5705,0.7847999999999999,0.7847999999999999,1.0,446
1.0,1.0,1.0,0.517665,0.5284,0.8237,0.8237,1.0,447
1.0,1.0,1.0,0.1841007619047619,0.3969904761904761,0.5760047619047621,0.5760047619047621,1.0,448
1.0,1.0,1.0,0.575897,0.3199,0.2031,0.2031,1.0,449
1.0,1.0,1.0,0.15193486046511628,0.3064441860465116,0.5025813953488373,0.5025813953488373,1.0,450
1.0,1.0,1.0,0.433542,0.3866,0.869,0.869,1.0,451
1.0,1.0,1.0,0.553123,0.39,0.8367,0.8367,1.0,452
1.0,1.0,1.0,0.7272194999999999,0.4219,0.8728,0.8728,1.0,453
1.0,1.0,1.0,0.715595,0.5559,0.8753,0.8753,1.0,454
1.0,1.0,1.0,0.672086,0.6623,0.8469,0.8469,1.0,455
1.0,1.0,1.0,0.571206,0.7567,0.8399,0.8399,1.0,456
1.0,1.0,1.0,0.394012,0.845,0.8524,0.8524,1.0,457
1.0,1.0,1.0,0.233483,0.8472,0.8828,0.8828,1.0,458
1.0,1.0,1.0,0.02065978571428571,0.8338142857142856,0.8201857142857143,0.8201857142857143,1.0,459
1.0,1.0,1.0,0.379936,0.8463,0.5691,0.5691,1.0,460
1.0,1.0,1.0,0.593757,0.8535,0.5417,0.5417,1.0,461
1.0,1.0,1.0,0.8331800000000001,0.86006,0.5265,0.5265,1.0,462
1.0,1.0,1.0,0.651852,0.8586,0.4672,0.4672,1.0,463
1.0,1.0,1.0,0.464034,0.8548,0.4559,0.4559,1.0,464
1.0,1.0,1.0,0.258784,0.8371,0.5258,0.5258,1.0,465
1.0,1.0,1.0,0.093203,0.8233,0.5369,0.5369,1.0,466
1.0,1.0,1.0,0.0037868333333333335,0.552575,0.45364166666666667,0.45364166666666667,1.0,467
1.0,1.0,1.0,0.161114,0.362,0.1206,0.1206,1.0,468
1.0,1.0,1.0,0.384113,0.371,0.1108,0.1108,1.0,469
1.0,1.0,1.0,0.611805,0.5363,0.123,0.123,1.0,470
1.0,1.0,1.0,0.75272,0.5863,0.1437,0.1437,1.0,471
1.0,1.0,1.0,0.8713609999999999,0.7205,0.17159999999999997,0.17159999999999997,1.0,472
1.0,1.0,1.0,0.827907,0.8003,0.3081,0.3081,1.0,473
1.0,1.0,1.0,0.703862,0.7849,0.4608,0.4608,1.0,474
1.0,1.0,1.0,0.512846,0.7812,0.5791,0.5791,1.0,475
1.0,1.0,1.0,0.282432,0.7462,0.6394,0.6394,1.0,476
1.0,1.0,1.0,0.010775846153846153,0.6259153846153845,0.5139,0.5139,1.0,477
1.0,1.0,1.0,0.161142,0.5403,0.2313,0.2313,1.0,478
1.0,1.0,1.0,0.369902,0.5284,0.1741,0.1741,1.0,479
1.0,1.0,1.0,0.7653028333333333,0.38281666666666664,0.07793333333333334,0.07793333333333334,1.0,480
1.0,1.0,1.0,0.528764,0.2318,0.0569,0.0569,1.0,481
1.0,1.0,1.0,0.339798,0.2275,0.1118,0.1118,1.0,482
1.0,1.0,1.0,0.05326013636363635,0.19442545454545443,0.3176727272727273,0.3176727272727273,1.0,483
1.0,1.0,1.0,0.06399250000000001,0.59715,0.0314,0.0314,1.0,484
1.0,1.0,1.0,0.135049,0.4895,0.0215,0.0215,1.0,485
1.0,1.0,1.0,0.11084023809523812,0.2020333333333333,0.23716666666666664,0.23716666666666664,1.0,486
1.0,1.0,1.0,0.178378,0.056,0.1672,0.1672,1.0,487
1.0,1.0,1.0,0.544375625,0.0874625,0.170175,0.170175,1.0,488
1.0,1.0,1.0,0.401292,0.2094,0.1135,0.1135,1.0,489
1.0,1.0,1.0,0.16750528571428572,0.28823333333333334,0.14607857142857145,0.14607857142857145,1.0,490
1.0,1.0,1.0,0.130582,0.5724,0.5591,0.5591,1.0,491
1.0,1.0,1.0,0.06928867346938776,0.2830816326530612,0.8092775510204079,0.8092775510204079,1.0,492
1.0,1.0,1.0,0.392786,0.4545,0.6236,0.6236,1.0,493
1.0,1.0,1.0,0.0815064117647059,0.5265882352941177,0.7344294117647059,0.7344294117647059,1.0,494
1.0,1.0,1.0,0.171347,0.4398,0.6725,0.6725,1.0,495
1.0,1.0,1.0,0.362685,0.4645,0.6433,0.6433,1.0,496
1.0,1.0,1.0,0.570688,0.531,0.6349,0.6349,1.0,497
1.0,1.0,1.0,0.673282,0.5122,0.5832,0.5832,1.0,498
1.0,1.0,1.0,0.5479244999999999,0.5317000000000001,0.40715,0.40715,1.0,499
1.0,1.0,1.0,0.456998,0.5803,0.5803,0.5803,1.0,500
1.0,1.0,1.0,0.356334,0.6314,0.646,0.646,1.0,501
1.0,1.0,1.0,0.223298,0.541,0.7165,0.7165,1.0,502
1.0,1.0,1.0,0.10222,0.4027,0.7316,0.7316,1.0,503
1.0,1.0,1.0,0.006266833333333333,0.35342499999999993,0.47455833333333325,0.47455833333333325,1.0,504
1.0,1.0,1.0,0.193232,0.4296,0.1963,0.1963,1.0,505
1.0,1.0,1.0,0.398007,0.4387,0.2259,0.2259,1.0,506
1.0,1.0,1.0,0.60202,0.4947,0.2517,0.2517,1.0,507
1.0,1.0,1.0,0.81763775,0.6281249999999999,0.345325,0.345325,1.0,508
1.0,1.0,1.0,0.781039,0.6267,0.4925,0.4925,1.0,509
1.0,1.0,1.0,0.666982,0.5844,0.5989,0.5989,1.0,510
1.0,1.0,1.0,0.480811,0.5377,0.6596,0.6596,1.0,511
1.0,1.0,1.0,0.263778,0.4603,0.6688,0.6688,1.0,512
1.0,1.0,1.0,0.02049264285714286,0.21239999999999995,0.5883214285714286,0.5883214285714286,1.0,513
1.0,1.0,1.0,0.220904,0.186,0.2525,0.2525,1.0,514
1.0,1.0,1.0,0.349493,0.1546,0.2528,0.2528,1.0,515
1.0,1.0,1.0,0.491442,0.1338,0.3092,0.3092,1.0,516
1.0,1.0,1.0,0.7083524999999999,0.223125,0.37174999999999997,0.37174999999999997,1.0,517
1.0,1.0,1.0,0.569669,0.2131,0.5215,0.5215,1.0,518
1.0,1.0,1.0,0.10479720930232561,0.21380348837209298,0.6349686046511628,0.6349686046511628,1.0,519
1.0,1.0,1.0,0.062401,0.7583,0.4279,0.4279,1.0,520
1.0,1.0,1.0,0.171198,0.6774,0.4558,0.4558,1.0,521
1.0,1.0,1.0,0.343409,0.6382,0.4697,0.4697,1.0,522
1.0,1.0,1.0,0.640184,0.62895,0.4586,0.4586,1.0,523
1.0,1.0,1.0,0.81429825,0.634425,0.30265000000000003,0.30265000000000003,1.0,524
1.0,1.0,1.0,0.670999,0.7079,0.2096,0.2096,1.0,525
1.0,1.0,1.0,0.483854,0.7707,0.1984,0.1984,1.0,526
1.0,1.0,1.0,0.277186,0.7344,0.2241,0.2241,1.0,527
1.0,1.0,1.0,0.015448307692307693,0.5410615384615384,0.1288,0.1288,1.0,528
1.0,1.0,1.0,0.202568,0.5301,0.1595,0.1595,1.0,529
1.0,1.0,1.0,0.380659,0.3397,0.1833,0.1833,1.0,530
1.0,1.0,1.0,0.576452,0.3811,0.2139,0.2139,1.0,531
1.0,1.0,1.0,0.7843866,0.53164,0.30452,0.30452,1.0,532
1.0,1.0,1.0,0.5531375,0.52425,0.35375,0.35375,1.0,533
1.0,1.0,1.0,0.264015,0.5265,0.39,0.39,1.0,534
1.0,1.0,1.0,0.01497046153846154,0.41331538461538464,0.4010923076923077,0.4010923076923077,1.0,535
1.0,1.0,1.0,0.176392,0.1556,0.42,0.42,1.0,536
1.0,1.0,1.0,0.366774,0.0803,0.415,0.415,1.0,537
1.0,1.0,1.0,0.584453,0.0882,0.415,0.415,1.0,538
1.0,1.0,1.0,0.2669223333333333,0.13305238095238098,0.24571428571428572,0.24571428571428572,1.0,539
1.0,1.0,1.0,0.21704,0.09,0.1832,0.1832,1.0,540
1.0,1.0,1.0,0.279871652173913,0.31306521739130433,0.2322565217391305,0.2322565217391305,1.0,541
1.0,1.0,1.0,0.133606,0.4346,0.2298,0.2298,1.0,542
1.0,1.0,1.0,0.17057659756097557,0.21432317073170729,0.22301341463414634,0.22301341463414634,1.0,543
1.0,1.0,1.0,0.092354,0.385,0.0688,0.0688,1.0,544
1.0,1.0,1.0,0.07420683333333335,0.46865,0.290875,0.290875,1.0,545
1.0,1.0,1.0,0.129381,0.4935,0.4695,0.4695,1.0,546
1.0,1.0,1.0,0.234905,0.4738,0.4699,0.4699,1.0,547
1.0,1.0,1.0,0.369056,0.3766,0.4595,0.4595,1.0,548
1.0,1.0,1.0,0.4721148571428571,0.6035428571428572,0.4307714285714286,0.4307714285714286,1.0,549
1.0,1.0,1.0,0.206457,0.633,0.472,0.472,1.0,550
1.0,1.0,1.0,0.100575,0.5602,0.5251,0.5251,1.0,551
1.0,1.0,1.0,0.0076345,0.3849083333333332,0.5812833333333334,0.5812833333333334,1.0,552
1.0,1.0,1.0,0.169699,0.0486,0.2057,0.2057,1.0,553
1.0,1.0,1.0,0.6143925555555556,0.10184444444444446,0.0596888888888889,0.0596888888888889,1.0,554
1.0,1.0,1.0,0.273815,0.1813,0.072,0.072,1.0,555
1.0,1.0,1.0,0.015494076923076925,0.2222307692307692,0.2746461538461539,0.2746461538461539,1.0,556
1.0,1.0,1.0,0.172811,0.1109,0.6188,0.6188,1.0,557
1.0,1.0,1.0,0.334331,0.0759,0.6213,0.6213,1.0,558
1.0,1.0,1.0,0.52852,0.1068,0.5289,0.5289,1.0,559
1.0,1.0,1.0,0.662251,0.1253,0.4298,0.4298,1.0,560
1.0,1.0,1.0,0.21645645000000005,0.217325,0.20144,0.20144,1.0,561
1.0,1.0,1.0,0.119026,0.5879,0.6187,0.6187,1.0,562
1.0,1.0,1.0,0.240963,0.5743,0.6543,0.6543,1.0,563
1.0,1.0,1.0,0.358863,0.5809,0.6325,0.6325,1.0,564
1.0,1.0,1.0,0.484572,0.5638,0.6778,0.6778,1.0,565
1.0,1.0,1.0,0.64094025,0.463,0.714575,0.714575,1.0,566
1.0,1.0,1.0,0.495848,0.4282,0.8213,0.8213,1.0,567
1.0,1.0,1.0,0.357436,0.3964,0.8468,0.8468,1.0,568
1.0,1.0,1.0,0.199494,0.4791,0.8708,0.8708,1.0,569
1.0,1.0,1.0,0.034215,0.4747666666666667,0.8611333333333334,0.8611333333333334,1.0,570
1.0,1.0,1.0,0.0,0.4228,0.8574,0.8574,1.0,571
1.0,1.0,1.0,0.049518153846153844,0.22436153846153845,0.8313538461538462,0.8313538461538462,1.0,572
1.0,1.0,1.0,0.319215,0.117,0.6198,0.6198,1.0,573
1.0,1.0,1.0,0.357104,0.1606,0.529,0.529,1.0,574
1.0,1.0,1.0,0.31649849999999996,0.17625,0.35267499999999996,0.35267499999999996,1.0,575
1.0,1.0,1.0,0.1634989069767442,0.2770918604651162,0.4105523255813954,0.4105523255813954,1.0,576
1.0,1.0,1.0,0.165852,0.3527,0.5273,0.5273,1.0,577
1.0,1.0,1.0,0.325511,0.3307,0.5713,0.5713,1.0,578
1.0,1.0,1.0,0.467817,0.3576,0.6344,0.6344,1.0,579
1.0,1.0,1.0,0.59331125,0.39594999999999997,0.694525,0.694525,1.0,580
1.0,1.0,1.0,0.48391,0.4188,0.8132,0.8132,1.0,581
1.0,1.0,1.0,0.16011034558823525,0.24393235294117646,0.42510955882352924,0.42510955882352924,1.0,582
1.0,1.0,1.0,0.152015,0.332,0.3168,0.3168,1.0,583
1.0,1.0,1.0,0.287316,0.3942,0.2826,0.2826,1.0,584
1.0,1.0,1.0,0.402626,0.4453,0.2199,0.2199,1.0,585
1.0,1.0,1.0,0.5167372857142857,0.3984571428571429,0.10388571428571426,0.10388571428571426,1.0,586
1.0,1.0,1.0,0.037268,0.33178571428571424,0.20453571428571427,0.20453571428571427,1.0,587
1.0,1.0,1.0,0.172611,0.1146,0.1646,0.1646,1.0,588
1.0,1.0,1.0,0.34169156250000005,0.199340625,0.16916249999999994,0.16916249999999994,1.0,589
1.0,1.0,1.0,0.442134,0.3518,0.1829,0.1829,1.0,590
1.0,1.0,1.0,0.288457,0.4128,0.212,0.212,1.0,591
1.0,1.0,1.0,0.14139336781609202,0.33044252873563223,0.3387057471264368,0.3387057471264368,1.0,592
1.0,1.0,1.0,0.577102,0.0698,0.4068,0.4068,1.0,593
1.0,1.0,1.0,0.26640404545454544,0.11950909090909091,0.2723727272727272,0.2723727272727272,1.0,594
1.0,1.0,1.0,0.334719,0.0243,0.3588,0.3588,1.0,595
1.0,1.0,1.0,0.2493512272727273,0.20852272727272725,0.2383454545454545,0.2383454545454545,1.0,596
1.0,1.0,1.0,0.163995,0.1486,0.1107,0.1107,1.0,597
1.0,1.0,1.0,0.6823663750000001,0.154525,0.1001875,0.1001875,1.0,598
1.0,1.0,1.0,0.468704,0.2132,0.0922,0.0922,1.0,599
1.0,1.0,1.0,0.290507,0.2394,0.102,0.102,1.0,600
1.0,1.0,1.0,0.19823766666666667,0.26782380952380946,0.05882857142857142,0.05882857142857142,1.0,601
1.0,1.0,1.0,0.624713,0.2205,0.0289,0.0289,1.0,602
1.0,1.0,1.0,0.12985795000000003,0.34625249999999996,0.306145,0.306145,1.0,603
1.0,1.0,1.0,0.32439,0.3838,0.8308,0.8308,1.0,604
1.0,1.0,1.0,0.513588,0.4623,0.7955,0.7955,1.0,605
1.0,1.0,1.0,0.660273,0.4959,0.7247,0.7247,1.0,606
1.0,1.0,1.0,0.7457315,0.45135000000000003,0.650675,0.650675,1.0,607
1.0,1.0,1.0,0.595514,0.4006,0.6077,0.6077,1.0,608
1.0,1.0,1.0,0.446859,0.4294,0.6372,0.6372,1.0,609
1.0,1.0,1.0,0.27986,0.4609,0.6625,0.6625,1.0,610
1.0,1.0,1.0,0.132383,0.4687,0.6924,0.6924,1.0,611
1.0,1.0,1.0,0.021001000000000002,0.4887,0.7546999999999999,0.7546999999999999,1.0,612
1.0,1.0,1.0,0.0,0.5787,0.8205,0.8205,1.0,613
1.0,1.0,1.0,0.0,0.58945,0.8062,0.8062,1.0,614
1.0,1.0,1.0,0.009888571428571429,0.4044285714285714,0.5422285714285715,0.5422285714285715,1.0,615
1.0,1.0,1.0,0.189099,0.2204,0.2022,0.2022,1.0,616
1.0,1.0,1.0,0.365362,0.186,0.1672,0.1672,1.0,617
1.0,1.0,1.0,0.695337,0.14764285714285713,0.16325714285714285,0.16325714285714285,1.0,618
1.0,1.0,1.0,0.475791,0.1194,0.2024,0.2024,1.0,619
1.0,1.0,1.0,0.291973,0.1057,0.3076,0.3076,1.0,620
1.0,1.0,1.0,0.1254,0.1222,0.4378,0.4378,1.0,621
1.0,1.0,1.0,0.037001,0.1226,0.5777,0.5777,1.0,622
1.0,1.0,1.0,0.0013,0.23365,0.65435,0.65435,1.0,623
1.0,1.0,1.0,0.0,0.3362,0.6893,0.6893,1.0,624
1.0,1.0,1.0,0.008099375,0.4176875,0.49293750000000003,0.49293750000000003,1.0,625
1.0,1.0,1.0,0.179661,0.2415,0.2153,0.2153,1.0,626
1.0,1.0,1.0,0.337533,0.1429,0.1436,0.1436,1.0,627
1.0,1.0,1.0,0.498118,0.0865,0.117,0.117,1.0,628
1.0,1.0,1.0,0.6578059999999999,0.09656,0.11798000000000002,0.11798000000000002,1.0,629
1.0,1.0,1.0,0.460801,0.1114,0.1618,0.1618,1.0,630
1.0,1.0,1.0,0.269837,0.1081,0.2223,0.2223,1.0,631
1.0,1.0,1.0,0.12566,0.1407,0.3406,0.3406,1.0,632
1.0,1.0,1.0,0.049074,0.1354,0.3985,0.3985,1.0,633
1.0,1.0,1.0,0.0050553333333333336,0.1621,0.5261666666666667,0.5261666666666667,1.0,634
1.0,1.0,1.0,0.0,0.3332,0.501,0.501,1.0,635
1.0,1.0,1.0,0.24710875,0.298575,0.18023125000000004,0.18023125000000004,1.0,636
1.0,1.0,1.0,0.495305,0.1207,0.1076,0.1076,1.0,637
1.0,1.0,1.0,0.345511,0.1213,0.1041,0.1041,1.0,638
1.0,1.0,1.0,0.208781,0.0891,0.1067,0.1067,1.0,639
1.0,1.0,1.0,0.014922,0.24474615384615378,0.15479230769230767,0.15479230769230767,1.0,640
1.0,1.0,1.0,0.166384,0.3499,0.1318,0.1318,1.0,641
1.0,1.0,1.0,0.336102,0.3757,0.1194,0.1194,1.0,642
1.0,1.0,1.0,0.533356,0.4165,0.1285,0.1285,1.0,643
1.0,1.0,1.0,0.65209725,0.27707499999999996,0.1357,0.1357,1.0,644
1.0,1.0,1.0,0.116363,0.0888,0.2385,0.2385,1.0,645
1.0,1.0,1.0,0.006696333333333333,0.1721083333333333,0.4503500000000001,0.4503500000000001,1.0,646
1.0,1.0,1.0,0.091495,0.1069,0.5604,0.5604,1.0,647
1.0,1.0,1.0,0.1376924,0.11556,0.75084,0.75084,1.0,648
1.0,1.0,1.0,0.31910999999999995,0.22086666666666666,0.8306666666666667,0.8306666666666667,1.0,649
1.0,1.0,1.0,0.220081,0.3102,0.8275,0.8275,1.0,650
1.0,1.0,1.0,0.08819522222222223,0.37021666666666664,0.4881500000000001,0.4881500000000001,1.0,651
1.0,1.0,1.0,0.48745875,0.369475,0.5231250000000001,0.5231250000000001,1.0,652
1.0,1.0,1.0,0.387269,0.4562,0.5368,0.5368,1.0,653
1.0,1.0,1.0,0.06538217647058824,0.41197058823529414,0.5541058823529411,0.5541058823529411,1.0,654
1.0,1.0,1.0,0.549656,0.3414,0.5790666666666667,0.5790666666666667,1.0,655
1.0,1.0,1.0,0.6206965,0.3901,0.49425,0.49425,1.0,656
1.0,1.0,1.0,0.46399999999999997,0.31285,0.59795,0.59795,1.0,657
1.0,1.0,1.0,0.04349880000000001,0.4166333333333333,0.4578999999999999,0.4578999999999999,1.0,658
1.0,1.0,1.0,0.202434,0.5122,0.1555,0.1555,1.0,659
1.0,1.0,1.0,0.373645,0.3465,0.1625,0.1625,1.0,660
1.0,1.0,1.0,0.6921091428571428,0.2923142857142857,0.21322857142857146,0.21322857142857146,1.0,661
1.0,1.0,1.0,0.478095,0.1863,0.2857,0.2857,1.0,662
1.0,1.0,1.0,0.290685,0.1474,0.3617,0.3617,1.0,663
1.0,1.0,1.0,0.130601,0.1273,0.4014,0.4014,1.0,664
1.0,1.0,1.0,0.039199,0.1172,0.5203,0.5203,1.0,665
1.0,1.0,1.0,0.0011,0.1227,0.64315,0.64315,1.0,666
1.0,1.0,1.0,0.0,0.1695,0.6961,0.6961,1.0,667
1.0,1.0,1.0,0.04899790909090909,0.34402727272727274,0.6551818181818181,0.6551818181818181,1.0,668
1.0,1.0,1.0,0.441399,0.4605,0.7164,0.7164,1.0,669
1.0,1.0,1.0,0.676043,0.5534,0.7328,0.7328,1.0,670
1.0,1.0,1.0,0.803102,0.5533,0.763,0.763,1.0,671
1.0,1.0,1.0,0.796298,0.46975,0.73255,0.73255,1.0,672
1.0,1.0,1.0,0.657753,0.4182,0.7759,0.7759,1.0,673
1.0,1.0,1.0,0.492212,0.3985,0.83,0.83,1.0,674
1.0,1.0,1.0,0.29936,0.3993,0.8157,0.8157,1.0,675
1.0,1.0,1.0,0.131204,0.4495,0.8125,0.8125,1.0,676
1.0,1.0,1.0,0.0105505,0.5590999999999999,0.786,0.786,1.0,677
1.0,1.0,1.0,0.030337555555555555,0.5352555555555556,0.48162222222222223,0.48162222222222223,1.0,678
1.0,1.0,1.0,0.409687,0.2681,0.3139,0.3139,1.0,679
1.0,1.0,1.0,0.580597,0.1669,0.2789,0.2789,1.0,680
1.0,1.0,1.0,0.708913,0.2261,0.2891,0.2891,1.0,681
1.0,1.0,1.0,0.782525,0.2713,0.2493,0.2493,1.0,682
1.0,1.0,1.0,0.7586243333333332,0.3889,0.33593333333333336,0.33593333333333336,1.0,683
1.0,1.0,1.0,0.618319,0.3982,0.4234,0.4234,1.0,684
1.0,1.0,1.0,0.489387,0.4444,0.5093,0.5093,1.0,685
1.0,1.0,1.0,0.303417,0.348,0.661,0.661,1.0,686
1.0,1.0,1.0,0.21706119047619046,0.3808714285714285,0.48876190476190484,0.48876190476190484,1.0,687
1.0,1.0,1.0,0.350766,0.3299,0.1767,0.1767,1.0,688
1.0,1.0,1.0,0.261531,0.418,0.2423,0.2423,1.0,689
1.0,1.0,1.0,0.186208,0.4328,0.3106,0.3106,1.0,690
1.0,1.0,1.0,0.02672257142857143,0.546142857142857,0.41768571428571416,0.41768571428571416,1.0,691
1.0,1.0,1.0,0.345882,0.359,0.3838,0.3838,1.0,692
1.0,1.0,1.0,0.516223,0.2733,0.2269,0.2269,1.0,693
1.0,1.0,1.0,0.6548337999999999,0.36214,0.10446,0.10446,1.0,694
1.0,1.0,1.0,0.482134,0.4732,0.121,0.121,1.0,695
1.0,1.0,1.0,0.359262,0.4549,0.1103,0.1103,1.0,696
1.0,1.0,1.0,0.254931,0.4611,0.1372,0.1372,1.0,697
1.0,1.0,1.0,0.17144855263157896,0.30100263157894735,0.2916184210526315,0.2916184210526315,1.0,698
1.0,1.0,1.0,0.186693,0.1741,0.5841,0.5841,1.0,699
1.0,1.0,1.0,0.374586,0.1829,0.5344,0.5344,1.0,700
1.0,1.0,1.0,0.544136,0.218,0.6351,0.6351,1.0,701
1.0,1.0,1.0,0.6621186666666666,0.22943333333333335,0.6442333333333333,0.6442333333333333,1.0,702
1.0,1.0,1.0,0.627536,0.235,0.525,0.525,1.0,703
1.0,1.0,1.0,0.539639,0.1596,0.4475,0.4475,1.0,704
1.0,1.0,1.0,0.41006,0.1421,0.3832,0.3832,1.0,705
1.0,1.0,1.0,0.254624,0.1665,0.3784,0.3784,1.0,706
1.0,1.0,1.0,0.02492757142857143,0.22763571428571425,0.30742142857142857,0.30742142857142857,1.0,707
1.0,1.0,1.0,0.315021,0.2224,0.2257,0.2257,1.0,708
1.0,1.0,1.0,0.510831,0.2238,0.2253,0.2253,1.0,709
1.0,1.0,1.0,0.234589,0.20732765957446814,0.2414063829787234,0.2414063829787234,1.0,710
1.0,1.0,1.0,0.29513085714285714,0.3966,0.4476,0.4476,1.0,711
1.0,1.0,1.0,0.24246600000000001,0.47915,0.6341,0.6341,1.0,712
1.0,1.0,1.0,0.108847,0.5544,0.6891,0.6891,1.0,713
1.0,1.0,1.0,0.008183333333333332,0.5581083333333332,0.513575,0.513575,1.0,714
1.0,1.0,1.0,0.152988,0.4552,0.2396,0.2396,1.0,715
1.0,1.0,1.0,0.340388,0.5252,0.2275,0.2275,1.0,716
1.0,1.0,1.0,0.532421,0.5777,0.1998,0.1998,1.0,717
1.0,1.0,1.0,0.686217,0.6578,0.1819,0.1819,1.0,718
1.0,1.0,1.0,0.7261836,0.7168,0.11024,0.11024,1.0,719
1.0,1.0,1.0,0.445244,0.6059,0.1105,0.1105,1.0,720
1.0,1.0,1.0,0.275364,0.65,0.1822,0.1822,1.0,721
1.0,1.0,1.0,0.126601,0.6561,0.2852,0.2852,1.0,722
1.0,1.0,1.0,0.01836853846153846,0.6154076923076922,0.30422307692307693,0.30422307692307693,1.0,723
1.0,1.0,1.0,0.305992,0.431,0.1545,0.1545,1.0,724
1.0,1.0,1.0,0.504954,0.4862,0.125,0.125,1.0,725
1.0,1.0,1.0,0.7180791666666666,0.6597833333333334,0.14870000000000003,0.14870000000000003,1.0,726
1.0,1.0,1.0,0.461244,0.5004,0.166,0.166,1.0,727
1.0,1.0,1.0,0.283553,0.5428,0.1946,0.1946,1.0,728
1.0,1.0,1.0,0.125403,0.5636,0.2138,0.2138,1.0,729
1.0,1.0,1.0,0.04214414285714285,0.5108857142857144,0.21534999999999999,0.21534999999999999,1.0,730
1.0,1.0,1.0,0.532407,0.2991,0.103,0.103,1.0,731
1.0,1.0,1.0,0.690465,0.357,0.0909,0.0909,1.0,732
1.0,1.0,1.0,0.731347,0.5295400000000001,0.11484000000000001,0.11484000000000001,1.0,733
1.0,1.0,1.0,0.440915,0.5902,0.2095,0.2095,1.0,734
1.0,1.0,1.0,0.276004,0.5562,0.2502,0.2502,1.0,735
1.0,1.0,1.0,0.135812,0.5143,0.2887,0.2887,1.0,736
1.0,1.0,1.0,0.16678188888888887,0.27802222222222217,0.13470277777777775,0.13470277777777775,1.0,737
1.0,1.0,1.0,0.149396,0.4512,0.0556,0.0556,1.0,738
1.0,1.0,1.0,0.336484,0.4195,0.0671,0.0671,1.0,739
1.0,1.0,1.0,0.522163,0.3544,0.079,0.079,1.0,740
1.0,1.0,1.0,0.7048198333333332,0.42781666666666673,0.08485,0.08485,1.0,741
1.0,1.0,1.0,0.434903,0.3747,0.1615,0.1615,1.0,742
1.0,1.0,1.0,0.272252,0.3909,0.1998,0.1998,1.0,743
1.0,1.0,1.0,0.127802,0.4055,0.2284,0.2284,1.0,744
1.0,1.0,1.0,0.15266652631578945,0.3059657894736842,0.22507631578947365,0.22507631578947365,1.0,745
1.0,1.0,1.0,0.321215,0.2651,0.1776,0.1776,1.0,746
1.0,1.0,1.0,0.4677745,0.22205,0.14575,0.14575,1.0,747
1.0,1.0,1.0,0.25609106896551725,0.1904551724137931,0.3463344827586208,0.3463344827586208,1.0,748
1.0,1.0,1.0,0.151234,0.2527,0.3206,0.3206,1.0,749
1.0,1.0,1.0,0.082025,0.2384,0.4193,0.4193,1.0,750
1.0,1.0,1.0,0.03983071428571429,0.2142714285714286,0.5184,0.5184,1.0,751
1.0,1.0,1.0,0.480893,0.1585,0.2798,0.2798,1.0,752
1.0,1.0,1.0,0.621934,0.1337,0.2706,0.2706,1.0,753
1.0,1.0,1.0,0.70230025,0.12090000000000001,0.185825,0.185825,1.0,754
1.0,1.0,1.0,0.517485,0.1322,0.1602,0.1602,1.0,755
1.0,1.0,1.0,0.383216,0.1846,0.2027,0.2027,1.0,756
1.0,1.0,1.0,0.238999,0.1713,0.2952,0.2952,1.0,757
1.0,1.0,1.0,0.126787,0.1378,0.3522,0.3522,1.0,758
1.0,1.0,1.0,0.0210985,0.1708,0.3981,0.3981,1.0,759
1.0,1.0,1.0,0.0,0.2766,0.4637,0.4637,1.0,760
1.0,1.0,1.0,0.2075803125,0.22051874999999999,0.2084875,0.2084875,1.0,761
1.0,1.0,1.0,0.645084,0.2604,0.556,0.556,1.0,762
1.0,1.0,1.0,0.574901,0.348,0.6515,0.6515,1.0,763
1.0,1.0,1.0,0.418689,0.4156,0.7927,0.7927,1.0,764
1.0,1.0,1.0,0.253374,0.4368,0.8513,0.8513,1.0,765
1.0,1.0,1.0,0.114391,0.3732,0.8732,0.8732,1.0,766
1.0,1.0,1.0,0.010996333333333335,0.3645333333333333,0.9005666666666667,0.9005666666666667,1.0,767
1.0,1.0,1.0,0.0,0.5152,0.9051,0.9051,1.0,768
1.0,1.0,1.0,0.0,0.4281,0.9061,0.9061,1.0,769
1.0,1.0,1.0,0.007053142857142858,0.5620999999999999,0.8349428571428572,0.8349428571428572,1.0,770
1.0,1.0,1.0,0.149083,0.4371,0.684,0.684,1.0,771
1.0,1.0,1.0,0.275434,0.4139,0.6189,0.6189,1.0,772
1.0,1.0,1.0,0.403232,0.446,0.5352,0.5352,1.0,773
1.0,1.0,1.0,0.557982,0.4912,0.4898,0.4898,1.0,774
1.0,1.0,1.0,0.621788,0.3975666666666667,0.41806666666666664,0.41806666666666664,1.0,775
1.0,1.0,1.0,0.435124,0.3783,0.4889,0.4889,1.0,776
1.0,1.0,1.0,0.305457,0.4576,0.4888,0.4888,1.0,777
1.0,1.0,1.0,0.201358,0.4412,0.5443,0.5443,1.0,778
1.0,1.0,1.0,0.0819685,0.5093000000000001,0.62015,0.62015,1.0,779
1.0,1.0,1.0,0.006193333333333333,0.5955666666666667,0.6558,0.6558,1.0,780
1.0,1.0,1.0,0.012641099999999999,0.5249,0.48507,0.48507,1.0,781
1.0,1.0,1.0,0.190883,0.4469,0.3209,0.3209,1.0,782
1.0,1.0,1.0,0.323388,0.4576,0.2244,0.2244,1.0,783
1.0,1.0,1.0,0.45301,0.4802,0.1822,0.1822,1.0,784
1.0,1.0,1.0,0.6111166,0.6431800000000001,0.16498,0.16498,1.0,785
1.0,1.0,1.0,0.42087,0.7602,0.1253,0.1253,1.0,786
1.0,1.0,1.0,0.25775,0.7667,0.109,0.109,1.0,787
1.0,1.0,1.0,0.09007889473684212,0.24513684210526313,0.24455263157894738,0.24455263157894738,1.0,788
1.0,1.0,1.0,0.327787,0.0183,0.3159,0.3159,1.0,789
1.0,1.0,1.0,0.35689193548387094,0.21005806451612904,0.2101903225806452,0.2101903225806452,1.0,790
1.0,1.0,1.0,0.447212,0.282,0.2607,0.2607,1.0,791
1.0,1.0,1.0,0.271001,0.3021,0.2748,0.2748,1.0,792
1.0,1.0,1.0,0.02673206666666667,0.28451333333333334,0.32583333333333336,0.32583333333333336,1.0,793
1.0,1.0,1.0,0.255515,0.0626,0.2934,0.2934,1.0,794
1.0,1.0,1.0,0.5406538,0.13966,0.28434,0.28434,1.0,795
1.0,1.0,1.0,0.547596,0.3157,0.3955,0.3955,1.0,796
1.0,1.0,1.0,0.376801,0.3593,0.4788,0.4788,1.0,797
1.0,1.0,1.0,0.215937,0.4547,0.5321,0.5321,1.0,798
1.0,1.0,1.0,0.087055,0.472,0.5701,0.5701,1.0,799
1.0,1.0,1.0,0.009597333333333334,0.5893,0.6089666666666665,0.6089666666666665,1.0,800
1.0,1.0,1.0,0.004132444444444444,0.5665111111111112,0.7407666666666667,0.7407666666666667,1.0,801
1.0,1.0,1.0,0.122398,0.3641,0.8795,0.8795,1.0,802
1.0,1.0,1.0,0.266916,0.3244,0.8673,0.8673,1.0,803
1.0,1.0,1.0,0.397879,0.3325,0.8378,0.8378,1.0,804
1.0,1.0,1.0,0.47976,0.3277,0.8278,0.8278,1.0,805
1.0,1.0,1.0,0.565483,0.4511,0.8025,0.8025,1.0,806
1.0,1.0,1.0,0.645709,0.526,0.759,0.759,1.0,807
1.0,1.0,1.0,0.5802665,0.5518000000000001,0.6778,0.6778,1.0,808
1.0,1.0,1.0,0.43073,0.5878,0.6279,0.6279,1.0,809
1.0,1.0,1.0,0.337551,0.6123,0.6753,0.6753,1.0,810
1.0,1.0,1.0,0.219578,0.5645,0.6053,0.6053,1.0,811
1.0,1.0,1.0,0.111043,0.5427,0.6314,0.6314,1.0,812
1.0,1.0,1.0,0.0159,0.6122,0.62645,0.62645,1.0,813
1.0,1.0,1.0,0.0,0.739,0.6589,0.6589,1.0,814
1.0,1.0,1.0,0.017960200000000003,0.6840400000000001,0.8340099999999999,0.8340099999999999,1.0,815
1.0,1.0,1.0,0.315028,0.5562,0.7307,0.7307,1.0,816
1.0,1.0,1.0,0.522637,0.5608,0.5983,0.5983,1.0,817
1.0,1.0,1.0,0.684947,0.5622,0.5142,0.5142,1.0,818
1.0,1.0,1.0,0.793772,0.5944,0.4271,0.4271,1.0,819
1.0,1.0,1.0,0.837286,0.5145,0.3607,0.3607,1.0,820
1.0,1.0,1.0,0.823918,0.5178,0.2645,0.2645,1.0,821
1.0,1.0,1.0,0.763787,0.4817,0.1894,0.1894,1.0,822
1.0,1.0,1.0,0.636915,0.5193,0.1653,0.1653,1.0,823
1.0,1.0,1.0,0.462234,0.526,0.1341,0.1341,1.0,824
1.0,1.0,1.0,0.276998,0.5032,0.1018,0.1018,1.0,825
1.0,1.0,1.0,0.1104981304347826,0.33782173913043484,0.5036999999999999,0.5036999999999999,1.0,826
1.0,1.0,1.0,0.190567,0.1465,0.8192,0.8192,1.0,827
1.0,1.0,1.0,0.15301217241379314,0.14259741379310345,0.2773827586206898,0.2773827586206898,1.0,828
1.0,1.0,1.0,0.444172,0.25,0.3587,0.3587,1.0,829
1.0,1.0,1.0,0.315896,0.2705,0.3938,0.3938,1.0,830
1.0,1.0,1.0,0.201514,0.3291,0.4066,0.4066,1.0,831
1.0,1.0,1.0,0.20005994285714285,0.20307285714285722,0.19299428571428567,0.19299428571428567,1.0,832
1.0,1.0,1.0,0.555232,0.1708,0.3798,0.3798,1.0,833
1.0,1.0,1.0,0.406977,0.1813,0.4588,0.4588,1.0,834
1.0,1.0,1.0,0.227764,0.2236,0.5155,0.5155,1.0,835
1.0,1.0,1.0,0.095401,0.1921,0.5475,0.5475,1.0,836
1.0,1.0,1.0,0.0106,0.2398,0.5872999999999999,0.5872999999999999,1.0,837
1.0,1.0,1.0,0.0,0.3474,0.5173,0.5173,1.0,838
1.0,1.0,1.0,0.1643702941176471,0.2169705882352941,0.20964117647058822,0.20964117647058822,1.0,839
1.0,1.0,1.0,0.203964,0.4407,0.3584,0.3584,1.0,840
1.0,1.0,1.0,0.338708,0.5222,0.3746,0.3746,1.0,841
1.0,1.0,1.0,0.460283,0.5313,0.3824,0.3824,1.0,842
1.0,1.0,1.0,0.54042725,0.6005499999999999,0.481125,0.481125,1.0,843
1.0,1.0,1.0,0.448724,0.6463,0.6663,0.6663,1.0,844
1.0,1.0,1.0,0.30603,0.6786,0.7472,0.7472,1.0,845
1.0,1.0,1.0,0.173691,0.7343,0.8243,0.8243,1.0,846
1.0,1.0,1.0,0.007803538461538461,0.6694384615384615,0.8890153846153847,0.8890153846153847,1.0,847
1.0,1.0,1.0,0.114746,0.453,0.8408,0.8408,1.0,848
1.0,1.0,1.0,0.250744,0.408,0.7575,0.7575,1.0,849
1.0,1.0,1.0,0.465061,0.4197,0.7178,0.7178,1.0,850
1.0,1.0,1.0,0.616489,0.4809,0.6244,0.6244,1.0,851
1.0,1.0,1.0,0.724762,0.5703,0.4674,0.4674,1.0,852
1.0,1.0,1.0,0.766791,0.6049,0.3512,0.3512,1.0,853
1.0,1.0,1.0,0.751312,0.5931,0.2515,0.2515,1.0,854
1.0,1.0,1.0,0.6015634999999999,0.48560000000000003,0.14400000000000002,0.14400000000000002,1.0,855
1.0,1.0,1.0,0.343578,0.4901,0.1308,0.1308,1.0,856
1.0,1.0,1.0,0.188021,0.4608,0.1013,0.1013,1.0,857
1.0,1.0,1.0,0.076886,0.4642,0.0878,0.0878,1.0,858
1.0,1.0,1.0,0.19625318681318685,0.14110109890109884,0.11811538461538458,0.11811538461538458,1.0,859
1.0,1.0,1.0,0.152604,0.1952,0.3206,0.3206,1.0,860
1.0,1.0,1.0,0.11417,0.22,0.4219,0.4219,1.0,861
1.0,1.0,1.0,0.017501375,0.25286875,0.7534937500000001,0.7534937500000001,1.0,862
1.0,1.0,1.0,0.174507,0.208,0.5355,0.5355,1.0,863
1.0,1.0,1.0,0.261982,0.2188,0.5084,0.5084,1.0,864
1.0,1.0,1.0,0.13983059090909092,0.1665909090909091,0.4993409090909091,0.4993409090909091,1.0,865
1.0,1.0,1.0,0.144047,0.1493,0.5771,0.5771,1.0,866
1.0,1.0,1.0,0.236543,0.1008,0.5891,0.5891,1.0,867
1.0,1.0,1.0,0.36092,0.0928,0.6065,0.6065,1.0,868
1.0,1.0,1.0,0.4741603333333333,0.05878333333333333,0.5718666666666666,0.5718666666666666,1.0,869
1.0,1.0,1.0,0.1751921785714286,0.14334821428571431,0.16145803571428577,0.16145803571428577,1.0,870
1.0,1.0,1.0,0.484807,0.2464,0.1358,0.1358,1.0,871
1.0,1.0,1.0,0.7192686666666667,0.13106666666666666,0.19210000000000002,0.19210000000000002,1.0,872
1.0,1.0,1.0,0.754806,0.1106,0.3251,0.3251,1.0,873
1.0,1.0,1.0,0.679519,0.1081,0.4278,0.4278,1.0,874
1.0,1.0,1.0,0.551612,0.1164,0.4856,0.4856,1.0,875
1.0,1.0,1.0,0.389308,0.1559,0.5467,0.5467,1.0,876
1.0,1.0,1.0,0.20794,0.1387,0.6443,0.6443,1.0,877
1.0,1.0,1.0,0.020206250000000002,0.19772499999999998,0.63455,0.63455,1.0,878
1.0,1.0,1.0,0.0,0.3949,0.6386,0.6386,1.0,879
1.0,1.0,1.0,0.02490690909090909,0.3342636363636364,0.5392363636363636,0.5392363636363636,1.0,880
1.0,1.0,1.0,0.226617,0.1948,0.3589,0.3589,1.0,881
1.0,1.0,1.0,0.19523790677966096,0.18354491525423727,0.09750084745762709,0.09750084745762709,1.0,882
1.0,1.0,1.0,0.417577,0.2341,0.0565,0.0565,1.0,883
1.0,1.0,1.0,0.6307323333333333,0.30660000000000004,0.055583333333333325,0.055583333333333325,1.0,884
1.0,1.0,1.0,0.385963,0.3508,0.1254,0.1254,1.0,885
1.0,1.0,1.0,0.20022487234042552,0.21133191489361705,0.19702340425531917,0.19702340425531917,1.0,886
1.0,1.0,1.0,0.350948,0.1678,0.282,0.282,1.0,887
1.0,1.0,1.0,0.22097036956521737,0.2723282608695653,0.1349934782608696,0.1349934782608696,1.0,888
1.0,1.0,1.0,0.428251,0.2555,0.1908,0.1908,1.0,889
1.0,1.0,1.0,0.29791,0.2983,0.2459,0.2459,1.0,890
1.0,1.0,1.0,0.168046,0.3917,0.3173,0.3173,1.0,891
1.0,1.0,1.0,0.005035076923076923,0.47856923076923075,0.6053615384615385,0.6053615384615385,1.0,892
1.0,1.0,1.0,0.041152,0.3833,0.6391,0.6391,1.0,893
1.0,1.0,1.0,0.099407,0.3055,0.5365,0.5365,1.0,894
1.0,1.0,1.0,0.219838,0.3226,0.463,0.463,1.0,895
1.0,1.0,1.0,0.384424,0.3777,0.3485,0.3485,1.0,896
1.0,1.0,1.0,0.547572,0.3924,0.2935,0.2935,1.0,897
1.0,1.0,1.0,0.6474036666666667,0.4182333333333334,0.3311,0.3311,1.0,898
1.0,1.0,1.0,0.496734,0.4231,0.3597,0.3597,1.0,899
1.0,1.0,1.0,0.316286,0.5144,0.3312,0.3312,1.0,900
1.0,1.0,1.0,0.178601,0.6021,0.3002,0.3002,1.0,901
1.0,1.0,1.0,0.012026357142857142,0.6255714285714286,0.5756357142857143,0.5756357142857143,1.0,902
1.0,1.0,1.0,0.27097,0.6223,0.358,0.358,1.0,903
1.0,1.0,1.0,0.487802,0.5633,0.3131,0.3131,1.0,904
1.0,1.0,1.0,0.668011,0.5802,0.2795,0.2795,1.0,905
1.0,1.0,1.0,0.79351875,0.6651750000000001,0.17835,0.17835,1.0,906
1.0,1.0,1.0,0.634207,0.7428,0.1165,0.1165,1.0,907
1.0,1.0,1.0,0.428903,0.7176,0.132,0.132,1.0,908
1.0,1.0,1.0,0.203822,0.6684,0.1461,0.1461,1.0,909
1.0,1.0,1.0,0.005233666666666667,0.6713166666666667,0.23037499999999997,0.23037499999999997,1.0,910
1.0,1.0,1.0,0.010998,0.8159,0.2025,0.2025,1.0,911
1.0,1.0,1.0,0.093391,0.7856,0.1895,0.1895,1.0,912
1.0,1.0,1.0,0.262357,0.6906,0.1795,0.1795,1.0,913
1.0,1.0,1.0,0.475403,0.5736,0.1723,0.1723,1.0,914
1.0,1.0,1.0,0.650268,0.5975,0.1457,0.1457,1.0,915
1.0,1.0,1.0,0.7936316666666666,0.6171666666666668,0.19633333333333333,0.19633333333333333,1.0,916
1.0,1.0,1.0,0.724054,0.721,0.3008,0.3008,1.0,917
1.0,1.0,1.0,0.582948,0.7022,0.3845,0.3845,1.0,918
1.0,1.0,1.0,0.398184,0.5492,0.449,0.449,1.0,919
1.0,1.0,1.0,0.200227,0.5242,0.5319,0.5319,1.0,920
1.0,1.0,1.0,0.011812214285714285,0.7018714285714286,0.7484285714285714,0.7484285714285714,1.0,921
1.0,1.0,1.0,0.248697,0.5872,0.8033,0.8033,1.0,922
1.0,1.0,1.0,0.413486,0.5148,0.8047,0.8047,1.0,923
1.0,1.0,1.0,0.555356,0.4818,0.8209,0.8209,1.0,924
1.0,1.0,1.0,0.6593513333333334,0.4364333333333333,0.8528666666666668,0.8528666666666668,1.0,925
1.0,1.0,1.0,0.564761,0.5241,0.8762,0.8762,1.0,926
1.0,1.0,1.0,0.467555,0.5987,0.8975,0.8975,1.0,927
1.0,1.0,1.0,0.33208,0.6503,0.8954,0.8954,1.0,928
1.0,1.0,1.0,0.162351,0.6624,0.8916,0.8916,1.0,929
1.0,1.0,1.0,0.0260464,0.5663333333333334,0.7472866666666668,0.7472866666666668,1.0,930
1.0,1.0,1.0,0.453652,0.1478,0.6241,0.6241,1.0,931
1.0,1.0,1.0,0.618152,0.1503,0.583,0.583,1.0,932
1.0,1.0,1.0,0.6645622499999999,0.115175,0.47185,0.47185,1.0,933
1.0,1.0,1.0,0.489479,0.1027,0.3531,0.3531,1.0,934
1.0,1.0,1.0,0.311507,0.0726,0.3218,0.3218,1.0,935
1.0,1.0,1.0,0.12080537209302326,0.1671174418604651,0.24873488372093025,0.24873488372093025,1.0,936
1.0,1.0,1.0,0.1058662,0.22268,0.9120800000000001,0.9120800000000001,1.0,937
1.0,1.0,1.0,0.1362873478260869,0.17844782608695653,0.30153043478260866,0.30153043478260866,1.0,938
1.0,1.0,1.0,0.246668,0.5605,0.6443,0.6443,1.0,939
1.0,1.0,1.0,0.4446076666666667,0.5685666666666667,0.7028666666666666,0.7028666666666666,1.0,940
1.0,1.0,1.0,0.28976875,0.6709499999999999,0.8681749999999999,0.8681749999999999,1.0,941
1.0,1.0,1.0,0.0099426,0.7441666666666668,0.85132,0.85132,1.0,942
1.0,1.0,1.0,0.117226,0.5503,0.4413,0.4413,1.0,943
1.0,1.0,1.0,0.205753,0.5149,0.3904,0.3904,1.0,944
1.0,1.0,1.0,0.309271,0.4753,0.349,0.349,1.0,945
1.0,1.0,1.0,0.369145,0.3758,0.242,0.242,1.0,946
1.0,1.0,1.0,0.11813604999999998,0.37976,0.42105,0.42105,1.0,947
1.0,1.0,1.0,0.239619,0.3885,0.5375,0.5375,1.0,948
1.0,1.0,1.0,0.17319108,0.549908,0.6421000000000001,0.6421000000000001,1.0,949
1.0,1.0,1.0,0.653256,0.319,0.3097,0.3097,1.0,950
1.0,1.0,1.0,0.73482725,0.33047499999999996,0.11902499999999999,0.11902499999999999,1.0,951
1.0,1.0,1.0,0.510662,0.3377,0.0396,0.0396,1.0,952
1.0,1.0,1.0,0.22343398591549296,0.3153971830985917,0.15381549295774644,0.15381549295774644,1.0,953
1.0,1.0,1.0,0.539946,0.0708,0.3381,0.3381,1.0,954
1.0,1.0,1.0,0.326797,0.1062,0.3888,0.3888,1.0,955
1.0,1.0,1.0,0.032133588235294115,0.39480588235294123,0.37268235294117646,0.37268235294117646,1.0,956
1.0,1.0,1.0,0.408638,0.3125,0.3459,0.3459,1.0,957
1.0,1.0,1.0,0.6169675,0.35750000000000004,0.32084999999999997,0.32084999999999997,1.0,958
1.0,1.0,1.0,0.636741,0.53215,0.30274999999999996,0.30274999999999996,1.0,959
1.0,1.0,1.0,0.462705,0.582,0.3393,0.3393,1.0,960
1.0,1.0,1.0,0.298524,0.5586,0.401,0.401,1.0,961
1.0,1.0,1.0,0.127004,0.5463,0.4224,0.4224,1.0,962
1.0,1.0,1.0,0.006942928571428571,0.6579571428571428,0.5636214285714286,0.5636214285714286,1.0,963
1.0,1.0,1.0,0.239783,0.6969,0.352,0.352,1.0,964
1.0,1.0,1.0,0.468939,0.6926,0.3325,0.3325,1.0,965
1.0,1.0,1.0,0.651783,0.7415,0.3251,0.3251,1.0,966
1.0,1.0,1.0,0.756448,0.666275,0.22244999999999998,0.22244999999999998,1.0,967
1.0,1.0,1.0,0.562568,0.7033,0.2169,0.2169,1.0,968
1.0,1.0,1.0,0.330805,0.6757,0.2077,0.2077,1.0,969
1.0,1.0,1.0,0.01488193333333333,0.6319733333333333,0.23156666666666667,0.23156666666666667,1.0,970
1.0,1.0,1.0,0.237962,0.4253,0.0602,0.0602,1.0,971
1.0,1.0,1.0,0.1373915714285714,0.49196938775510207,0.554808163265306,0.554808163265306,1.0,972
1.0,1.0,1.0,0.43874,0.6396,0.4469,0.4469,1.0,973
1.0,1.0,1.0,0.6757505,0.675675,0.42682499999999995,0.42682499999999995,1.0,974
1.0,1.0,1.0,0.531953,0.6461,0.4831,0.4831,1.0,975
1.0,1.0,1.0,0.318666,0.5784,0.4126,0.4126,1.0,976
1.0,1.0,1.0,0.122593,0.5569,0.4523,0.4523,1.0,977
1.0,1.0,1.0,0.005715428571428572,0.30802857142857143,0.6864571428571429,0.6864571428571429,1.0,978
1.0,1.0,1.0,0.231224,0.0709,0.6263,0.6263,1.0,979
1.0,1.0,1.0,0.454417,0.0362,0.531,0.531,1.0,980
1.0,1.0,1.0,0.17479541999999998,0.16435200000000003,0.22776199999999988,0.22776199999999988,1.0,981
1.0,1.0,1.0,0.5691896666666667,0.18313333333333334,0.17689999999999997,0.17689999999999997,1.0,982
1.0,1.0,1.0,0.04766088235294118,0.3800823529411764,0.5552294117647059,0.5552294117647059,1.0,983
1.0,1.0,1.0,0.208093,0.3596,0.2886,0.2886,1.0,984
1.0,1.0,1.0,0.417881,0.3278,0.2394,0.2394,1.0,985
1.0,1.0,1.0,0.606401,0.3744,0.2328,0.2328,1.0,986
1.0,1.0,1.0,0.7624666666666666,0.4519333333333333,0.1832,0.1832,1.0,987
1.0,1.0,1.0,0.694521,0.5496,0.1274,0.1274,1.0,988
1.0,1.0,1.0,0.528534,0.5214,0.1205,0.1205,1.0,989
1.0,1.0,1.0,0.280417,0.4902,0.1099,0.1099,1.0,990
1.0,1.0,1.0,0.13993426666666667,0.31007333333333326,0.24254444444444445,0.24254444444444445,1.0,991
1.0,1.0,1.0,0.468154,0.3039,0.6145,0.6145,1.0,992
1.0,1.0,1.0,0.0534189268292683,0.47547804878048794,0.784468292682927,0.784468292682927,1.0,993
1.0,1.0,1.0,0.120074,0.5905,0.556,0.556,1.0,994
1.0,1.0,1.0,0.233921,0.5974,0.4914,0.4914,1.0,995
1.0,1.0,1.0,0.362967,0.5898,0.5277,0.5277,1.0,996
1.0,1.0,1.0,0.08778671962616824,0.2444392523364486,0.28943504672897197,0.28943504672897197,1.0,997
1.0,1.0,1.0,0.18029299999999998,0.45755,0.73985,0.73985,1.0,998
1.0,1.0,1.0,0.291899,0.4439,0.8212,0.8212,1.0,999
1.0,1.0,1.0,0.060260000000000015,0.6213150000000001,0.677805,0.677805,1.0,1000
1.0,1.0,1.0,0.161606,0.4378,0.1012,0.1012,1.0,1001
1.0,1.0,1.0,0.376068,0.2483,0.0849,0.0849,1.0,1002
1.0,1.0,1.0,0.561863,0.1432,0.0646,0.0646,1.0,1003
1.0,1.0,1.0,0.674099,0.063825,0.026425,0.026425,1.0,1004
1.0,1.0,1.0,0.428005,0.0541,0.0212,0.0212,1.0,1005
1.0,1.0,1.0,0.018777375,0.140625,0.1479,0.1479,1.0,1006
1.0,1.0,1.0,0.154001,0.3192,0.1569,0.1569,1.0,1007
1.0,1.0,1.0,0.17220547058823532,0.19291764705882355,0.10505294117647059,0.10505294117647059,1.0,1008
1.0,1.0,1.0,0.0,0.066125,0.5960000000000001,0.5960000000000001,1.0,1009
1.0,1.0,1.0,0.07070545283018867,0.38291320754716973,0.6224433962264151,0.6224433962264151,1.0,1010
1.0,1.0,1.0,0.302199,0.8242,0.5795,0.5795,1.0,1011
1.0,1.0,1.0,0.06497293181818183,0.6740772727272726,0.632815909090909,0.632815909090909,1.0,1012
1.0,1.0,1.0,0.128185,0.5373,0.3193,0.3193,1.0,1013
1.0,1.0,1.0,0.278068,0.4938,0.2476,0.2476,1.0,1014
1.0,1.0,1.0,0.3760686,0.61238,0.1552,0.1552,1.0,1015
1.0,1.0,1.0,0.174158,0.5866,0.1103,0.1103,1.0,1016
1.0,1.0,1.0,0.0082596875,0.3445,0.39093125,0.39093125,1.0,1017
1.0,1.0,1.0,0.079887,0.2148,0.8957,0.8957,1.0,1018
1.0,1.0,1.0,0.172305,0.1873,0.8914,0.8914,1.0,1019
1.0,1.0,1.0,0.07811502127659575,0.29457872340425534,0.8246617021276595,0.8246617021276595,1.0,1020
1.0,1.0,1.0,0.313878,0.3771,0.7018000000000001,0.7018000000000001,1.0,1021
1.0,1.0,1.0,0.305998,0.5635,0.6255,0.6255,1.0,1022
1.0,1.0,1.0,0.032353349999999996,0.7221,0.43871000000000004,0.43871000000000004,1.0,1023
1.0,1.0,1.0,0.251773,0.4258,0.1998,0.1998,1.0,1024
1.0,1.0,1.0,0.08050392857142857,0.3227742857142858,0.40228428571428576,0.40228428571428576,1.0,1025
1.0,1.0,1.0,0.193789,0.4611,0.6882,0.6882,1.0,1026
1.0,1.0,1.0,0.326399,0.3808,0.5537,0.5537,1.0,1027
1.0,1.0,1.0,0.409077,0.3505,0.4653,0.4653,1.0,1028
1.0,1.0,1.0,0.45054566666666673,0.2718333333333333,0.4041333333333333,0.4041333333333333,1.0,1029
1.0,1.0,1.0,0.269519,0.2553,0.352,0.352,1.0,1030
1.0,1.0,1.0,0.010462687500000002,0.38905000000000006,0.5092,0.5092,1.0,1031
1.0,1.0,1.0,0.144581,0.3187,0.4223,0.4223,1.0,1032
1.0,1.0,1.0,0.32909,0.2565,0.383,0.383,1.0,1033
1.0,1.0,1.0,0.5378149999999999,0.2542,0.425875,0.425875,1.0,1034
1.0,1.0,1.0,0.366918,0.3129,0.478,0.478,1.0,1035
1.0,1.0,1.0,0.258489,0.4104,0.5945,0.5945,1.0,1036
1.0,1.0,1.0,0.127295,0.4548,0.6815,0.6815,1.0,1037
1.0,1.0,1.0,0.011222625,0.7503125000000002,0.7976874999999999,0.7976874999999999,1.0,1038
1.0,1.0,1.0,0.343829,0.8323,0.8223,0.8223,1.0,1039
1.0,1.0,1.0,0.500148,0.8042,0.8183,0.8183,1.0,1040
1.0,1.0,1.0,0.61105125,0.8140000000000001,0.714,0.714,1.0,1041
1.0,1.0,1.0,0.37326,0.7932,0.7152,0.7152,1.0,1042
1.0,1.0,1.0,0.013759312499999999,0.7661875,0.57140625,0.57140625,1.0,1043
1.0,1.0,1.0,0.128889,0.6728,0.3237,0.3237,1.0,1044
1.0,1.0,1.0,0.279734,0.696,0.3042,0.3042,1.0,1045
1.0,1.0,1.0,0.4070458,0.68144,0.19132,0.19132,1.0,1046
1.0,1.0,1.0,0.08803280219780217,0.2313076923076923,0.11484615384615383,0.11484615384615383,1.0,1047
1.0,1.0,1.0,0.3541866,0.029759999999999998,0.31070000000000003,0.31070000000000003,1.0,1048
1.0,1.0,1.0,0.01996012121212121,0.4371242424242424,0.7667651515151515,0.7667651515151515,1.0,1049
1.0,1.0,1.0,0.18857600000000002,0.6985,0.8822,0.8822,1.0,1050
1.0,1.0,1.0,0.2474046666666667,0.7543000000000001,0.8043666666666667,0.8043666666666667,1.0,1051
1.0,1.0,1.0,0.180978,0.6623,0.7769,0.7769,1.0,1052
1.0,1.0,1.0,0.017393,0.6997000000000001,0.7417000000000001,0.7417000000000001,1.0,1053
1.0,1.0,1.0,0.05626862195121949,0.27565487804878047,0.45564024390243907,0.45564024390243907,1.0,1054
1.0,1.0,1.0,0.303766,0.3151,0.4262,0.4262,1.0,1055
1.0,1.0,1.0,0.44386749999999997,0.28015,0.39445,0.39445,1.0,1056
1.0,1.0,1.0,0.4025295,0.4293,0.39339999999999997,0.39339999999999997,1.0,1057
1.0,1.0,1.0,0.017424812499999998,0.688625,0.5126875000000001,0.5126875000000001,1.0,1058
1.0,1.0,1.0,0.089036,0.691,0.4069,0.4069,1.0,1059
1.0,1.0,1.0,0.272163,0.6132,0.4023,0.4023,1.0,1060
1.0,1.0,1.0,0.5099826000000001,0.63134,0.32982,0.32982,1.0,1061
1.0,1.0,1.0,0.24599,0.6274,0.2373,0.2373,1.0,1062
1.0,1.0,1.0,0.05321315000000001,0.3933700000000001,0.2621975,0.2621975,1.0,1063
1.0,1.0,1.0,0.100394,0.4121,0.1345,0.1345,1.0,1064
1.0,1.0,1.0,0.304203,0.4148,0.1367,0.1367,1.0,1065
1.0,1.0,1.0,0.506685,0.4897,0.1191,0.1191,1.0,1066
1.0,1.0,1.0,0.6473463333333332,0.5167,0.09636666666666667,0.09636666666666667,1.0,1067
1.0,1.0,1.0,0.484043,0.5323,0.0641,0.0641,1.0,1068
1.0,1.0,1.0,0.299878,0.4304,0.0612,0.0612,1.0,1069
1.0,1.0,1.0,0.103991,0.3713,0.0899,0.0899,1.0,1070
1.0,1.0,1.0,0.006197,0.3268,0.0915,0.0915,1.0,1071
1.0,1.0,1.0,0.0,0.3683,0.1387,0.1387,1.0,1072
1.0,1.0,1.0,0.015492435897435894,0.3636692307692307,0.792751282051282,0.792751282051282,1.0,1073
1.0,1.0,1.0,0.3180632,0.72644,0.8926000000000001,0.8926000000000001,1.0,1074
1.0,1.0,1.0,0.014893499999999997,0.7115555555555555,0.9011,0.9011,1.0,1075
1.0,1.0,1.0,0.273258,0.5296,0.8761,0.8761,1.0,1076
1.0,1.0,1.0,0.467231,0.5668,0.8582,0.8582,1.0,1077
1.0,1.0,1.0,0.638278,0.5938333333333333,0.7902666666666667,0.7902666666666667,1.0,1078
1.0,1.0,1.0,0.484304,0.6443,0.6779,0.6779,1.0,1079
1.0,1.0,1.0,0.27692,0.658,0.6379,0.6379,1.0,1080
1.0,1.0,1.0,0.006165749999999999,0.7544374999999999,0.5457625,0.5457625,1.0,1081
1.0,1.0,1.0,0.078281,0.7483,0.4125,0.4125,1.0,1082
1.0,1.0,1.0,0.2425,0.6644,0.4234,0.4234,1.0,1083
1.0,1.0,1.0,0.405419,0.6575,0.4108,0.4108,1.0,1084
1.0,1.0,1.0,0.5658606666666666,0.6222,0.30956666666666666,0.30956666666666666,1.0,1085
1.0,1.0,1.0,0.456153,0.5137,0.183,0.183,1.0,1086
1.0,1.0,1.0,0.06787488372093023,0.3384325581395349,0.2947581395348837,0.2947581395348837,1.0,1087
1.0,1.0,1.0,0.332703,0.4112,0.4398,0.4398,1.0,1088
1.0,1.0,1.0,0.48180833333333334,0.34356666666666663,0.4366666666666667,0.4366666666666667,1.0,1089
1.0,1.0,1.0,0.360537,0.2944,0.4554,0.4554,1.0,1090
1.0,1.0,1.0,0.02086152380952381,0.7065619047619047,0.7993047619047621,0.7993047619047621,1.0,1091
1.0,1.0,1.0,0.090409,0.512,0.7016,0.7016,1.0,1092
1.0,1.0,1.0,0.02563788888888889,0.6134333333333333,0.5202222222222223,0.5202222222222223,1.0,1093
1.0,1.0,1.0,0.0,0.5719,0.7221,0.7221,1.0,1094
1.0,1.0,1.0,0.024874000000000004,0.3903272727272727,0.7985363636363637,0.7985363636363637,1.0,1095
1.0,1.0,1.0,0.5213612,0.14866,0.7993,0.7993,1.0,1096
1.0,1.0,1.0,0.283768,0.1582,0.8181,0.8181,1.0,1097
1.0,1.0,1.0,0.01763422222222222,0.1353777777777778,0.7039777777777778,0.7039777777777778,1.0,1098
1.0,1.0,1.0,0.3336054,0.05022,0.65298,0.65298,1.0,1099
1.0,1.0,1.0,0.10637845714285711,0.21126333333333333,0.33523666666666674,0.33523666666666674,1.0,1100
1.0,1.0,1.0,0.109939,0.2407,0.686,0.686,1.0,1101
1.0,1.0,1.0,0.251472,0.251,0.7095,0.7095,1.0,1102
1.0,1.0,1.0,0.41079224999999997,0.272775,0.732975,0.732975,1.0,1103
1.0,1.0,1.0,0.210643,0.364,0.8052,0.8052,1.0,1104
1.0,1.0,1.0,0.05005204878048782,0.7861365853658538,0.8935219512195125,0.8935219512195125,1.0,1105
1.0,1.0,1.0,0.199262,0.7277,0.7907,0.7907,1.0,1106
1.0,1.0,1.0,0.378533,0.7307,0.7683,0.7683,1.0,1107
1.0,1.0,1.0,0.49349899999999997,0.7454333333333333,0.6218333333333333,0.6218333333333333,1.0,1108
1.0,1.0,1.0,0.388068,0.7595,0.5139,0.5139,1.0,1109
1.0,1.0,1.0,0.243843,0.7569,0.5048,0.5048,1.0,1110
1.0,1.0,1.0,0.03726901538461538,0.21103384615384613,0.38048923076923075,0.38048923076923075,1.0,1111
1.0,1.0,1.0,0.28608049999999996,0.5554,0.734,0.734,1.0,1112
1.0,1.0,1.0,0.4935385,0.46035000000000004,0.653025,0.653025,1.0,1113
1.0,1.0,1.0,0.246054,0.4972,0.7266,0.7266,1.0,1114
1.0,1.0,1.0,0.008225888888888888,0.6147222222222222,0.8580777777777778,0.8580777777777778,1.0,1115
1.0,1.0,1.0,0.0355636,0.70268,0.61639,0.61639,1.0,1116
1.0,1.0,1.0,0.42622099999999996,0.43403333333333327,0.21223333333333336,0.21223333333333336,1.0,1117
1.0,1.0,1.0,0.30422,0.4046,0.16,0.16,1.0,1118
1.0,1.0,1.0,0.03422134328358209,0.421989552238806,0.5089940298507462,0.5089940298507462,1.0,1119
1.0,1.0,1.0,0.4343446,0.4367,0.2956,0.2956,1.0,1120
1.0,1.0,1.0,0.017818363636363636,0.39712272727272724,0.3827772727272727,0.3827772727272727,1.0,1121
1.0,1.0,1.0,0.3137695,0.49405,0.71295,0.71295,1.0,1122
1.0,1.0,1.0,0.0466505,0.7425272727272726,0.7507909090909092,0.7507909090909092,1.0,1123
1.0,1.0,1.0,0.3874243333333333,0.5514333333333333,0.4005,0.4005,1.0,1124
1.0,1.0,1.0,0.304021,0.3638,0.2548,0.2548,1.0,1125
1.0,1.0,1.0,0.02589291379310344,0.3130068965517242,0.44212931034482766,0.44212931034482766,1.0,1126
1.0,1.0,1.0,0.35229024999999997,0.461525,0.347625,0.347625,1.0,1127
1.0,1.0,1.0,0.0597085671641791,0.33938955223880585,0.21718955223880593,0.21718955223880593,1.0,1128
1.0,1.0,1.0,0.309605,0.305,0.3188,0.3188,1.0,1129
1.0,1.0,1.0,0.4884203333333333,0.2275,0.3834666666666667,0.3834666666666667,1.0,1130
1.0,1.0,1.0,0.392631,0.2633,0.4788,0.4788,1.0,1131
1.0,1.0,1.0,0.222122,0.2992,0.5383,0.5383,1.0,1132
1.0,1.0,1.0,0.011472555555555555,0.6095166666666667,0.5719388888888889,0.5719388888888889,1.0,1133
1.0,1.0,1.0,0.43999699999999997,0.42018000000000005,0.23152,0.23152,1.0,1134
1.0,1.0,1.0,0.017434454545454545,0.23866136363636367,0.5130181818181817,0.5130181818181817,1.0,1135
1.0,1.0,1.0,0.10496366666666666,0.27509999999999996,0.6999666666666666,0.6999666666666666,1.0,1136
1.0,1.0,1.0,0.04275090797546013,0.5113435582822086,0.7080122699386507,0.7080122699386507,1.0,1137
1.0,1.0,1.0,0.110726,0.726,0.3478,0.3478,1.0,1138
1.0,1.0,1.0,0.266299,0.7276,0.3004,0.3004,1.0,1139
1.0,1.0,1.0,0.373738,0.6426,0.2222,0.2222,1.0,1140
1.0,1.0,1.0,0.4628985,0.542,0.15705,0.15705,1.0,1141
1.0,1.0,1.0,0.343015,0.5718,0.1163,0.1163,1.0,1142
1.0,1.0,1.0,0.180091,0.6382,0.1053,0.1053,1.0,1143
1.0,1.0,1.0,0.05139194623655913,0.4827935483870968,0.5486430107526881,0.5486430107526881,1.0,1144
1.0,1.0,1.0,0.514537,0.7748,0.7147,0.7147,1.0,1145
1.0,1.0,1.0,0.430115,0.8011,0.6381,0.6381,1.0,1146
1.0,1.0,1.0,0.273771,0.7639,0.5744,0.5744,1.0,1147
1.0,1.0,1.0,0.026477848484848486,0.41314545454545454,0.4317696969696969,0.4317696969696969,1.0,1148
