Time_Index,NG,nuclear_fuel,NGCCS
0,0.056877747,0.0,0.005388525
1,8.661,0.66,9.61608
2,8.661,0.66,9.616079999999998
3,8.661,0.66,9.61608
4,8.661,0.66,9.61608
5,8.661,0.66,9.61608
6,8.661,0.66,9.61608
7,8.661,0.66,9.61608
8,8.661,0.66,9.61608
9,8.661,0.66,9.61608
10,8.661,0.66,9.61608
11,8.661,0.66,9.61608
12,8.661,0.66,9.61608
13,8.661,0.66,9.61608
14,8.661,0.66,9.61608
15,8.661,0.66,9.61608
16,8.661,0.66,9.61608
17,8.661,0.66,9.61608
18,8.661,0.66,9.616079999999998
19,8.661,0.66,9.61608
20,8.661,0.66,9.61608
21,8.661,0.66,9.61608
22,8.661,0.66,9.61608
23,8.661,0.66,9.61608
24,8.661,0.66,9.61608
25,8.661,0.66,9.61608
26,8.661,0.66,9.61608
27,8.661,0.66,9.616079999999998
28,8.661,0.66,9.61608
29,8.661,0.66,9.61608
30,8.661,0.66,9.61608
31,8.661,0.66,9.61608
32,8.661,0.66,9.61608
33,8.661,0.66,9.61608
34,8.661,0.66,9.61608
35,8.661,0.66,9.61608
36,8.661,0.66,9.61608
37,8.661,0.66,9.616079999999998
38,8.661,0.66,9.61608
39,8.661,0.66,9.61608
40,8.661,0.66,9.61608
41,8.661,0.66,9.61608
42,8.661,0.66,9.61608
43,8.661,0.66,9.61608
44,8.661,0.66,9.61608
45,8.661,0.66,9.61608
46,8.661,0.66,9.616079999999998
47,8.661,0.66,9.616079999999998
48,8.661,0.66,9.61608
49,8.661,0.66,9.61608
50,8.661,0.66,9.61608
51,8.661,0.66,9.61608
52,8.661,0.66,9.61608
53,8.661,0.66,9.61608
54,8.661,0.66,9.61608
55,8.661,0.66,9.61608
56,8.661,0.66,9.61608
57,8.661,0.66,9.61608
58,8.661,0.66,9.61608
59,8.661,0.66,9.61608
60,8.661,0.66,9.61608
61,8.661,0.66,9.61608
62,8.661,0.66,9.61608
63,8.661,0.66,9.61608
64,8.661,0.66,9.616079999999998
65,8.661,0.66,9.61608
66,8.661,0.66,9.61608
67,8.661,0.66,9.61608
68,8.661,0.66,9.61608
69,8.661,0.66,9.61608
70,8.661,0.66,9.61608
71,8.661,0.66,9.616079999999998
72,8.661,0.66,9.61608
73,8.661,0.66,9.61608
74,8.661,0.66,9.61608
75,8.661,0.66,9.61608
76,8.661,0.66,9.616079999999998
77,8.661,0.66,9.61608
78,8.661,0.66,9.61608
79,8.661,0.66,9.61608
80,8.661,0.66,9.61608
81,8.661,0.66,9.61608
82,8.661,0.66,9.616079999999998
83,8.661,0.66,9.61608
84,8.661,0.66,9.61608
85,8.661,0.66,9.61608
86,8.661,0.66,9.61608
87,8.661,0.66,9.616079999999998
88,8.661,0.66,9.61608
89,8.661,0.66,9.61608
90,8.661,0.66,9.61608
91,8.661,0.66,9.61608
92,8.661,0.66,9.61608
93,8.661,0.66,9.61608
94,8.661,0.66,9.61608
95,8.661,0.66,9.61608
96,8.661,0.66,9.61608
97,8.661,0.66,9.61608
98,8.661,0.66,9.61608
99,8.661,0.66,9.616080000000004
100,8.661,0.66,9.616079999999998
101,8.661,0.66,9.61608
102,8.661,0.66,9.616080000000002
103,8.661,0.66,9.61608
104,8.661,0.66,9.61608
105,8.661,0.66,9.61608
106,8.661,0.66,9.61608
107,8.661,0.66,9.61608
108,8.661,0.66,9.61608
109,8.661,0.66,9.616080000000002
110,8.661,0.66,9.61608
111,8.661,0.66,9.61608
112,8.661,0.66,9.61608
113,8.661,0.66,9.61608
114,8.661,0.66,9.61608
115,8.661,0.66,9.61608
116,8.661,0.66,9.61608
117,8.661,0.66,9.61608
118,8.661,0.66,9.61608
119,8.661,0.66,9.61608
120,8.661,0.66,9.61608
121,8.661,0.66,9.616080000000006
122,8.661,0.66,9.61608
123,8.661,0.66,9.61608
124,8.661,0.66,9.61608
125,8.661,0.66,9.61608
126,8.661,0.66,9.61608
127,8.661,0.66,9.616079999999998
128,8.661,0.66,9.61608
129,8.661,0.66,9.61608
130,8.661,0.66,9.61608
131,8.661,0.66,9.61608
132,8.661,0.66,9.61608
133,8.661,0.66,9.61608
134,8.661,0.66,9.61608
135,8.661,0.66,9.61608
136,8.661,0.66,9.61608
137,8.661,0.66,9.61608
138,8.661,0.66,9.61608
139,8.661,0.66,9.61608
140,8.661,0.66,9.616079999999998
141,8.661,0.66,9.61608
142,8.661,0.66,9.61608
143,8.661,0.66,9.61608
144,8.661,0.66,9.61608
145,8.661,0.66,9.61608
146,8.661,0.66,9.61608
147,8.661,0.66,9.616079999999998
148,8.661,0.66,9.61608
149,8.661,0.66,9.61608
150,8.661,0.66,9.61608
151,8.661,0.66,9.61608
152,8.661,0.66,9.616080000000002
153,8.661,0.66,9.61608
154,8.661,0.66,9.61608
155,8.661,0.66,9.61608
156,8.661,0.66,9.61608
157,8.661,0.66,9.61608
158,8.661,0.66,9.616079999999998
159,8.661,0.66,9.61608
160,8.661,0.66,9.61608
161,8.661,0.66,9.616079999999998
162,8.661,0.66,9.61608
163,8.661,0.66,9.616080000000004
164,8.661,0.66,9.61608
165,8.661,0.66,9.61608
166,8.661,0.66,9.61608
167,8.661,0.66,9.61608
168,8.661,0.66,9.61608
169,8.661,0.66,9.61608
170,8.661,0.66,9.61608
171,8.661,0.66,9.61608
172,8.661,0.66,9.61608
173,8.661,0.66,9.616079999999998
174,8.661,0.66,9.61608
175,8.661,0.66,9.61608
176,8.661,0.66,9.61608
177,8.661,0.66,9.61608
178,8.661,0.66,9.616079999999998
179,8.661,0.66,9.61608
180,8.661,0.66,9.61608
181,8.661,0.66,9.61608
182,8.661,0.66,9.61608
183,8.661,0.66,9.616079999999998
184,8.661,0.66,9.61608
185,8.661,0.66,9.61608
186,8.661,0.66,9.616080000000006
187,8.661,0.66,9.61608
188,8.661,0.66,9.61608
189,8.661,0.66,9.61608
190,8.661,0.66,9.61608
191,8.661,0.66,9.61608
192,8.661,0.66,9.61608
193,8.661,0.66,9.61608
194,8.661,0.66,9.61608
195,8.661,0.66,9.61608
196,8.661,0.66,9.61608
197,8.661,0.66,9.61608
198,8.661,0.66,9.61608
199,8.661,0.66,9.61608
200,8.661,0.66,9.61608
201,8.661,0.66,9.61608
202,8.661,0.66,9.616080000000002
203,8.661,0.66,9.61608
204,8.661,0.66,9.61608
205,8.661,0.66,9.61608
206,8.661,0.66,9.61608
207,8.661,0.66,9.61608
208,8.661,0.66,9.61608
209,8.661,0.66,9.61608
210,8.661,0.66,9.61608
211,8.661,0.66,9.61608
212,8.661,0.66,9.61608
213,8.661,0.66,9.61608
214,8.661,0.66,9.61608
215,8.661,0.66,9.61608
216,8.661,0.66,9.61608
217,8.275000000000002,0.66,9.23008
218,8.275,0.66,9.23008
219,8.274999999999997,0.66,9.23007999999999
220,8.275,0.66,9.23008
221,8.275,0.66,9.23008
222,8.275,0.66,9.23008
223,8.275,0.66,9.23008
224,8.275,0.66,9.23008
225,8.275,0.66,9.23008
226,8.275000000000002,0.66,9.230079999999997
227,8.275,0.66,9.23008
228,8.275,0.66,9.23008
229,8.275,0.66,9.23008
230,8.275,0.66,9.23008
231,8.275000000000002,0.66,9.230079999999997
232,8.275,0.66,9.23008
233,8.275,0.66,9.23008
234,8.275,0.66,9.23008
235,8.275,0.66,9.23008
236,8.275000000000002,0.66,9.23008
237,8.275,0.66,9.23008
238,8.275,0.66,9.23008
239,8.275,0.66,9.23008
240,8.275,0.66,9.23008
241,8.275000000000002,0.66,9.230079999999996
242,8.275,0.66,9.23008
243,8.275,0.66,9.23008
244,8.275,0.66,9.23008
245,8.275,0.66,9.23008
246,8.275,0.66,9.23008
247,8.275,0.66,9.23008
248,8.274999999999997,0.66,9.23007999999999
249,8.275,0.66,9.23008
250,8.275,0.66,9.23008
251,8.275,0.66,9.23008
252,8.275000000000002,0.66,9.230079999999996
253,8.275,0.66,9.23008
254,8.275,0.66,9.23008
255,8.275,0.66,9.23008
256,8.275,0.66,9.23008
257,8.275,0.66,9.23008
258,8.275,0.66,9.23008
259,8.275,0.66,9.23008
260,8.275,0.66,9.23008
261,8.275,0.66,9.230079999999992
262,8.275,0.66,9.23008
263,8.275,0.66,9.23008
264,8.275000000000004,0.66,9.230079999999994
265,8.275,0.66,9.23008
266,8.275000000000004,0.66,9.230079999999994
267,8.275,0.66,9.23008
268,8.274999999999993,0.6599999999999999,9.23007999999999
269,8.275,0.66,9.23008
270,8.275000000000002,0.66,9.230079999999992
271,8.275,0.66,9.23008
272,8.275,0.66,9.23008
273,8.275,0.66,9.23008
274,8.275,0.66,9.23008
275,8.275,0.66,9.23008
276,8.275,0.66,9.23008
277,8.275,0.66,9.23008
278,8.275,0.66,9.23008
279,8.275,0.66,9.23008
280,8.275,0.66,9.23008
281,8.275,0.66,9.23008
282,8.275000000000002,0.66,9.23008
283,8.275,0.66,9.23008
284,8.275,0.66,9.23008
285,8.275,0.66,9.23008
286,8.275000000000002,0.66,9.230079999999997
287,8.275,0.66,9.23008
288,8.275,0.66,9.23008
289,8.275,0.66,9.23008
290,8.275,0.66,9.23008
291,8.275,0.66,9.23008
292,8.275,0.66,9.23008
293,8.275,0.66,9.23008
294,8.275,0.66,9.23008
295,8.275,0.66,9.23008
296,8.275,0.66,9.23008
297,8.275,0.66,9.23008
298,8.275,0.66,9.23008
299,8.275,0.66,9.23008
300,8.275000000000002,0.66,9.23008
301,8.275,0.66,9.23008
302,8.275,0.66,9.23008
303,8.275,0.66,9.23008
304,8.275,0.66,9.23008
305,8.275,0.66,9.23008
306,8.275,0.66,9.23008
307,8.275,0.66,9.23008
308,8.275,0.66,9.23008
309,8.275,0.66,9.23008
310,8.275000000000002,0.66,9.230079999999996
311,8.275,0.66,9.23008
312,8.275,0.66,9.23008
313,8.275,0.66,9.23008
314,8.275,0.66,9.23008
315,8.275,0.66,9.23008
316,8.275000000000002,0.66,9.23008
317,8.275,0.66,9.23008
318,8.275000000000004,0.66,9.230079999999994
319,8.275,0.66,9.23008
320,8.275,0.66,9.23008
321,8.275000000000002,0.66,9.230079999999996
322,8.275,0.66,9.23008
323,8.275,0.66,9.23008
324,8.275,0.66,9.23008
325,8.275,0.66,9.23008
326,8.275,0.66,9.23008
327,8.275,0.66,9.23008
328,8.275000000000002,0.66,9.23008
329,8.275,0.66,9.23008
330,8.275000000000004,0.66,9.230079999999994
331,8.275,0.66,9.23008
332,8.275,0.66,9.23008
333,8.275,0.66,9.23008
334,8.275,0.66,9.23008
335,8.275,0.66,9.23008
336,8.275,0.66,9.23008
337,8.275,0.66,9.23008
338,8.275,0.66,9.23008
339,8.275,0.66,9.23008
340,8.275,0.66,9.23008
341,7.424,0.66,8.37908
342,7.424,0.66,8.37908
343,7.424,0.66,8.37908
344,7.424,0.66,8.37908
345,7.424,0.66,8.37908
346,7.424,0.66,8.37908
347,7.424000000000001,0.66,8.37908
348,7.424000000000001,0.66,8.37908
349,7.424,0.66,8.37908
350,7.424,0.66,8.37908
351,7.424,0.66,8.37908
352,7.424,0.66,8.37908
353,7.424,0.66,8.37908
354,7.424,0.66,8.37908
355,7.424,0.66,8.37908
356,7.424,0.66,8.37908
357,7.424,0.66,8.37908
358,7.424,0.66,8.37908
359,7.424000000000001,0.66,8.37908
360,7.424,0.66,8.37908
361,7.424,0.66,8.37908
362,7.424,0.66,8.37908
363,7.424,0.66,8.37908
364,7.424,0.66,8.37908
365,7.424,0.66,8.37908
366,7.424,0.66,8.37908
367,7.424000000000001,0.66,8.37908
368,7.424,0.66,8.37908
369,7.424,0.66,8.37908
370,7.424,0.66,8.37908
371,7.424,0.66,8.37908
372,7.424,0.66,8.37908
373,7.424,0.66,8.37908
374,7.424,0.66,8.37908
375,7.424,0.66,8.37908
376,7.424,0.66,8.37908
377,7.424,0.66,8.37908
378,7.424,0.66,8.37908
379,7.424,0.66,8.37908
380,7.424,0.66,8.37908
381,7.424,0.66,8.37908
382,7.424,0.66,8.37908
383,7.424,0.66,8.37908
384,7.424,0.66,8.37908
385,7.424,0.66,8.37908
386,7.424,0.66,8.37908
387,7.424,0.66,8.37908
388,7.424,0.66,8.37908
389,7.424,0.66,8.37908
390,7.424,0.66,8.37908
391,7.424,0.66,8.37908
392,7.424,0.66,8.37908
393,7.424,0.66,8.37908
394,7.424,0.66,8.37908
395,7.424,0.66,8.37908
396,7.424,0.66,8.37908
397,7.424,0.66,8.37908
398,7.424000000000001,0.66,8.37908
399,7.424,0.66,8.37908
400,7.424,0.66,8.37908
401,7.424,0.66,8.37908
402,7.424,0.66,8.37908
403,7.424,0.66,8.37908
404,7.424,0.66,8.37908
405,7.424,0.66,8.37908
406,7.424,0.66,8.37908
407,7.424,0.66,8.37908
408,7.424,0.66,8.37908
409,7.424000000000003,0.66,8.37908
410,7.424,0.66,8.37908
411,7.424,0.66,8.37908
412,7.424,0.66,8.37908
413,7.424,0.66,8.37908
414,7.424,0.66,8.37908
415,7.424,0.66,8.37908
416,7.424,0.66,8.37908
417,7.424,0.66,8.37908
418,7.424,0.66,8.37908
419,7.424,0.66,8.37908
420,7.424,0.66,8.37908
421,7.424,0.66,8.37908
422,7.424,0.66,8.37908
423,7.424,0.66,8.37908
424,7.424,0.66,8.37908
425,7.424,0.66,8.37908
426,7.424,0.66,8.37908
427,7.424,0.66,8.37908
428,7.424,0.66,8.37908
429,7.424,0.66,8.37908
430,7.424,0.66,8.37908
431,7.424,0.66,8.37908
432,7.424000000000001,0.66,8.37908
433,7.424,0.66,8.37908
434,7.424,0.66,8.37908
435,7.424,0.66,8.37908
436,7.424,0.66,8.37908
437,7.424,0.66,8.37908
438,7.424,0.66,8.37908
439,7.424,0.66,8.37908
440,7.424,0.66,8.37908
441,7.424,0.66,8.37908
442,7.424000000000001,0.66,8.37908
443,7.424,0.66,8.37908
444,7.424,0.66,8.37908
445,7.424,0.66,8.37908
446,7.424,0.66,8.37908
447,7.424,0.66,8.37908
448,7.424,0.66,8.37908
449,7.424,0.66,8.37908
450,7.424,0.66,8.37908
451,7.424,0.66,8.37908
452,7.424,0.66,8.37908
453,7.424,0.66,8.37908
454,7.424,0.66,8.37908
455,7.424,0.66,8.37908
456,7.424,0.66,8.37908
457,7.424000000000003,0.66,8.379079999999998
458,7.424,0.66,8.37908
459,7.424,0.66,8.37908
460,7.424,0.66,8.37908
461,7.424000000000003,0.66,8.37908
462,7.424,0.66,8.37908
463,7.424,0.66,8.37908
464,7.424,0.66,8.37908
465,7.424,0.66,8.37908
466,7.424,0.66,8.37908
467,7.424,0.66,8.37908
468,7.424,0.66,8.37908
469,7.424,0.66,8.37908
470,7.424000000000002,0.66,8.37908
471,7.424,0.66,8.37908
472,7.424000000000005,0.66,8.379079999999995
473,7.424,0.66,8.37908
474,7.424000000000002,0.66,8.37908
475,7.424,0.66,8.37908
476,7.424,0.66,8.37908
477,7.424000000000002,0.66,8.37908
478,7.424,0.66,8.37908
479,7.424,0.66,8.37908
480,7.424,0.66,8.37908
481,7.424,0.66,8.37908
482,7.424,0.66,8.37908
483,7.424,0.66,8.37908
484,7.424,0.66,8.37908
485,7.424,0.66,8.37908
486,7.424,0.66,8.37908
487,7.424,0.66,8.37908
488,7.424,0.66,8.37908
489,7.424,0.66,8.37908
490,7.424000000000001,0.66,8.37908
491,7.424,0.66,8.37908
492,7.424000000000003,0.66,8.37908
493,7.424,0.66,8.37908
494,7.424,0.66,8.37908
495,7.424000000000001,0.66,8.37908
496,7.424,0.66,8.37908
497,7.424,0.66,8.37908
498,7.424,0.66,8.37908
499,7.424000000000003,0.66,8.37908
500,7.424,0.66,8.37908
501,7.424,0.66,8.37908
502,7.424,0.66,8.37908
503,7.424,0.66,8.37908
504,7.424,0.66,8.37908
505,7.424,0.66,8.37908
506,7.424000000000002,0.66,8.37908
507,7.424,0.66,8.37908
508,7.424,0.66,8.37908
509,7.424,0.66,8.37908
510,7.424,0.66,8.37908
511,7.424,0.66,8.37908
512,7.424,0.66,8.37908
513,7.424,0.66,8.37908
514,7.424,0.66,8.37908
515,7.424,0.66,8.37908
516,7.424,0.66,8.37908
517,7.424,0.66,8.37908
518,7.424,0.66,8.37908
519,7.424,0.66,8.37908
520,7.424,0.66,8.37908
521,7.424,0.66,8.37908
522,7.424,0.66,8.37908
523,7.424,0.66,8.37908
524,7.424,0.66,8.37908
525,7.424,0.66,8.37908
526,7.424,0.66,8.37908
527,7.424000000000002,0.66,8.37908
528,7.424,0.66,8.37908
529,7.424000000000004,0.66,8.379079999999997
530,7.424,0.66,8.37908
531,7.424,0.66,8.37908
532,7.424000000000004,0.66,8.379079999999998
533,7.424,0.66,8.37908
534,7.424,0.66,8.37908
535,7.424,0.66,8.37908
536,7.424,0.66,8.37908
537,7.424,0.66,8.37908
538,7.424000000000003,0.66,8.37908
539,7.424,0.66,8.37908
540,7.424,0.66,8.37908
541,7.424,0.66,8.37908
542,7.424,0.66,8.37908
543,7.424,0.66,8.37908
544,7.424,0.66,8.37908
545,7.424,0.66,8.37908
546,7.424,0.66,8.37908
547,7.424000000000004,0.66,8.379079999999997
548,7.424,0.66,8.37908
549,7.424,0.66,8.37908
550,7.424,0.66,8.37908
551,7.424,0.66,8.37908
552,7.424000000000004,0.66,8.379079999999998
553,7.424,0.66,8.37908
554,7.424,0.66,8.37908
555,7.424,0.66,8.37908
556,7.424,0.66,8.37908
557,7.424,0.66,8.37908
558,7.424,0.66,8.37908
559,7.424,0.66,8.37908
560,7.424,0.66,8.37908
561,7.424,0.66,8.37908
562,7.424,0.66,8.37908
563,7.424,0.66,8.37908
564,6.468999999999996,0.66,7.424080000000003
565,6.469,0.66,7.42408
566,6.468999999999997,0.66,7.424080000000003
567,6.469,0.66,7.42408
568,6.469,0.66,7.42408
569,6.469,0.66,7.42408
570,6.469,0.66,7.42408
571,6.469,0.66,7.42408
572,6.469,0.66,7.42408
573,6.469,0.66,7.42408
574,6.469,0.66,7.42408
575,6.469,0.66,7.42408
576,6.469,0.66,7.42408
577,6.469,0.66,7.424080000000002
578,6.469,0.66,7.42408
579,6.469,0.66,7.42408
580,6.469,0.66,7.42408
581,6.469,0.66,7.42408
582,6.469,0.66,7.42408
583,6.469,0.66,7.42408
584,6.469,0.66,7.42408
585,6.469,0.66,7.42408
586,6.469,0.66,7.42408
587,6.469,0.66,7.42408
588,6.469,0.66,7.42408
589,6.469,0.66,7.42408
590,6.469,0.66,7.424080000000001
591,6.469,0.66,7.42408
592,6.469,0.66,7.42408
593,6.469,0.66,7.42408
594,6.469,0.66,7.42408
595,6.469,0.66,7.42408
596,6.469,0.66,7.42408
597,6.469,0.66,7.42408
598,6.469,0.66,7.42408
599,6.469,0.66,7.42408
600,6.469,0.66,7.42408
601,6.469,0.66,7.42408
602,6.469,0.66,7.42408
603,6.469,0.66,7.424080000000002
604,6.469,0.66,7.42408
605,6.469,0.66,7.42408
606,6.469,0.66,7.42408
607,6.468999999999999,0.66,7.424080000000001
608,6.469,0.66,7.42408
609,6.469,0.66,7.42408
610,6.469,0.66,7.42408
611,6.469,0.66,7.42408
612,6.469,0.66,7.424080000000002
613,6.469,0.66,7.42408
614,6.469,0.66,7.42408
615,6.469,0.66,7.42408
616,6.469,0.66,7.42408
617,6.469,0.66,7.42408
618,6.469,0.66,7.42408
619,6.469,0.66,7.42408
620,6.469,0.66,7.42408
621,6.469,0.66,7.42408
622,6.469,0.66,7.42408
623,6.4689999999999985,0.66,7.424080000000003
624,6.469,0.66,7.42408
625,6.469,0.66,7.42408
626,6.469,0.66,7.42408
627,6.469,0.66,7.42408
628,6.469,0.66,7.42408
629,6.469,0.66,7.42408
630,6.468999999999999,0.66,7.424080000000003
631,6.469,0.66,7.42408
632,6.469,0.66,7.42408
633,6.469,0.66,7.424080000000002
634,6.469,0.66,7.42408
635,6.469,0.66,7.42408
636,6.468999999999999,0.66,7.424080000000003
637,6.469,0.66,7.42408
638,6.469,0.66,7.42408
639,6.469,0.66,7.42408
640,6.469,0.66,7.42408
641,6.469,0.66,7.424080000000002
642,6.469,0.66,7.42408
643,6.469,0.66,7.42408
644,6.469,0.66,7.42408
645,6.469,0.66,7.42408
646,6.469,0.66,7.42408
647,6.469,0.66,7.42408
648,6.469,0.66,7.42408
649,6.469,0.66,7.42408
650,6.469,0.66,7.42408
651,6.469,0.66,7.424080000000001
652,6.469,0.66,7.42408
653,6.468999999999998,0.66,7.424080000000003
654,6.469,0.66,7.42408
655,6.468999999999999,0.66,7.424080000000001
656,6.468999999999999,0.66,7.424080000000002
657,6.468999999999996,0.66,7.424080000000003
658,6.469,0.66,7.42408
659,6.469,0.66,7.42408
660,6.469,0.66,7.42408
661,6.469,0.66,7.42408
662,6.469,0.66,7.42408
663,6.4689999999999985,0.66,7.424080000000003
664,6.469,0.66,7.42408
665,6.469,0.66,7.42408
666,6.469,0.66,7.42408
667,6.469,0.66,7.42408
668,6.469,0.66,7.42408
669,6.469,0.66,7.42408
670,6.469,0.66,7.42408
671,6.469,0.66,7.42408
672,6.469,0.66,7.42408
673,6.4689999999999985,0.66,7.424080000000003
674,6.469,0.66,7.42408
675,6.469,0.66,7.42408
676,6.469,0.66,7.42408
677,6.469,0.66,7.42408
678,6.469,0.66,7.42408
679,6.469,0.66,7.42408
680,6.469,0.66,7.42408
681,6.469,0.66,7.42408
682,6.468999999999998,0.66,7.424080000000003
683,6.469,0.66,7.42408
684,6.469,0.66,7.42408
685,6.469,0.66,7.42408
686,6.469,0.66,7.42408
687,6.469,0.66,7.42408
688,6.469,0.66,7.42408
689,6.469,0.66,7.42408
690,6.469,0.66,7.42408
691,6.469,0.66,7.42408
692,6.468999999999999,0.66,7.424080000000002
693,6.469,0.66,7.42408
694,6.469,0.66,7.42408
695,6.469,0.66,7.42408
696,6.469,0.66,7.42408
697,6.469,0.66,7.42408
698,6.469,0.66,7.42408
699,6.4689999999999985,0.66,7.424080000000003
700,6.469,0.66,7.42408
701,6.469,0.66,7.42408
702,6.469,0.66,7.42408
703,6.469,0.66,7.42408
704,6.469,0.66,7.42408
705,6.468999999999997,0.66,7.424080000000002
706,6.469,0.66,7.42408
707,6.469,0.66,7.424080000000002
708,6.469,0.66,7.42408
709,6.468999999999998,0.66,7.424080000000003
710,6.469,0.66,7.42408
711,6.469,0.66,7.42408
712,6.469,0.66,7.42408
713,6.469,0.66,7.42408
714,6.469,0.66,7.42408
715,6.469,0.66,7.42408
716,6.4689999999999985,0.66,7.424080000000003
717,6.469,0.66,7.42408
718,6.469,0.66,7.42408
719,6.469,0.66,7.42408
720,6.469,0.66,7.42408
721,6.469,0.66,7.42408
722,6.469,0.66,7.42408
723,6.469,0.66,7.42408
724,6.469,0.66,7.42408
725,6.468999999999995,0.6599999999999993,7.424080000000003
726,6.469,0.66,7.42408
727,6.469,0.66,7.42408
728,6.469,0.66,7.42408
729,6.468999999999998,0.66,7.424080000000003
730,6.469,0.66,7.42408
731,6.469,0.66,7.42408
732,6.469,0.66,7.42408
733,6.469,0.66,7.42408
734,6.469,0.66,7.42408
735,6.468999999999997,0.66,7.424080000000002
736,6.469,0.66,7.42408
737,6.469,0.66,7.42408
738,6.468999999999998,0.66,7.424080000000002
739,6.469,0.66,7.42408
740,6.469,0.66,7.42408
741,6.469,0.66,7.42408
742,6.469,0.66,7.42408
743,6.469,0.66,7.42408
744,6.469,0.66,7.42408
745,6.469,0.66,7.42408
746,6.469,0.66,7.42408
747,6.4689999999999985,0.66,7.424080000000003
748,6.469,0.66,7.42408
749,6.469,0.66,7.42408
750,6.469,0.66,7.42408
751,6.468999999999999,0.66,7.424080000000001
752,6.469,0.66,7.42408
753,6.469,0.66,7.42408
754,6.469,0.66,7.42408
755,6.469,0.66,7.42408
756,6.4689999999999985,0.66,7.424080000000003
757,6.469,0.66,7.42408
758,6.469,0.66,7.42408
759,6.469,0.66,7.42408
760,6.469,0.66,7.42408
761,6.469,0.66,7.42408
762,6.469,0.66,7.42408
763,6.469,0.66,7.42408
764,6.469,0.66,7.42408
765,6.469,0.66,7.42408
766,6.469,0.66,7.424080000000001
767,6.408,0.66,7.36308
768,6.4079999999999995,0.66,7.363079999999999
769,6.408,0.66,7.36308
770,6.408,0.66,7.36308
771,6.408,0.66,7.36308
772,6.4079999999999995,0.66,7.363079999999999
773,6.408,0.66,7.36308
774,6.408,0.66,7.36308
775,6.4080000000000075,0.6599999999999981,7.363079999999995
776,6.408,0.66,7.36308
777,6.408,0.66,7.36308
778,6.4079999999999995,0.66,7.363079999999998
779,6.408,0.66,7.36308
780,6.408,0.66,7.36308
781,6.408,0.66,7.363079999999998
782,6.408,0.66,7.36308
783,6.408,0.66,7.36308
784,6.407999999999995,0.66,7.363080000000001
785,6.408,0.66,7.36308
786,6.407999999999998,0.66,7.363080000000005
787,6.408,0.66,7.36308
788,6.408,0.66,7.363079999999997
789,6.408,0.66,7.36308
790,6.408,0.66,7.36308
791,6.408,0.66,7.36308
792,6.408,0.66,7.36308
793,6.408,0.66,7.36308
794,6.408,0.66,7.36308
795,6.408,0.66,7.36308
796,6.408,0.66,7.36308
797,6.408,0.66,7.36308
798,6.408,0.66,7.36308
799,6.408,0.66,7.363079999999997
800,6.408,0.66,7.36308
801,6.408,0.66,7.36308
802,6.408,0.66,7.36308
803,6.408,0.66,7.36308
804,6.408,0.66,7.36308
805,6.408,0.66,7.36308
806,6.408,0.66,7.36308
807,6.408,0.66,7.36308
808,6.408,0.66,7.363079999999997
809,6.408,0.66,7.36308
810,6.408,0.66,7.36308
811,6.408,0.66,7.36308
812,6.408,0.66,7.36308
813,6.408,0.66,7.36308
814,6.408,0.66,7.36308
815,6.408,0.66,7.36308
816,6.408000000000005,0.6599999999999987,7.363080000000004
817,6.408,0.66,7.36308
818,6.408,0.66,7.36308
819,6.408,0.66,7.36308
820,6.408,0.66,7.36308
821,6.408,0.66,7.36308
822,6.408,0.66,7.36308
823,6.408,0.66,7.36308
824,6.408,0.66,7.36308
825,6.408,0.66,7.36308
826,6.408,0.66,7.36308
827,6.408,0.66,7.36308
828,6.408,0.66,7.363079999999997
829,6.408,0.66,7.36308
830,6.408,0.66,7.36308
831,6.408,0.66,7.36308
832,6.4079999999999995,0.66,7.363079999999999
833,6.408,0.66,7.36308
834,6.408,0.66,7.36308
835,6.408,0.66,7.363079999999997
836,6.408,0.66,7.36308
837,6.408,0.66,7.36308
838,6.408,0.66,7.36308
839,6.408,0.66,7.36308
840,6.408,0.66,7.36308
841,6.408,0.66,7.36308
842,6.408,0.66,7.36308
843,6.408,0.66,7.363079999999997
844,6.408,0.66,7.36308
845,6.408,0.66,7.36308
846,6.4079999999999995,0.66,7.363079999999999
847,6.408,0.66,7.36308
848,6.408,0.66,7.36308
849,6.408,0.66,7.363079999999997
850,6.408,0.66,7.36308
851,6.408000000000004,0.6599999999999987,7.3630800000000045
852,6.408,0.66,7.36308
853,6.408,0.66,7.36308
854,6.407999999999997,0.66,7.363079999999997
855,6.408,0.66,7.36308
856,6.408,0.66,7.363079999999998
857,6.408,0.66,7.36308
858,6.408,0.66,7.36308
859,6.408,0.66,7.36308
860,6.408,0.66,7.363079999999998
861,6.408,0.66,7.36308
862,6.408,0.66,7.36308
863,6.408,0.66,7.363079999999997
864,6.408,0.66,7.36308
865,6.408,0.66,7.36308
866,6.408,0.66,7.363079999999998
867,6.408,0.66,7.36308
868,6.408,0.66,7.363079999999997
869,6.408,0.66,7.36308
870,6.408,0.66,7.36308
871,6.408,0.66,7.36308
872,6.408,0.66,7.36308
873,6.408,0.66,7.36308
874,6.408,0.66,7.363079999999997
875,6.408,0.66,7.36308
876,6.408,0.66,7.36308
877,6.408,0.66,7.36308
878,6.408,0.66,7.36308
879,6.408,0.66,7.36308
880,6.408,0.66,7.36308
881,6.408,0.66,7.36308
882,6.408,0.66,7.36308
883,6.408,0.66,7.36308
884,6.408,0.66,7.36308
885,6.408,0.66,7.363079999999997
886,6.408,0.66,7.36308
887,6.408,0.66,7.36308
888,6.408,0.66,7.36308
889,6.4079999999999995,0.66,7.363079999999999
890,6.582705882352939,0.66,7.537785882352942
891,6.606,0.66,7.56108
892,6.606,0.66,7.56108
893,6.606,0.66,7.56108
894,6.606,0.66,7.56108
895,6.606,0.66,7.56108
896,6.606,0.66,7.56108
897,6.606,0.66,7.56108
898,6.606,0.66,7.56108
899,6.606,0.66,7.56108
900,6.606,0.66,7.56108
901,6.606000000000001,0.66,7.56108
902,6.606,0.66,7.56108
903,6.605999999999996,0.66,7.561080000000002
904,6.606,0.66,7.56108
905,6.606,0.66,7.56108
906,6.606,0.66,7.56108
907,6.606,0.66,7.56108
908,6.606,0.66,7.56108
909,6.605999999999995,0.659999999999998,7.561079999999978
910,6.606,0.66,7.56108
911,6.606,0.66,7.56108
912,6.606,0.66,7.56108
913,6.606,0.66,7.56108
914,6.605999999999999,0.66,7.5610800000000005
915,6.606,0.66,7.56108
916,6.606,0.66,7.56108
917,6.606,0.66,7.56108
918,6.606000000000001,0.66,7.561079999999999
919,6.606,0.66,7.56108
920,6.605999999999999,0.66,7.5610800000000005
921,6.606,0.66,7.56108
922,6.606,0.66,7.56108
923,6.606,0.66,7.56108
924,6.606000000000001,0.66,7.56108
925,6.606,0.66,7.56108
926,6.605999999999997,0.66,7.561080000000001
927,6.606,0.66,7.56108
928,6.606,0.66,7.56108
929,6.606,0.66,7.56108
930,6.606,0.66,7.56108
931,6.606000000000001,0.66,7.561079999999999
932,6.606,0.66,7.56108
933,6.606,0.66,7.56108
934,6.606,0.66,7.56108
935,6.605999999999996,0.66,7.561080000000002
936,6.606,0.66,7.56108
937,6.605999999999999,0.66,7.56108
938,6.606000000000001,0.66,7.56108
939,6.606,0.66,7.56108
940,6.606,0.66,7.56108
941,6.606,0.66,7.56108
942,6.606000000000001,0.66,7.561079999999999
943,6.606,0.66,7.56108
944,6.605999999999999,0.66,7.5610800000000005
945,6.606,0.66,7.56108
946,6.606,0.66,7.56108
947,6.606,0.66,7.56108
948,6.606,0.66,7.56108
949,6.606000000000001,0.66,7.56108
950,6.606,0.66,7.56108
951,6.606,0.66,7.56108
952,6.605999999999999,0.66,7.5610800000000005
953,6.606,0.66,7.56108
954,6.606,0.66,7.56108
955,6.606000000000001,0.66,7.561079999999999
956,6.606,0.66,7.56108
957,6.606,0.66,7.56108
958,6.606,0.66,7.56108
959,6.605999999999999,0.66,7.5610800000000005
960,6.606,0.66,7.56108
961,6.606,0.66,7.56108
962,6.606,0.66,7.56108
963,6.606,0.66,7.56108
964,6.606,0.66,7.56108
965,6.606,0.66,7.56108
966,6.606,0.66,7.56108
967,6.605999999999999,0.66,7.5610800000000005
968,6.606,0.66,7.56108
969,6.606,0.66,7.56108
970,6.606,0.66,7.56108
971,6.606,0.66,7.56108
972,6.606,0.66,7.56108
973,6.606,0.66,7.56108
974,6.606,0.66,7.56108
975,6.606,0.66,7.56108
976,6.606,0.66,7.56108
977,6.606,0.66,7.56108
978,6.606,0.66,7.56108
979,6.606,0.66,7.56108
980,6.605999999999999,0.66,7.561080000000001
981,6.606,0.66,7.56108
982,6.606,0.66,7.56108
983,6.606,0.66,7.56108
984,6.606,0.66,7.56108
985,6.606,0.66,7.56108
986,6.606,0.66,7.56108
987,6.606,0.66,7.56108
988,6.606,0.66,7.56108
989,6.606,0.66,7.56108
990,6.606,0.66,7.56108
991,6.606,0.66,7.56108
992,6.606,0.66,7.56108
993,6.606,0.66,7.56108
994,6.606000000000001,0.66,7.56108
995,6.606,0.66,7.56108
996,6.606,0.66,7.56108
997,6.606,0.66,7.56108
998,6.606,0.66,7.56108
999,6.606000000000001,0.66,7.56108
1000,6.606,0.66,7.56108
1001,6.606,0.66,7.56108
1002,6.606,0.66,7.56108
1003,6.606,0.66,7.56108
1004,6.606,0.66,7.56108
1005,6.606,0.66,7.56108
1006,6.606,0.66,7.56108
1007,6.606000000000001,0.66,7.56108
1008,6.606,0.66,7.56108
1009,6.606,0.66,7.56108
1010,6.606,0.66,7.56108
1011,6.606,0.66,7.56108
1012,6.606,0.66,7.56108
1013,6.606,0.66,7.56108
1014,6.606,0.66,7.56108
1015,6.606,0.66,7.56108
1016,6.606,0.66,7.56108
1017,6.605999999999999,0.66,7.56108
1018,6.606,0.66,7.56108
1019,6.606,0.66,7.56108
1020,6.606000000000001,0.66,7.561079999999999
1021,6.606,0.66,7.56108
1022,6.606,0.66,7.56108
1023,6.606,0.66,7.56108
1024,6.606,0.66,7.56108
1025,6.606,0.66,7.56108
1026,6.606,0.66,7.56108
1027,6.606,0.66,7.56108
1028,6.605999999999999,0.66,7.5610800000000005
1029,6.606,0.66,7.56108
1030,6.606,0.66,7.56108
1031,6.606,0.66,7.56108
1032,6.606,0.66,7.56108
1033,6.605999999999999,0.66,7.56108
1034,6.606,0.66,7.56108
1035,6.606,0.66,7.56108
1036,6.606,0.66,7.56108
1037,6.606,0.66,7.56108
1038,6.606,0.66,7.56108
1039,6.606,0.66,7.5610800000000005
1040,6.606,0.66,7.56108
1041,6.606,0.66,7.56108
1042,6.606,0.66,7.56108
1043,6.605999999999999,0.66,7.56108
1044,6.606,0.66,7.56108
1045,6.605999999999999,0.66,7.561080000000001
1046,6.606,0.66,7.56108
1047,6.606,0.66,7.56108
1048,6.606,0.66,7.56108
1049,6.606,0.66,7.56108
1050,6.606,0.66,7.56108
1051,6.606,0.66,7.56108
1052,6.605999999999998,0.66,7.561080000000001
1053,6.606,0.66,7.56108
1054,6.606,0.66,7.56108
1055,6.605999999999999,0.66,7.56108
1056,6.606,0.66,7.56108
1057,6.606,0.66,7.56108
1058,6.605999999999998,0.66,7.561080000000001
1059,6.606,0.66,7.56108
1060,6.606,0.66,7.56108
1061,6.606,0.66,7.56108
1062,6.606000000000001,0.66,7.56108
1063,6.606,0.66,7.56108
1064,6.606,0.66,7.56108
1065,6.606,0.66,7.56108
1066,6.606,0.66,7.56108
1067,6.606,0.66,7.56108
1068,6.606,0.66,7.56108
1069,6.606,0.66,7.56108
1070,6.606,0.66,7.56108
1071,6.606000000000001,0.66,7.56108
1072,6.606,0.66,7.56108
1073,6.606,0.66,7.56108
1074,6.606,0.66,7.56108
1075,6.606,0.66,7.56108
1076,6.606,0.66,7.56108
1077,6.606,0.66,7.56108
1078,6.606,0.66,7.56108
1079,6.606,0.66,7.56108
1080,6.606,0.66,7.56108
1081,6.776625000000001,0.66,7.731704999999999
1082,6.801,0.66,7.75608
1083,6.801,0.66,7.75608
1084,6.801,0.66,7.75608
1085,6.801,0.66,7.75608
1086,6.801,0.66,7.75608
1087,6.800999999999999,0.66,7.75608
1088,6.801,0.66,7.75608
1089,6.801,0.66,7.75608
1090,6.801,0.66,7.75608
1091,6.801,0.66,7.75608
1092,6.801000000000001,0.66,7.756079999999998
1093,6.801,0.66,7.75608
1094,6.801,0.66,7.75608
1095,6.801,0.66,7.75608
1096,6.801,0.66,7.75608
1097,6.801,0.66,7.75608
1098,6.801,0.66,7.75608
1099,6.801,0.66,7.75608
1100,6.801000000000001,0.66,7.756079999999998
1101,6.801,0.66,7.75608
1102,6.801,0.66,7.75608
1103,6.801,0.66,7.75608
1104,6.801,0.66,7.75608
1105,6.801,0.66,7.75608
1106,6.801,0.66,7.75608
1107,6.801,0.66,7.75608
1108,6.801,0.66,7.75608
1109,6.801,0.66,7.75608
1110,6.801000000000001,0.66,7.756079999999998
1111,6.801,0.66,7.75608
1112,6.800999999999999,0.66,7.756079999999998
1113,6.801,0.66,7.75608
1114,6.801,0.66,7.75608
1115,6.801,0.66,7.75608
1116,6.800999999999999,0.66,7.75608
1117,6.801,0.66,7.75608
1118,6.801,0.66,7.75608
1119,6.801,0.66,7.75608
1120,6.801,0.66,7.75608
1121,6.801000000000001,0.66,7.756079999999998
1122,6.801,0.66,7.75608
1123,6.801,0.66,7.75608
1124,6.801,0.66,7.75608
1125,6.800999999999997,0.66,7.756079999999998
1126,6.801,0.66,7.75608
1127,6.801,0.66,7.75608
1128,6.801,0.66,7.75608
1129,6.801000000000001,0.66,7.756079999999999
1130,6.801000000000001,0.66,7.756079999999999
1131,6.801,0.66,7.75608
1132,6.801,0.66,7.75608
1133,6.800999999999999,0.66,7.75608
1134,6.801,0.66,7.75608
1135,6.801000000000001,0.66,7.756079999999999
1136,6.801,0.66,7.75608
1137,6.801,0.66,7.75608
1138,6.801,0.66,7.75608
1139,6.801,0.66,7.75608
1140,6.801,0.66,7.75608
1141,6.801,0.66,7.75608
1142,6.801,0.66,7.75608
1143,6.801,0.66,7.75608
1144,6.801000000000001,0.66,7.756079999999998
1145,6.801,0.66,7.75608
1146,6.801,0.66,7.75608
1147,6.801,0.66,7.75608
1148,6.801000000000001,0.66,7.75608
1149,6.801,0.66,7.75608
1150,6.801,0.66,7.75608
1151,6.801,0.66,7.75608
1152,6.801000000000001,0.66,7.756079999999998
1153,6.801,0.66,7.75608
1154,6.801,0.66,7.75608
1155,6.801,0.66,7.75608
1156,6.801,0.66,7.75608
1157,6.801,0.66,7.75608
1158,6.801,0.66,7.75608
1159,6.801,0.66,7.756079999999999
1160,6.801,0.66,7.75608
1161,6.801000000000001,0.66,7.756079999999998
1162,6.801,0.66,7.75608
1163,6.801,0.66,7.75608
1164,6.801,0.66,7.75608
1165,6.801000000000001,0.66,7.75608
1166,6.801,0.66,7.75608
1167,6.801,0.66,7.75608
1168,6.801,0.66,7.75608
1169,6.800999999999995,0.66,7.756079999999999
1170,6.801,0.66,7.75608
1171,6.801,0.66,7.75608
1172,6.801,0.66,7.75608
1173,6.801,0.66,7.75608
1174,6.801,0.66,7.75608
1175,6.801000000000001,0.66,7.756079999999998
1176,6.801,0.66,7.75608
1177,6.801000000000001,0.66,7.756079999999999
1178,6.801,0.66,7.75608
1179,6.801000000000001,0.66,7.756079999999999
1180,6.801,0.66,7.75608
1181,6.801,0.66,7.75608
1182,6.801000000000001,0.66,7.756079999999998
1183,6.801,0.66,7.75608
1184,6.801,0.66,7.75608
1185,6.801,0.66,7.75608
1186,6.801,0.66,7.75608
1187,6.801,0.66,7.75608
1188,6.801,0.66,7.75608
1189,6.801,0.66,7.75608
1190,6.801,0.66,7.75608
1191,6.801,0.66,7.75608
1192,6.801000000000001,0.66,7.756079999999998
1193,6.801,0.66,7.75608
1194,6.801,0.66,7.75608
1195,6.801,0.66,7.75608
1196,6.801,0.66,7.75608
1197,6.801,0.66,7.75608
1198,6.800999999999999,0.66,7.75608
1199,6.801,0.66,7.75608
1200,6.801,0.66,7.75608
1201,6.801000000000001,0.66,7.756079999999999
1202,6.801,0.66,7.75608
1203,6.801,0.66,7.75608
1204,6.801,0.66,7.75608
1205,6.801,0.66,7.75608
1206,6.800999999999999,0.66,7.75608
1207,6.801,0.66,7.75608
1208,6.801,0.66,7.75608
1209,6.801,0.66,7.75608
1210,6.801,0.66,7.75608
1211,6.800999999999999,0.66,7.75608
1212,6.801,0.66,7.75608
1213,6.801,0.66,7.75608
1214,6.801000000000001,0.66,7.756079999999999
1215,6.801,0.66,7.75608
1216,6.801,0.66,7.75608
1217,6.801,0.66,7.75608
1218,6.801,0.66,7.75608
1219,6.801,0.66,7.75608
1220,6.801,0.66,7.75608
1221,6.801,0.66,7.75608
1222,6.801,0.66,7.75608
1223,6.800999999999996,0.66,7.756079999999998
1224,6.801,0.66,7.75608
1225,6.801,0.66,7.75608
1226,6.801,0.66,7.75608
1227,6.801000000000001,0.66,7.75608
1228,6.801000000000001,0.66,7.756079999999998
1229,6.801,0.66,7.75608
1230,6.801000000000001,0.66,7.75608
1231,6.801,0.66,7.75608
1232,6.801,0.66,7.75608
1233,6.801,0.66,7.75608
1234,6.801000000000001,0.66,7.756079999999998
1235,6.801,0.66,7.75608
1236,6.801,0.66,7.75608
1237,6.801,0.66,7.75608
1238,6.801,0.66,7.75608
1239,6.801,0.66,7.75608
1240,6.801,0.66,7.75608
1241,6.801,0.66,7.75608
1242,6.801,0.66,7.75608
1243,6.800999999999999,0.66,7.75608
1244,6.801,0.66,7.75608
1245,6.801000000000001,0.66,7.756079999999999
1246,6.801,0.66,7.75608
1247,6.801,0.66,7.75608
1248,6.801,0.66,7.75608
1249,6.801,0.66,7.75608
1250,6.801,0.66,7.75608
1251,6.801,0.66,7.75608
1252,6.801,0.66,7.75608
1253,6.801,0.66,7.75608
1254,6.801,0.66,7.75608
1255,6.801,0.66,7.75608
1256,6.801,0.66,7.75608
1257,6.801,0.66,7.75608
1258,6.801,0.66,7.75608
1259,6.801000000000001,0.66,7.756079999999999
1260,6.801,0.66,7.75608
1261,6.801,0.66,7.75608
1262,6.801,0.66,7.75608
1263,6.801,0.66,7.75608
1264,6.801,0.66,7.75608
1265,6.801,0.66,7.75608
1266,6.801,0.66,7.75608
1267,6.801,0.66,7.75608
1268,6.801,0.66,7.75608
1269,6.801,0.66,7.75608
1270,6.801,0.66,7.75608
1271,6.801,0.66,7.75608
1272,6.800999999999999,0.66,7.756079999999998
1273,6.801,0.66,7.75608
1274,6.801000000000001,0.66,7.756079999999998
1275,6.801,0.66,7.75608
1276,6.800999999999994,0.66,7.756079999999998
1277,6.801,0.66,7.75608
1278,6.800999999999998,0.66,7.756079999999998
1279,6.801,0.66,7.75608
1280,6.84040740740741,0.66,7.795487407407403
1281,6.877,0.66,7.83208
1282,6.877,0.66,7.83208
1283,6.877,0.66,7.83208
1284,6.877,0.66,7.83208
1285,6.877,0.66,7.83208
1286,6.877000000000006,0.6599999999999993,7.8320800000000075
1287,6.877,0.66,7.83208
1288,6.877,0.66,7.83208
1289,6.877,0.66,7.83208
1290,6.877,0.66,7.83208
1291,6.877,0.66,7.83208
1292,6.877,0.66,7.83208
1293,6.877,0.66,7.83208
1294,6.877,0.66,7.83208
1295,6.877000000000003,0.66,7.832079999999997
1296,6.877,0.66,7.83208
1297,6.877,0.66,7.83208
1298,6.877,0.66,7.83208
1299,6.877,0.66,7.83208
1300,6.877,0.66,7.83208
1301,6.877,0.66,7.83208
1302,6.877,0.66,7.83208
1303,6.877,0.66,7.832080000000001
1304,6.877,0.66,7.83208
1305,6.877,0.66,7.83208
1306,6.877,0.66,7.83208
1307,6.877,0.66,7.83208
1308,6.877,0.66,7.83208
1309,6.877,0.66,7.83208
1310,6.877,0.66,7.83208
1311,6.877,0.66,7.83208
1312,6.877,0.66,7.83208
1313,6.877,0.66,7.83208
1314,6.877,0.66,7.83208
1315,6.876999999999996,0.6599999999999985,7.83208000000001
1316,6.877,0.66,7.83208
1317,6.877,0.66,7.83208
1318,6.876999999999999,0.66,7.832080000000002
1319,6.877,0.66,7.83208
1320,6.877,0.66,7.83208
1321,6.877000000000001,0.66,7.8320799999999995
1322,6.877,0.66,7.83208
1323,6.877,0.66,7.832080000000002
1324,6.877,0.66,7.83208
1325,6.877,0.66,7.83208
1326,6.877,0.66,7.83208
1327,6.877,0.66,7.83208
1328,6.877,0.66,7.83208
1329,6.877,0.66,7.83208
1330,6.877,0.66,7.83208
1331,6.876999999999997,0.6599999999999985,7.83208000000001
1332,6.877,0.66,7.83208
1333,6.876999999999999,0.66,7.832080000000002
1334,6.877,0.66,7.83208
1335,6.877,0.66,7.83208
1336,6.877,0.66,7.83208
1337,6.877,0.66,7.83208
1338,6.877,0.66,7.83208
1339,6.877,0.66,7.83208
1340,6.877,0.66,7.83208
1341,6.877,0.66,7.83208
1342,6.877,0.66,7.83208
1343,6.877000000000001,0.66,7.83208
1344,6.877,0.66,7.83208
1345,6.877,0.66,7.83208
1346,6.877,0.66,7.83208
1347,6.877,0.66,7.83208
1348,6.877000000000005,0.6599999999999997,7.832080000000006
1349,6.877,0.66,7.83208
1350,6.877000000000001,0.66,7.8320799999999995
1351,6.877,0.66,7.83208
1352,6.876999999999999,0.66,7.832080000000002
1353,6.877,0.66,7.83208
1354,6.877,0.66,7.83208
1355,6.877,0.66,7.83208
1356,6.877,0.66,7.83208
1357,6.877,0.66,7.83208
1358,6.877,0.66,7.83208
1359,6.877,0.66,7.83208
1360,6.877000000000004,0.66,7.832080000000001
1361,6.877,0.66,7.83208
1362,6.877,0.66,7.832080000000002
1363,6.877,0.66,7.83208
1364,6.877,0.66,7.83208
1365,6.8770000000000024,0.66,7.832079999999998
1366,6.877,0.66,7.83208
1367,6.877,0.66,7.83208
1368,6.877,0.66,7.83208
1369,6.877,0.66,7.83208
1370,6.877,0.66,7.83208
1371,6.877,0.66,7.83208
1372,6.877,0.66,7.83208
1373,6.877000000000001,0.66,7.8320799999999995
1374,6.877,0.66,7.83208
1375,6.877,0.66,7.83208
1376,6.877,0.66,7.83208
1377,6.877,0.66,7.83208
1378,6.877,0.66,7.83208
1379,6.877,0.66,7.83208
1380,6.877,0.66,7.83208
1381,6.877,0.66,7.83208
1382,6.877,0.66,7.83208
1383,6.877,0.66,7.83208
1384,6.877000000000001,0.66,7.83208
1385,6.877,0.66,7.83208
1386,6.877,0.66,7.83208
1387,6.877,0.66,7.83208
1388,6.877,0.66,7.83208
1389,6.877,0.66,7.83208
1390,6.877,0.66,7.83208
1391,6.877,0.66,7.83208
1392,6.877,0.66,7.83208
1393,6.877,0.66,7.832080000000001
1394,6.877,0.66,7.83208
1395,6.877,0.66,7.83208
1396,6.877,0.66,7.83208
1397,6.877,0.66,7.83208
1398,6.877,0.66,7.83208
1399,6.877,0.66,7.83208
1400,6.877,0.66,7.83208
1401,6.877,0.66,7.83208
1402,6.877,0.66,7.83208
1403,6.877,0.66,7.83208
1404,6.877,0.66,7.83208
1405,6.829750000000001,0.66,7.78483
1406,6.796,0.66,7.75108
1407,6.796,0.66,7.75108
1408,6.796,0.66,7.75108
1409,6.796,0.66,7.75108
1410,6.796,0.66,7.751079999999999
1411,6.796,0.66,7.75108
1412,6.796,0.66,7.75108
1413,6.796,0.66,7.75108
1414,6.796,0.66,7.75108
1415,6.796000000000002,0.66,7.751080000000001
1416,6.796,0.66,7.75108
1417,6.796,0.66,7.75108
1418,6.796,0.66,7.75108
1419,6.796,0.66,7.75108
1420,6.796,0.66,7.75108
1421,6.796,0.66,7.75108
1422,6.796,0.66,7.75108
1423,6.796000000000003,0.66,7.751080000000001
1424,6.796,0.66,7.75108
1425,6.796,0.66,7.75108
1426,6.796000000000001,0.66,7.751080000000001
1427,6.796,0.66,7.75108
1428,6.795999999999998,0.66,7.751080000000001
1429,6.796,0.66,7.75108
1430,6.796000000000001,0.66,7.75108
1431,6.795999999999996,0.659999999999999,7.75108
1432,6.796,0.66,7.75108
1433,6.796,0.66,7.751079999999999
1434,6.796,0.66,7.75108
1435,6.796000000000003,0.66,7.751080000000001
1436,6.796,0.66,7.75108
1437,6.796,0.66,7.75108
1438,6.796,0.66,7.75108
1439,6.796,0.66,7.75108
1440,6.796,0.66,7.75108
1441,6.796,0.66,7.75108
1442,6.796,0.66,7.75108
1443,6.796000000000002,0.66,7.751080000000001
1444,6.796,0.66,7.75108
1445,6.796000000000001,0.66,7.751080000000001
1446,6.796,0.66,7.75108
1447,6.796,0.66,7.75108
1448,6.796,0.66,7.75108
1449,6.796,0.66,7.75108
1450,6.796,0.66,7.75108
1451,6.795999999999998,0.66,7.75108
1452,6.796,0.66,7.75108
1453,6.796,0.66,7.75108
1454,6.796,0.66,7.75108
1455,6.796,0.66,7.75108
1456,6.796,0.66,7.75108
1457,6.796,0.66,7.75108
1458,6.796,0.66,7.75108
1459,6.796000000000003,0.66,7.751080000000001
1460,6.796,0.66,7.75108
1461,6.796,0.66,7.751079999999999
1462,6.796,0.66,7.75108
1463,6.796,0.66,7.75108
1464,6.796,0.66,7.75108
1465,6.796000000000003,0.66,7.751080000000001
1466,6.796,0.66,7.75108
1467,6.796,0.66,7.75108
1468,6.796,0.66,7.75108
1469,6.796,0.66,7.75108
1470,6.796,0.66,7.75108
1471,6.796,0.66,7.75108
1472,6.796,0.66,7.75108
1473,6.796000000000002,0.66,7.751080000000001
1474,6.796,0.66,7.75108
1475,6.796,0.66,7.75108
1476,6.796,0.66,7.75108
1477,6.796,0.66,7.75108
1478,6.796,0.66,7.75108
1479,6.796,0.66,7.75108
1480,6.796,0.66,7.75108
1481,6.796000000000002,0.66,7.751080000000001
1482,6.796,0.66,7.75108
1483,6.796,0.66,7.75108
1484,6.796,0.66,7.75108
1485,6.795999999999997,0.66,7.751080000000001
1486,6.796,0.66,7.75108
1487,6.796,0.66,7.75108
1488,6.796,0.66,7.75108
1489,6.796,0.66,7.75108
1490,6.796,0.66,7.75108
1491,6.796,0.66,7.75108
1492,6.796000000000002,0.66,7.751080000000001
1493,6.796,0.66,7.75108
1494,6.796,0.66,7.75108
1495,6.796,0.66,7.75108
1496,6.796,0.66,7.75108
1497,6.796,0.66,7.75108
1498,6.796,0.66,7.75108
1499,6.795999999999998,0.66,7.751080000000001
1500,6.796,0.66,7.751079999999999
1501,6.796,0.66,7.75108
1502,6.796,0.66,7.75108
1503,6.796000000000003,0.66,7.751080000000001
1504,6.796,0.66,7.75108
1505,6.796,0.66,7.75108
1506,6.796,0.66,7.75108
1507,6.796,0.66,7.751079999999999
1508,6.796,0.66,7.75108
1509,6.796,0.66,7.75108
1510,6.796,0.66,7.75108
1511,6.7959999999999985,0.66,7.75108
1512,6.796,0.66,7.75108
1513,6.796,0.66,7.75108
1514,6.796,0.66,7.75108
1515,6.796,0.66,7.75108
1516,6.796,0.66,7.75108
1517,6.795999999999998,0.66,7.75108
1518,6.796,0.66,7.75108
1519,6.796,0.66,7.75108
1520,6.796,0.66,7.75108
1521,6.796,0.66,7.751079999999999
1522,6.796,0.66,7.75108
1523,6.862020202020191,0.6599999999999984,7.817100202020217
1524,6.948,0.66,7.90308
1525,6.947999999999989,0.6599999999999981,7.903080000000013
1526,6.948,0.66,7.90308
1527,6.948,0.66,7.90308
1528,6.948,0.66,7.90308
1529,6.948000000000003,0.66,7.90308
1530,6.948,0.66,7.90308
1531,6.948,0.66,7.90308
1532,6.948,0.66,7.90308
1533,6.948,0.66,7.90308
1534,6.948,0.66,7.90308
1535,6.948000000000002,0.66,7.903080000000002
1536,6.948,0.66,7.90308
1537,6.948000000000002,0.66,7.903080000000002
1538,6.948,0.66,7.90308
1539,6.948,0.66,7.90308
1540,6.948000000000001,0.66,7.903080000000002
1541,6.948,0.66,7.90308
1542,6.948000000000003,0.66,7.90308
1543,6.948,0.66,7.90308
1544,6.948000000000002,0.66,7.903080000000002
1545,6.948,0.66,7.90308
1546,6.948000000000002,0.66,7.903079999999994
1547,6.948,0.66,7.90308
1548,6.948,0.66,7.90308
1549,6.948,0.66,7.90308
1550,6.948,0.66,7.90308
1551,6.948,0.66,7.90308
1552,6.948,0.66,7.90308
1553,6.948,0.66,7.90308
1554,6.948000000000002,0.66,7.903080000000002
1555,6.948,0.66,7.90308
1556,6.948,0.66,7.90308
1557,6.9479999999999995,0.66,7.903079999999993
1558,6.948,0.66,7.90308
1559,6.948,0.66,7.90308
1560,6.948000000000003,0.66,7.90308
1561,6.948,0.66,7.90308
1562,6.948,0.66,7.903079999999994
1563,6.948,0.66,7.90308
1564,6.948000000000004,0.66,7.903079999999998
1565,6.948,0.66,7.90308
1566,6.948,0.66,7.90308
1567,6.948,0.66,7.90308
1568,6.948,0.66,7.90308
1569,6.948,0.66,7.90308
1570,6.948000000000002,0.66,7.903080000000002
1571,6.948,0.66,7.90308
1572,6.948,0.66,7.90308
1573,6.948,0.66,7.90308
1574,6.948,0.66,7.90308
1575,6.948,0.66,7.90308
1576,6.948,0.66,7.90308
1577,6.948000000000002,0.66,7.903080000000002
1578,6.948,0.66,7.90308
1579,6.948,0.66,7.90308
1580,6.948,0.66,7.90308
1581,6.948,0.66,7.90308
1582,6.948000000000002,0.66,7.903080000000002
1583,6.948,0.66,7.90308
1584,6.948,0.66,7.90308
1585,6.948,0.66,7.90308
1586,6.947999999999991,0.6599999999999985,7.903080000000007
1587,6.948,0.66,7.90308
1588,6.948,0.66,7.90308
1589,6.948,0.66,7.90308
1590,6.947999999999995,0.6599999999999994,7.903079999999992
1591,6.948,0.66,7.90308
1592,6.948,0.66,7.90308
1593,6.948,0.66,7.90308
1594,6.948,0.66,7.903080000000001
1595,7.520000000000002,0.66,8.475079999999997
1596,7.52,0.66,8.47508
1597,7.52,0.66,8.47508
1598,7.52,0.66,8.47508
1599,7.52,0.66,8.47508
1600,7.52,0.66,8.47508
1601,7.52,0.66,8.47508
1602,7.52,0.66,8.47508
1603,7.519999999999999,0.66,8.47508
1604,7.519999999999998,0.66,8.47508
1605,7.520000000000002,0.66,8.475079999999997
1606,7.52,0.66,8.47508
1607,7.52,0.66,8.47508
1608,7.52,0.66,8.47508
1609,7.52,0.66,8.47508
1610,7.52,0.66,8.47508
1611,7.519999999999997,0.66,8.475080000000002
1612,7.52,0.66,8.47508
1613,7.52,0.66,8.47508
1614,7.52,0.66,8.47508
1615,7.52,0.66,8.47508
1616,7.52,0.66,8.47508
1617,7.519999999999997,0.66,8.475080000000002
1618,7.52,0.66,8.47508
1619,7.52,0.66,8.47508
1620,7.52,0.66,8.47508
1621,7.52,0.66,8.47508
1622,7.52,0.66,8.47508
1623,7.519999999999998,0.66,8.47508
1624,7.519999999999999,0.66,8.47508
1625,7.52,0.66,8.47508
1626,7.52,0.66,8.47508
1627,7.52,0.66,8.47508
1628,7.52,0.66,8.47508
1629,7.52,0.66,8.47508
1630,7.52,0.66,8.47508
1631,7.52,0.66,8.47508
1632,7.52,0.66,8.47508
1633,7.52,0.66,8.47508
1634,7.52,0.66,8.47508
1635,7.52,0.66,8.47508
1636,7.52,0.66,8.47508
1637,7.519999999999999,0.66,8.47508
1638,7.519999999999999,0.66,8.47508
1639,7.520000000000002,0.66,8.475079999999998
1640,7.519999999999999,0.66,8.47508
1641,7.519999999999999,0.66,8.47508
1642,7.519999999999997,0.66,8.475080000000002
1643,7.52,0.66,8.47508
1644,7.52,0.66,8.47508
1645,7.52,0.66,8.47508
1646,7.52,0.66,8.47508
1647,7.52,0.66,8.47508
1648,7.52,0.66,8.47508
1649,7.519999999999999,0.66,8.47508
1650,7.519999999999998,0.66,8.47508
1651,7.52,0.66,8.47508
1652,7.52,0.66,8.47508
1653,7.52,0.66,8.47508
1654,7.52,0.66,8.47508
1655,7.52,0.66,8.47508
1656,7.52,0.66,8.47508
1657,7.52,0.66,8.47508
1658,7.519999999999997,0.66,8.475080000000002
1659,7.52,0.66,8.47508
1660,7.52,0.66,8.47508
1661,7.52,0.66,8.47508
1662,7.52,0.66,8.47508
1663,7.52,0.66,8.47508
1664,7.519999999999998,0.66,8.47508
1665,7.519999999999998,0.66,8.47508
1666,7.52,0.66,8.47508
1667,7.52,0.66,8.47508
1668,7.52,0.66,8.47508
1669,7.52,0.66,8.47508
1670,7.52,0.66,8.47508
1671,7.519999999999999,0.66,8.47508
1672,7.52,0.66,8.47508
1673,7.52,0.66,8.47508
1674,7.519999999999998,0.66,8.47508
1675,7.52,0.66,8.47508
1676,7.52,0.66,8.47508
1677,7.519999999999998,0.66,8.47508
1678,7.52,0.66,8.47508
1679,7.52,0.66,8.47508
1680,7.52,0.66,8.47508
1681,7.519999999999999,0.66,8.47508
1682,7.52,0.66,8.47508
1683,7.52,0.66,8.47508
1684,7.519999999999999,0.66,8.47508
1685,7.519999999999998,0.66,8.47508
1686,7.52,0.66,8.47508
1687,7.519999999999999,0.66,8.47508
1688,7.52,0.66,8.47508
1689,7.519999999999997,0.66,8.475080000000002
1690,7.519999999999999,0.66,8.47508
1691,7.519999999999998,0.66,8.47508
1692,7.52,0.66,8.47508
1693,7.52,0.66,8.47508
1694,7.519999999999999,0.66,8.47508
1695,7.52,0.66,8.47508
1696,7.52,0.66,8.47508
1697,7.52,0.66,8.47508
1698,7.52,0.66,8.47508
1699,7.52,0.66,8.47508
1700,7.52,0.66,8.47508
1701,7.52,0.66,8.47508
1702,7.519999999999997,0.66,8.475080000000002
1703,7.52,0.66,8.47508
1704,7.52,0.66,8.47508
1705,7.52,0.66,8.47508
1706,7.52,0.66,8.47508
1707,7.52,0.66,8.47508
1708,7.519999999999997,0.66,8.475080000000002
1709,7.52,0.66,8.47508
1710,7.519999999999997,0.66,8.475080000000002
1711,7.52,0.66,8.47508
1712,7.519999999999998,0.66,8.475080000000002
1713,7.52,0.66,8.47508
1714,7.519999999999998,0.66,8.475079999999995
1715,7.52,0.66,8.47508
1716,7.52,0.66,8.47508
1717,7.52,0.66,8.47508
1718,7.52,0.66,8.47508
1719,7.52,0.66,8.47508
1720,7.52,0.66,8.47508
1721,7.519999999999997,0.66,8.475080000000002
1722,7.52,0.66,8.47508
1723,7.52,0.66,8.47508
1724,7.52,0.66,8.47508
1725,7.52,0.66,8.47508
1726,7.52,0.66,8.47508
1727,7.519999999999997,0.66,8.475080000000002
1728,7.52,0.66,8.47508
1729,7.52,0.66,8.47508
1730,7.52,0.66,8.47508
1731,7.52,0.66,8.47508
1732,7.52,0.66,8.47508
1733,7.52,0.66,8.47508
1734,7.5200000000000005,0.66,8.475079999999995
1735,7.52,0.66,8.47508
1736,7.52,0.66,8.47508
1737,7.52,0.66,8.47508
1738,7.52,0.66,8.47508
1739,7.52,0.66,8.47508
1740,7.52,0.66,8.47508
1741,7.519999999999999,0.66,8.47508
1742,7.5200000000000005,0.66,8.475079999999995
1743,7.52,0.66,8.47508
1744,7.519999999999999,0.66,8.47508
1745,7.52,0.66,8.47508
1746,7.52,0.66,8.47508
1747,7.52,0.66,8.47508
1748,7.52,0.66,8.47508
1749,7.52,0.66,8.47508
1750,7.52,0.66,8.47508
1751,7.52,0.66,8.47508
1752,7.52,0.66,8.47508
1753,7.52,0.66,8.47508
1754,7.52,0.66,8.47508
1755,7.52,0.66,8.47508
1756,7.52,0.66,8.47508
1757,7.519999999999998,0.66,8.47508
1758,8.236000000000002,0.66,9.19108
1759,8.236,0.66,9.19108
1760,8.236,0.66,9.19108
1761,8.236,0.66,9.19108
1762,8.236,0.66,9.19108
1763,8.235999999999997,0.66,9.19108
1764,8.236,0.66,9.19108
1765,8.236,0.66,9.19108
1766,8.236,0.66,9.19108
1767,8.235999999999997,0.66,9.19108
1768,8.236,0.66,9.19108
1769,8.236,0.66,9.19108
1770,8.235999999999995,0.66,9.19108
1771,8.236,0.66,9.19108
1772,8.236,0.66,9.19108
1773,8.235999999999999,0.66,9.19108
1774,8.236,0.66,9.19108
1775,8.236,0.66,9.19108
1776,8.236,0.66,9.19108
1777,8.236000000000002,0.66,9.19108
1778,8.236,0.66,9.19108
1779,8.235999999999999,0.66,9.19108
1780,8.236,0.66,9.19108
1781,8.236,0.66,9.19108
1782,8.236000000000002,0.66,9.19108
1783,8.236,0.66,9.19108
1784,8.236000000000002,0.66,9.19108
1785,8.236,0.66,9.19108
1786,8.236,0.66,9.19108
1787,8.236,0.66,9.19108
1788,8.236000000000002,0.66,9.19108
1789,8.236,0.66,9.19108
1790,8.236,0.66,9.19108
1791,8.235999999999997,0.66,9.19108
1792,8.236,0.66,9.19108
1793,8.236,0.66,9.19108
1794,8.236,0.66,9.19108
1795,8.236,0.66,9.19108
1796,8.236,0.66,9.19108
1797,8.235999999999994,0.6599999999999997,9.19108
1798,8.236,0.66,9.19108
1799,8.236000000000002,0.66,9.19108
1800,8.236,0.66,9.19108
1801,8.236,0.66,9.19108
1802,8.236,0.66,9.19108
1803,8.236,0.66,9.19108
1804,8.236,0.66,9.19108
1805,8.236,0.66,9.19108
1806,8.236,0.66,9.19108
1807,8.236,0.66,9.19108
1808,8.236,0.66,9.19108
1809,8.236000000000002,0.66,9.19108
1810,8.236,0.66,9.19108
1811,8.236,0.66,9.19108
1812,8.235999999999995,0.66,9.19108
1813,8.236,0.66,9.19108
1814,8.235999999999994,0.6599999999999987,9.191080000000017
1815,8.236,0.66,9.19108
1816,8.236,0.66,9.19108
1817,8.236,0.66,9.19108
1818,8.235999999999994,0.6599999999999997,9.19108
1819,8.236,0.66,9.19108
1820,8.236,0.66,9.19108
1821,8.236,0.66,9.19108
1822,8.236,0.66,9.19108
1823,8.236,0.66,9.19108
1824,8.236,0.66,9.19108
1825,8.236,0.66,9.19108
1826,8.236,0.66,9.19108
1827,8.235999999999997,0.66,9.19108
1828,8.236,0.66,9.19108
1829,8.235999999999999,0.66,9.19108
1830,8.236,0.66,9.19108
1831,8.236,0.66,9.19108
1832,8.236,0.66,9.19108
1833,8.236,0.66,9.19108
1834,8.236,0.66,9.19108
1835,8.236,0.66,9.19108
1836,8.236,0.66,9.19108
1837,8.236,0.66,9.19108
1838,8.236,0.66,9.19108
1839,8.236000000000002,0.66,9.19108
1840,8.236,0.66,9.19108
1841,8.235999999999999,0.66,9.19108
